"","cy","cy2","country_name","year","v2jupoatck_lag2","v2jupoatck_lag1","v2jupoatck","v2juhccomp_lag2","v2juhccomp_lag1","v2juhccomp","v2jupurge_lag2","v2jupurge_lag1","v2jupurge","v2jupack_lag2","v2jupack_lag1","v2jupack","v2x_jucon_lag2","v2x_jucon_lag1","v2x_jucon","v2juhcind_lag2","v2juhcind_lag1","v2juhcind","v2xlg_legcon","v2x_divparctrl","v2x_polyarchy","v2x_regime","e_gdppc","e_regiongeo","e_regionpol","log_e_gdppc","region","POLCONIII_VDEM","polconiii","LJI","LJI_lag1","LJI_lag2","LJI_lag3","LJI_lead1","LJI_lead2","LJI_vdem","LJI_vdem_lag1","LJI_vdem_lag2","LJI_vdem_lag3","LJI_vdem_lead1","LJI_vdem_lead2","boix_democracy","boix_democracy_text","boix_democracy_omitteddata","boix_democracy_trans","boix_democracy_breakdowns","boix_democracy_duration","boix_democracy_duration_log","system","checks","frac","govfrac","numvote","gov1me","gov1vote","gov2me","gov2vote","gov3me","gov3vote","oppfrac","oppvote","opp1me","opp1vote","opp2me","opp2vote","opp3me","opp3vote","execme","percentl","execnat","allhouse","api_gov","popul_gov","conserv_gov","extremism_gov","seatshare_gov","seatshare_total","api_exec_party","popul_exec_party","conserv_exec_party","api_opp","popul_opp","conserv_opp","seatshare_opp","edi_high","regime_type","api_exec_gov","popul_exec_gov","conserv_exec_gov","api_model","popul_model","conserv_model"
"212","MEX 2000","Mexico 2000","Mexico",2000,1.904,1.904,1.904,1.37,1.37,1.37,1.108,1.108,1.108,1.495,1.495,1.495,0.731,0.731,0.731,0.98,0.98,0.98,0.76,-1.578,0.664,2,29.475,17,2,3.38354244642343,"Latin Am.",0.48,0.363912656,0.4406,0.4446,0.449,0.4517,0.4374,0.4326,0.4709,0.4744,0.4777,0.48,0.4672,0.4625,1,"democracy",1,1,0,1,0,"Presidential",5,0.64144552,0.12604533,36.880001,"PAN",36.880001,"PVEM",NA,NA,0,0.39578646,59.119999,"PRI",36.549999,"PRD",18.59,"PT",NA,"PAN",NA,0,0,0.053172,0.071318,-0.377336,0.951188,42.2,96.8,0.126,0.169,2.254,0.209898,0.178438,0.114218,54.6,"high edi","Electoral democracy",0.089586,0.120159,0.938332,0.089586,0.120159,0.938332
"215","MEX 2003","Mexico 2003","Mexico",2003,1.904,1.904,1.904,1.37,1.37,1.37,1.108,1.108,1.108,1.495,1.495,1.495,0.731,0.731,0.731,0.98,0.98,0.98,0.721,-1.578,0.699,2,29.941,17,2,3.39922877856731,"Latin Am.",0.41,0.405744876,0.4517,0.4528,0.453,0.4533,0.449,0.4446,0.48,0.4818,0.483,0.4838,0.4777,0.4744,1,"democracy",1,0,0,4,1.38629436111989,"Presidential",5,0.66949898,0.18106508,36.010002,"PAN",31.860001,"PVEM",4.1500001,NA,0,0.45719811,43.91,"PRI",23.209999,"PRD",18.219999,"PT",2.48,"PAN",NA,0,0,0.059602,0.051476,-0.305028,0.737358,34,97.8,0.152,0.154,2.254,0.23764,0.227596,-0.00264199999999992,63.8,"high edi","Electoral democracy",0.105801,0.102738,0.974486,0.105801,0.102738,0.974486
"218","MEX 2006","Mexico 2006","Mexico",2006,1.441,1.441,1.798,1.37,1.37,1.37,1.108,1.108,1.108,1.495,1.495,1.495,0.714,0.714,0.731,0.98,0.98,0.98,0.721,-1.568,0.671,2,31.873,17,2,3.461759256412,"Latin Am.",0.43,0.28574167,0.4533,0.4504,0.4468,0.445,0.453,0.4528,0.4838,0.4834,0.4829,0.4832,0.483,0.4818,1,"democracy",1,0,0,7,1.94591014905531,"Presidential",5,0.72146189,0,0,"PAN",NA,NA,0,NA,0,0.68348485,0,"PRD",NA,"PRI",NA,"PVEM",NA,"PAN",NA,0,0,0.11536,0.044908,-0.18504,0.828944,41.2,97.4,0.28,0.109,2.012,0.21163,0.253318,-0.217854,49.8,"high edi","Electoral democracy",0.19768,0.076954,0.91348,0.19768,0.076954,0.91348
"221","MEX 2009","Mexico 2009","Mexico",2009,0.59,0.59,0.981,1.211,1.211,1.37,1.108,1.108,1.108,1.495,1.495,1.495,0.739,0.739,0.714,1.209,1.209,0.98,0.721,-1.568,0.648,2,31.734,17,2,3.4573886613119,"Latin Am.",0.56,0.557563741,0.445,0.445,0.4467,0.4488,0.4468,0.4504,0.4832,0.4845,0.4863,0.4884,0.4829,0.4834,1,"democracy",1,0,0,10,2.30258509299405,"Presidential",5,0.67399585,0,0,"PAN",NA,NA,0,NA,0,0.52017951,0,"PRI",NA,"PRD",NA,"PVEM",NA,"PAN",NA,0,0,0.04576,0.031174,0.774181,0.535392,28.6,94.4,0.16,0.109,1.872,0.268346,0.199148,0.108914,65.8,"high edi","Electoral democracy",0.10288,0.070087,1.3230905,0.10288,0.070087,1.3230905
"224","MEX 2012","Mexico 2012","Mexico",2012,1.622,1.935,0.59,1.211,1.211,1.211,0.678,0.678,1.108,1.687,1.687,1.495,0.712,0.712,0.719,0.966,0.966,0.859,0.72,-1.478,0.649,2,33.482,17,2,3.51100798099359,"Latin Am.",0.54,0.400423861,0.4488,0.4502,0.4507,0.4503,0.4467,0.445,0.4884,0.49,0.491,0.4912,0.4863,0.4845,1,"democracy",1,0,0,13,2.56494935746154,"Presidential",5,0.70296699,0.21258645,0,"PRI",NA,"PVEM",NA,NA,0,0.59368092,0,"PAN",NA,"PRD",NA,"PT",NA,"PRI",NA,0,0,0.228978,0.042122,0.580282,0.512042,48.2,91.8,0.483,0.091,1.016,0.098696,0.201896,0.156116,43.6,"high edi","Electoral democracy",0.355989,0.066561,0.798141,0.355989,0.066561,0.798141
"549","SWE 1976","Sweden 1976","Sweden",1976,2.181,2.181,2.181,2.385,2.385,2.385,1.858,1.858,1.858,1.938,1.938,1.938,0.973,0.973,0.973,2.893,2.893,2.893,0.971,-0.42,0.908,3,55.919,2,5,4.0239042150761,"W. Europe, N. Am.",0.47,0.469096997,0.8585,0.8642,0.8702,0.8763,0.8536,0.8488,0.9224,0.9252,0.928,0.9309,0.9193,0.9164,1,"democracy",1,0,0,66,4.18965474202643,"Parliamentary",4,0.71193558,0.63494724,50.800003,"CP",24.1,"Moderate",15.6,"FP",11.1,0.18202311,47.400002,"Social Dem",42.700001,"Communist",4.6999998,NA,0,"CP",NA,0,0,0.015638,0.05641,0.535344,0.57213,51.6,95.2,0.03,0.115,0.495,0.01308,0.170476,-0.727684,43.6,"high edi","Liberal democracy",0.022819,0.085705,0.515172,0.015638,0.05641,0.535344
"552","SWE 1979","Sweden 1979","Sweden",1979,2.181,2.181,2.181,2.385,2.385,2.385,1.858,1.858,1.858,1.938,1.938,1.938,0.973,0.973,0.973,2.893,2.893,2.893,0.971,-0.404,0.909,3,57.861,2,5,4.05804358249577,"W. Europe, N. Am.",0.47,0.474647451,0.8763,0.8831,0.8904,0.8981,0.8702,0.8642,0.9309,0.9338,0.9369,0.9399,0.928,0.9252,1,"democracy",1,0,0,69,4.23410650459726,"Parliamentary",4,0.71481735,0.64880133,49,"Moderate",20.299999,"CP",18.1,"FP",10.6,0.20463757,48.799999,"Social Dem",43.200001,"Communist",5.5999999,NA,0,"CP",NA,0,0,0.015239,0.054009,-0.660726,0.655032,50.1,99.9,0.03,0.116,0.495,0.015054,0.206289,-0.927435,49.8,"high edi","Liberal democracy",0.0226195,0.0850045,-0.082863,0.015239,0.054009,-0.660726
"555","SWE 1982","Sweden 1982","Sweden",1982,2.181,2.181,2.181,2.385,2.385,2.385,1.858,1.858,1.858,1.938,1.938,1.938,0.973,0.973,0.973,2.893,2.893,2.893,0.971,0.193,0.91,3,60.132,2,5,4.09654214576559,"W. Europe, N. Am.",0.48,0.476568745,0.8981,0.9069,0.9152,0.9246,0.8904,0.8831,0.9399,0.9433,0.9467,0.9505,0.9369,0.9338,1,"democracy",1,0,0,72,4.27666611901606,"Parliamentary",3,0.69131273,0,45.599998,"Social Dem",45.599998,NA,0,NA,0,0.66402453,50.400002,"Moderate",23.6,"CP",15.4,"FP",5.9000001,"Social Dem",NA,0,0,0.01428,0.186116,-0.293838,0.794444,47.6,99.9,0.03,0.391,-1.669,0.01605,0.083498,0.497598,52.3,"high edi","Liberal democracy",0.02214,0.288558,-0.981419,0.01428,0.186116,-0.293838
"558","SWE 1985","Sweden 1985","Sweden",1985,2.181,2.181,2.181,2.385,2.385,2.385,1.858,1.858,1.858,1.938,1.938,1.938,0.973,0.973,0.973,2.893,2.893,2.893,0.971,0.617,0.909,3,64.85,2,5,4.17207691076245,"W. Europe, N. Am.",0.45,0.454918506,0.9246,0.9337,0.9416,0.95,0.9152,0.9069,0.9505,0.9548,0.9588,0.9622,0.9467,0.9433,1,"democracy",1,0,0,75,4.31748811353631,"Parliamentary",3,0.70753878,0.191773,50.07,"Social Dem",44.720001,"Communist",5.3499999,NA,0,0.65407634,49.43,"Moderate",21.309999,"FP",14.22,"CP",12.4,"Social Dem",NA,0,0,0.015408,0.210372,-0.11605,0.942396,51,99.7,0.03,0.391,-1.669,0.014828,0.05169,0.675451,48.7,"high edi","Liberal democracy",0.022704,0.300686,-0.892525,0.015408,0.210372,-0.11605
"561","SWE 1988","Sweden 1988","Sweden",1988,2.181,2.181,2.181,2.385,2.385,2.385,1.858,1.858,1.858,1.938,1.938,1.938,0.973,0.973,0.973,2.893,2.893,2.893,0.971,0.617,0.908,3,69.754,2,5,4.24497476672741,"W. Europe, N. Am.",0.47,0.471244016,0.95,0.9567,0.9602,0.9633,0.9416,0.9337,0.9622,0.965,0.9671,0.9688,0.9588,0.9548,1,"democracy",1,0,0,78,4.35670882668959,"Parliamentary",3,0.7292428,0.21032357,49,"Social Dem",43.200001,"Communist",5.8000002,NA,0,0.71834624,47.299999,"Moderate",18.299999,"FP",12.2,"CP",11.3,"Social Dem",NA,0,0,0.01533,0.210417,-0.340288,0.829962,50.7,99.9,0.03,0.391,-1.406,0.013239,0.04668,0.59175,43.5,"high edi","Liberal democracy",0.022665,0.3007085,-0.873144,0.01533,0.210417,-0.340288
"564","SWE 1991","Sweden 1991","Sweden",1991,2.181,2.181,2.181,2.385,2.385,2.385,1.858,1.858,1.858,1.938,1.938,1.938,0.973,0.973,0.973,2.893,2.893,2.893,0.971,-0.381,0.912,3,70.899,2,5,4.26125632906626,"W. Europe, N. Am.",0.49,0.486186194,0.9633,0.9667,0.9693,0.9709,0.9602,0.9567,0.9688,0.9706,0.972,0.9736,0.9671,0.965,1,"democracy",1,0,0,81,4.39444915467244,"Parliamentary",6,0.76367623,0.68827009,46.599998,"Moderate",21.9,"FP",9.1000004,"CP",8.5,0.38026488,48.900002,"Social Dem",37.700001,"New Democracy",6.6999998,"Left",4.5,"Moderate",NA,0,0,0.012619,0.043674,0.176256,0.718337,41.3,95.4,0.031,0.1,2.613,0.01875,0.232879,-0.102648,54.1,"high edi","Liberal democracy",0.0218095,0.071837,1.394628,0.012619,0.043674,0.176256
"567","SWE 1994","Sweden 1994","Sweden",1994,2.181,2.181,2.181,2.385,2.385,2.385,1.858,1.858,1.858,1.938,1.938,1.938,0.973,0.973,0.973,2.893,2.893,2.893,0.971,0.174,0.912,3,70.978,2,5,4.26236996987012,"W. Europe, N. Am.",0.51,0.509142912,0.9709,0.9725,0.973,0.9735,0.9693,0.9667,0.9736,0.9752,0.9764,0.9779,0.972,0.9706,1,"democracy",1,0,0,84,4.43081679884331,"Parliamentary",3,0.71688133,0,45.25,"Social Dem",45.25,NA,0,NA,0,0.75465542,52.470001,"Moderate",22.379999,"CP",7.6500001,"FP",7.1900001,"Social Dem",NA,0,0,0.01383,0.159967,0.132388,0.46561,46.1,95.6,0.03,0.347,-1.01,0.015016,0.095687,0.592852,49.5,"high edi","Liberal democracy",0.021915,0.2534835,-0.438806,0.01383,0.159967,0.132388
"571","SWE 1998","Sweden 1998","Sweden",1998,2.181,2.181,2.181,2.385,2.385,2.385,1.858,1.858,1.858,1.938,1.938,1.938,0.973,0.973,0.973,2.893,2.893,2.893,0.971,0.078,0.912,3,79.442,2,5,4.37502719565364,"W. Europe, N. Am.",0.48,0.476195465,0.9724,0.9728,0.9744,0.9751,0.9735,0.973,0.9796,0.9815,0.9837,0.9849,0.9779,0.9764,1,"democracy",1,0,0,88,4.47733681447821,"Parliamentary",4,0.76930803,0.46878308,52.900002,"Social Dem",36.400002,"Left",12,"Green",4.5,0.64405698,44.5,"Moderate",22.9,"Christian Democratic",11.8,"CP",5.0999999,"Social Dem",NA,0,0,0.016197,0.217646,-0.022248,0.622544,54.4,95.1,0.03,0.347,-0.996,0.012565,0.044052,0.818536,40.7,"high edi","Liberal democracy",0.0230985,0.282323,-0.509124,0.016197,0.217646,-0.022248
"575","SWE 2002","Sweden 2002","Sweden",2002,2.181,2.181,2.181,2.385,2.385,2.385,1.858,1.858,1.858,1.938,1.938,1.938,0.973,0.973,0.973,2.893,2.893,2.893,0.971,0.078,0.91,3,88.98,2,5,4.4884116253779,"W. Europe, N. Am.",0.51,0.51289767,0.9762,0.9751,0.9734,0.9722,0.9751,0.9744,0.9858,0.9862,0.9864,0.9866,0.9849,0.9837,1,"democracy",1,0,0,92,4.52178857704904,"Parliamentary",4,0.76552051,0.40110224,52.889999,"Social Dem",39.849998,"Left",8.3900003,"Green",4.6500001,0.72813028,43.990002,"Moderate",15.26,"Liberal",13.39,"Kd",9.1499996,"Social Dem",NA,0,0,0.016354,0.209842,0.014649,0.591723,54.8,100.2,0.03,0.347,-0.996,0.007843,0.03138,0.553775,25.3,"high edi","Liberal democracy",0.023177,0.278421,-0.4906755,0.016354,0.209842,0.014649
"579","SWE 2006","Sweden 2006","Sweden",2006,2.181,2.181,2.181,2.385,2.385,2.385,2.336,2.336,2.336,1.938,1.938,1.938,0.973,0.973,0.973,2.893,2.893,2.893,0.969,0.076,0.911,3,98.394,2,5,4.58897982658936,"W. Europe, N. Am.",0.51,0.507474131,0.9707,0.9685,0.9671,0.9652,0.9722,0.9734,0.9866,0.9868,0.9865,0.9861,0.9866,0.9864,1,"democracy",1,0,0,96,4.56434819146784,"Parliamentary",5,0.76117313,0.63714844,48.239998,"Moderate",26.23,"CP",7.8800001,"FP",7.54,0.39545923,46.080002,"Social Dem",34.990002,"Left",5.8499999,"Green",5.2399998,"Moderate",NA,0,0,0.011108,0.040486,-0.165052,0.699074,36.1,99.9,0.031,0.111,2.277,0.019226,0.203688,-0.311919,63.8,"high edi","Liberal democracy",0.021054,0.075743,1.055974,0.011108,0.040486,-0.165052
"583","SWE 2010","Sweden 2010","Sweden",2010,2.181,2.181,2.181,2.385,2.385,2.385,2.107,1.66,1.987,1.938,1.938,1.938,0.978,0.973,0.973,2.893,2.893,2.893,0.974,0.076,0.915,3,100.824,2,5,4.61337642253519,"W. Europe, N. Am.",0.51,0.507474131,0.9641,0.9622,0.961,0.9586,0.9652,0.9671,0.9857,0.9852,0.9842,0.9831,0.9861,0.9865,1,"democracy",1,0,0,100,4.60517018598809,"Parliamentary",6,0.78183979,0.57178384,49.279999,"Moderate",30.059999,"FP",7.0599999,"CP",6.5599999,0.55344158,49.299999,"Social Dem",30.66,"Green",7.3400002,"SD",5.6999998,"Moderate",NA,0,0,0.013128,0.049392,-0.38318,0.832305,44.2,100,0.03,0.111,2.277,0.02007,0.224283,-0.266937,55.8,"high edi","Liberal democracy",0.021564,0.080196,0.94691,0.013128,0.049392,-0.38318
"587","SWE 2014","Sweden 2014","Sweden",2014,2.675,2.675,2.675,2.385,2.385,2.385,2.368,2.368,2.278,1.938,1.938,1.938,0.974,0.974,0.978,2.893,2.893,2.893,0.975,0.217,0.916,3,102.222,2,5,4.62714691879146,"W. Europe, N. Am.",0.52,0.521252554,0.956,0.9525,NA,NA,0.9586,0.961,0.9819,0.9799,NA,NA,0.9831,0.9842,1,"democracy",1,0,0,104,4.64439089914137,"Parliamentary",4,0.80213308,0.29884693,37.900002,"Social Dem",31.01,"Green",6.8899999,NA,0,0.75681937,58.009998,"Moderate",23.33,"Sd",12.86,"CP",6.1100001,"Social Dem",NA,0,0,0.011556,0.135252,0,0.349416,39.6,95.4,0.029,0.347,-0.996,0.022294,0.155019,0.810725,44.4,"high edi","Liberal democracy",0.020278,0.241126,-0.498,0.011556,0.135252,0
"775","CHE 1975","Switzerland 1975","Switzerland",1975,2.027,2.027,2.027,2.963,2.963,2.963,2.13,2.13,2.13,1.738,1.738,1.738,0.987,0.987,0.987,2.866,2.866,2.866,0.884,0.323,0.861,3,61.861,1,5,4.12488993266134,"W. Europe, N. Am.",0.44,0.435760664,0.8575,0.8663,0.8748,0.8835,0.8492,0.8411,0.9951,0.995,0.9949,0.9948,0.9953,0.9954,1,"democracy",1,0,0,128,4.85203026391962,"Parliamentary",3,0.80517417,0.73154408,78.099998,"Social Dem",24.9,"Radical Dem",22.200001,"Chr. Dem",21.1,0.78830647,24.6,"independent Alliance",6.0999999,"Republican",3,"Liberal Dem.",2.4000001,NA,NA,0,0,0.073005,0.179985,-0.948216,1.282695,74,90,0.082,0.559,-2.36,0.021995,0.063975,0.101255,16,"high edi","Liberal democracy",0.0775025,0.3694925,-1.654108,0.073005,0.179985,-0.948216
"779","CHE 1979","Switzerland 1979","Switzerland",1979,2.027,2.027,2.027,2.963,2.963,2.963,2.13,2.13,2.13,1.738,1.738,1.738,0.987,0.987,0.987,2.866,2.866,2.866,0.884,0.323,0.867,3,66.528,1,5,4.1976229116756,"W. Europe, N. Am.",0.43,0.43202775,0.8929,0.904,0.9158,0.9274,0.8835,0.8748,0.9949,0.995,0.9951,0.9952,0.9948,0.9949,1,"democracy",1,0,0,132,4.88280192258637,"Parliamentary",3,0.8083418,0.73591155,81.5,"Social Dem",24.9,"Radical Dem",24,"Chr. Dem",21.1,0.86021507,18.5,"independent Alliance",4.1999998,"Liberal Dem",2.8,"Labour",2.0999999,NA,NA,0,0,0.072465,0.169295,-0.184266,1.279105,73,84.5,0.082,0.559,-2.36,0.01909,0.046575,0.12903,11.5,"high edi","Liberal democracy",0.0772325,0.3641475,-1.272133,0.072465,0.169295,-0.184266
"783","CHE 1983","Switzerland 1983","Switzerland",1983,2.027,2.027,2.027,2.963,2.963,2.963,2.13,2.13,2.13,1.738,1.738,1.738,0.987,0.987,0.987,2.866,2.866,2.866,0.894,0.323,0.871,3,70.961,1,5,4.26213043034848,"W. Europe, N. Am.",0.43,0.428437356,0.9382,0.9478,0.9567,0.9628,0.9274,0.9158,0.9953,0.9954,0.9956,0.9958,0.9952,0.9951,1,"democracy",1,0,0,136,4.91265488573605,"Parliamentary",3,0.81394976,0.73523182,77.5,"Radical Dem",23.4,"Social Dem",22.799999,"Chr. Dem",20.200001,0.86381465,18.300001,"independent Alliance",4,"Liberal Dem",2.8,"National Action",3.4000001,NA,NA,0,0,0.07138,0.158335,-0.016531,1.26374,71.5,83,0.109,0.054,2.355,0.01909,0.046575,0.188485,11.5,"high edi","Liberal democracy",0.09019,0.1061675,1.1692345,0.07138,0.158335,-0.016531
"787","CHE 1987","Switzerland 1987","Switzerland",1987,2.027,2.027,2.027,2.963,2.963,2.963,2.13,2.13,2.13,1.738,1.738,1.738,0.987,0.987,0.987,2.866,2.866,2.866,0.894,0.323,0.871,3,77.731,1,5,4.35325414820505,"W. Europe, N. Am.",0.43,0.434146773,0.9675,0.9707,0.9724,0.9738,0.9628,0.9567,0.996,0.9961,0.9962,0.9963,0.9958,0.9956,1,"democracy",1,0,0,140,4.9416424226093,"Parliamentary",3,0.84318107,0.74078494,72.599998,"Radical Dem",22.9,"Chr. Dem",19.700001,"Social Dem",19,0.92239743,24.5,"Liberal Party",2.7,"Greens",5.1999998,"independent",0.80000001,NA,NA,0,0,0.067285,0.140755,-0.59843,1.157615,67,79.5,0.109,0.054,2.355,0.02075,0.05475,0.204875,12.5,"high edi","Liberal democracy",0.0881425,0.0973775,0.878285,0.067285,0.140755,-0.59843
"791","CHE 1991","Switzerland 1991","Switzerland",1991,2.027,2.027,2.027,2.963,2.963,2.963,2.13,2.13,2.13,1.738,1.738,1.738,0.987,0.987,0.987,2.866,2.866,2.866,0.894,0.323,0.886,3,82.296,1,5,4.41032250382873,"W. Europe, N. Am.",0.44,0.440880441,0.9751,0.9756,0.9757,0.9766,0.9738,0.9724,0.9962,0.9963,0.9964,0.9966,0.9963,0.9962,1,"democracy",1,0,0,144,4.969813299576,"Parliamentary",3,0.84763819,0.74469441,70.199997,"Radical Dem",21,"Social Dem",19.1,"Chr. Dem",18.200001,0.82980394,11.9,"Greens",7,"Liberal Party",3,"independent/Evangel.",1.9,NA,NA,0,0,0.05969,0.1368,0.2613,1.062975,60,83.5,0.109,0.054,2.355,0.04784,0.17092,0.23483,23.5,"high edi","Liberal democracy",0.084345,0.0954,1.30815,0.05969,0.1368,0.2613
"795","CHE 1995","Switzerland 1995","Switzerland",1995,2.027,2.027,2.027,2.963,2.963,2.963,2.13,2.13,2.13,1.738,1.738,1.738,0.987,0.987,0.987,2.866,2.866,2.866,0.909,0.323,0.884,3,83.553,1,5,4.4254811610395,"W. Europe, N. Am.",0.46,0.626577128,0.9772,0.977,0.9765,0.976,0.9766,0.9757,0.9968,0.9969,0.9969,0.9969,0.9966,0.9964,1,"democracy",1,0,0,148,4.99721227376411,"Parliamentary",4,0.83902276,0.73538661,73.900002,"Social Dem",21.799999,"Radical Dem",20.200001,"Chr. Dem",17,0.82980394,9.5,"Greens",5,"Liberal Party",2.7,"independent/Evangel.",1.8,NA,NA,0,0,0.065025,0.17311,0.18785,1.226405,66.5,85,0.082,0.559,-2.36,0.0417,0.14747,0.21752,18.5,"high edi","Liberal democracy",0.0735125,0.366055,-1.086075,0.065025,0.17311,0.18785
"799","CHE 1999","Switzerland 1999","Switzerland",1999,2.027,2.027,2.027,2.963,2.963,2.963,2.13,2.13,2.13,1.738,1.738,1.738,0.987,0.987,0.987,2.866,2.866,2.866,0.909,0.323,0.889,3,88.969,1,5,4.48828799444978,"W. Europe, N. Am.",0.44,0.442049845,0.9761,0.9767,0.9753,0.9751,0.976,0.9765,0.9968,0.9967,0.9966,0.9964,0.9969,0.9969,1,"democracy",1,0,0,152,5.02388052084628,"Parliamentary",3,0.79668558,0.74801737,58.189999,"Social Dem",22.48,"Radical Dem",19.93,"Chr. Dem",15.78,0.71052635,10.04,"Greens",5.02,"Liberal Party",2.25,"independent/Evangel.",1.8200001,NA,NA,0,0,0.063245,0.16448,0.194877,1.1692,64.5,90.5,0.082,0.559,-2.36,0.00168,0.01668,-0.09452,4,"high edi","Liberal democracy",0.0726225,0.36174,-1.0825615,0.063245,0.16448,0.194877
"803","CHE 2003","Switzerland 2003","Switzerland",2003,2.027,2.027,2.027,2.963,2.963,2.963,2.13,2.13,2.13,1.738,1.738,1.738,0.987,0.987,0.987,2.866,2.866,2.866,0.926,0.323,0.889,3,97.877,1,5,4.58371158832952,"W. Europe, N. Am.",0.44,0.437743791,0.9753,0.975,0.9731,0.9699,0.9751,0.9753,0.9965,0.9965,0.9964,0.9962,0.9964,0.9966,1,"democracy",1,0,0,156,5.04985600724954,"Parliamentary",3,0.76001042,0.66108537,66.940002,"Swiss People",26.73,"Social Dem",23.09,"Radical Dem",17.120001,0.78254747,16.220001,"Greens",7.3200002,"Liberal Party",2.1600001,"Evangel.",2.28,NA,NA,0,0,0.11684,0.40311,-0.23947,1.948025,71.5,92,0.276,0.902,3.311,0.01785,0.035365,-0.104735,20.5,"high edi","Liberal democracy",0.19642,0.652555,1.535765,0.11684,0.40311,-0.23947
"807","CHE 2007","Switzerland 2007","Switzerland",2007,2.027,2.027,2.027,2.963,2.963,2.963,2.13,2.13,2.13,1.738,1.738,1.738,0.987,0.987,0.987,2.866,2.866,2.866,0.926,0.323,0.89,3,108.399,1,5,4.68581886387074,"W. Europe, N. Am.",0.42,0.421930328,0.9681,0.9664,0.9639,0.9617,0.9699,0.9731,0.996,0.9959,0.9957,0.9954,0.9962,0.9964,1,"democracy",1,0,0,160,5.07517381523383,"Parliamentary",3,0.80283427,0.73133254,0,"Swiss People",NA,"Social Dem",NA,"Radical Dem",NA,0.6219697,0,"Greens",NA,"Liberal Party",NA,"Green Liberal",NA,NA,NA,0,0,0.120085,0.421195,0.005082,1.898835,68,93.5,0.276,0.944,3.311,0.0042,0.0417,-0.2363,10,"high edi","Liberal democracy",0.1980425,0.6825975,1.658041,0.120085,0.421195,0.005082
"811","CHE 2011","Switzerland 2011","Switzerland",2011,2.025,1.748,1.748,2.963,2.963,2.963,2.13,2.13,2.13,1.738,1.738,1.738,0.987,0.987,0.987,2.866,2.866,2.866,0.926,0.323,0.898,3,113.22,1,5,4.72933282860851,"W. Europe, N. Am.",0.41,0.409628044,0.9596,0.9563,0.9536,0.9513,0.9617,0.9639,0.9951,0.9947,0.9945,0.9943,0.9954,0.9957,1,"democracy",1,0,0,164,5.0998664278242,"Parliamentary",3,0.82474869,0.73562849,72.68,"Swiss People",26.559999,"Social Dem",18.719999,"Radical Dem",15.1,0.75783968,22.73,"Greens",8.4300003,"Liberal Party",5.3800001,"BDP/PBD",5.4200001,NA,NA,0,0,0.10973,0.39155,-0.074438,1.79002,65,97,0.276,0.944,3.311,0.028365,0.06556,-0.021355,32,"high edi","Liberal democracy",0.192865,0.667775,1.618281,0.10973,0.39155,-0.074438
"902","GHA 1979","Ghana 1979","Ghana",1979,0.007,0.007,0.007,1.052,1.052,1.42,0.778,0.778,0.778,1.122,1.122,1.122,0.813,0.813,0.741,2.284,2.284,1.032,0.451,0.087,0.307,1,4.957,6,4,1.60080071903844,"Sub-S. Africa",0,0,0.1458,0.1593,0.1413,0.1241,0.1143,0.0889,0.3349,0.3601,0.3333,0.2755,0.2701,0.2263,1,"democracy",1,1,1,1,0,"Presidential",3,0.64316547,0.26477337,53.949997,"PNP",36.439999,"UNC",17.51,NA,0,0.40974027,44.25,"PFP",30.6,"ACP",8.8400002,"SDF",3.9000001,"PNP",61.97739,0,1,0.146769,0.303906,0.0893,0.523611,60,97.1,0.255,0.531,-1.008,0.101172,0.112527,0.246052,37.1,"low edi","Autocratic",0.2008845,0.417453,-0.45935,0.2008845,0.417453,-0.45935
"923","GHA 2000","Ghana 2000","Ghana",2000,0.776,0.776,0.776,1.958,1.958,1.958,1.996,1.996,1.996,0.511,-0.613,0.278,0.843,0.843,0.843,1.699,1.699,1.699,0.898,1.634,0.671,2,5.555,6,4,1.71469842309159,"Sub-S. Africa",0.32,0.317302296,0.3848,0.4099,0.427,0.4353,0.367,0.3541,0.5189,0.5339,0.5453,0.5497,0.5066,0.4961,1,"democracy",1,0,2,4,1.38629436111989,"Presidential",3,0.5404523,0.075242721,49.73,"NPP",44.98,"PNC",3.4400001,"CPP",1.3099999,0,41.209999,"NDC",41.209999,NA,0,NA,0,"NPP",56.900002,0,1,0.0905,0.1365,0,0.4185,50,96,0.181,0.273,0.837,0.08418,0.29716,-0.44712,46,"high edi","Electoral democracy",0.13575,0.20475,0.4185,0.13575,0.20475,0.4185
"927","GHA 2004","Ghana 2004","Ghana",2004,0.776,0.776,0.776,1.958,1.958,1.958,1.996,1.996,1.996,0.812,0.295,0.295,0.843,0.843,0.843,1.699,1.699,1.699,0.898,1.634,0.744,3,6.054,6,4,1.80071921059953,"Sub-S. Africa",0.36,0.360319523,0.4382,0.4396,0.4426,0.4475,0.4353,0.427,0.5486,0.5438,0.5369,0.5292,0.5497,0.5453,1,"democracy",1,0,2,8,2.07944154167984,"Presidential",3,0.52504277,0.045096889,56.899998,"NPP",55.599998,"CPP",1.3,NA,0,0.079107933,42.600002,"NDC",40.900002,"PNC",1.7,NA,0,"NPP",NA,0,1,0.145377,0.152061,0.103472,0.426105,55.7,96.6,0.261,0.273,0.765,0.074847,0.264214,-0.397548,40.9,"high edi","Liberal democracy",0.2031885,0.2125305,0.434236,0.2031885,0.2125305,0.434236
"931","GHA 2008","Ghana 2008","Ghana",2008,0.42,0.42,0.776,2.013,1.958,1.958,1.996,1.996,1.996,1.527,1.527,0.812,0.853,0.832,0.832,1.798,1.332,1.332,0.898,1.634,0.737,3,7.019,6,4,1.94862075774828,"Sub-S. Africa",0.36,0.359893951,0.453,0.4593,0.4676,0.4803,0.4475,0.4426,0.5262,0.5301,0.5392,0.5547,0.5292,0.5369,1,"democracy",1,0,2,12,2.484906649788,"Presidential",3,0.5320999,0,0,"NDC",NA,NA,0,NA,0,0.052927926,0,"NPP",NA,"PNC",NA,"CPP",NA,"NDC",50.23,0,1,0.103037,0.328338,-1.222517,0.479196,49.3,96.9,0.209,0.666,-0.972,0.125188,0.134232,0.36414,47.6,"high edi","Liberal democracy",0.1560185,0.497169,-1.0972585,0.1560185,0.497169,-1.0972585
"935","GHA 2012","Ghana 2012","Ghana",2012,1.219,1.219,0.514,1.703,1.783,2.013,2.297,1.996,1.996,1.819,1.819,1.527,0.833,0.835,0.853,1.563,1.432,1.798,0.867,1.634,0.776,3,8.956,6,4,2.19232369873651,"Sub-S. Africa",0.36,0.359893951,0.4912,0.4998,0.5042,0.5056,0.4803,0.4676,0.5677,0.5761,0.582,0.5845,0.5547,0.5392,1,"democracy",1,0,2,16,2.77258872223978,"Presidential",3,0.51211679,0,0,"NDC",NA,NA,0,NA,0,0.016129032,0,"NPP",NA,"PNC",NA,NA,0,"NDC",NA,0,1,0.132886,0.334098,-0.997022,0.522936,53.8,98.5,0.247,0.621,-0.972,0.096552,0.128736,0.341955,44.7,"high edi","Liberal democracy",0.189943,0.477549,-0.984511,0.189943,0.477549,-0.984511
"1042","ZAF 1994","South Africa 1994","South Africa",1994,-0.233,-0.233,-0.324,1.707,1.707,0.687,2.541,1.52,0.921,0.321,0.321,0.321,0.844,0.84,0.672,1.22,1.22,0.753,0.682,-0.634,0.391,1,17.834,9,4,2.88110674771269,"Sub-S. Africa",0.28,0.270378638,0.8149,0.8634,0.8901,0.9067,0.7619,0.7293,0.6765,0.7004,0.7166,0.7276,0.6487,0.6265,1,"democracy",1,1,0,1,0,"Assembly-Elected President",2,0.54989976,0.49418703,97.580002,"ANC",62.650002,"National Party",24.389999,"IFP",10.54,0.73122531,5.5999999,"Freedom Front",2.1700001,"Democratic Party",1.73,"Pan Africanist Congress",1.25,"ANC",NA,0,1,0.282435,0.591102,0.841833,1.300385,94.3,94.3,0.147,0.774,-1.339,NA,NA,NA,NA,"low edi","Autocratic",0.2147175,0.682551,-0.2485835,0.282435,0.591102,0.841833
"1047","ZAF 1999","South Africa 1999","South Africa",1999,0.423,0.423,0.423,1.707,1.707,1.707,2.541,2.541,2.541,1.403,1.403,1.403,0.844,0.844,0.844,1.22,1.22,1.22,0.829,-0.634,0.705,3,19.022,9,4,2.94559620406019,"Sub-S. Africa",0.44,0.444775039,0.9226,0.925,0.9239,0.919,0.9172,0.9067,0.7434,0.7474,0.7493,0.7487,0.7366,0.7276,1,"democracy",1,0,0,6,1.79175946922805,"Assembly-Elected President",2,0.53711075,0.0074906368,66.660004,"ANC",66.360001,"Minority Front",0.30000001,NA,0,0.80706739,33.139999,"Democratic Party",9.5500002,"NNP",6.8699999,"IFP",8.5799999,"ANC",NA,0,1,0.076475,0.4522,-0.032604,0.593845,66.5,91.5,0.115,0.68,-0.893,0.077065,0.075385,0.18785,15.5,"high edi","Liberal democracy",0.0957375,0.5661,-0.462802,0.076475,0.4522,-0.032604
"1052","ZAF 2004","South Africa 2004","South Africa",2004,0.423,0.423,0.423,1.707,1.707,1.707,2.541,2.541,2.541,1.403,1.403,1.403,0.844,0.844,0.844,1.22,1.22,1.22,0.829,-0.634,0.759,3,21.669,9,4,3.07588266773682,"Sub-S. Africa",0.46,0.46273432,0.8979,0.8855,0.8627,0.8304,0.9113,0.919,0.7437,0.7396,0.7344,0.7268,0.7469,0.7487,1,"democracy",1,0,0,11,2.39789527279837,"Assembly-Elected President",2,0.49271202,0.073666625,72.230003,"ANC",69.68,"UDM",2.28,"AZAPO",0.27000001,0.72250491,27.039999,"DA",12.37,"IFP",6.9699998,"ID",1.73,"ANC",NA,0,1,0.090042,0.489298,0.120196,0.623314,69.8,89.3,0.129,0.701,-0.893,0.04028,0.096195,0.19366,19.5,"high edi","Liberal democracy",0.109521,0.595149,-0.386402,0.090042,0.489298,0.120196
"1057","ZAF 2009","South Africa 2009","South Africa",2009,0.364,0.364,0.545,1.707,1.707,1.707,2.053,2.053,2.541,1.403,1.403,1.403,0.856,0.856,0.856,1.22,1.22,1.22,0.826,-0.634,0.767,3,24.58,9,4,3.20193310413789,"Sub-S. Africa",0.42,0.417023618,0.7853,0.7771,0.78,0.7738,0.805,0.8304,0.7127,0.7072,0.7044,0.7027,0.7199,0.7268,1,"democracy",1,0,0,16,2.77258872223978,"Assembly-Elected President",2,0.52969223,0.029515345,66.730003,"ANC",65.900002,"VF Plus",0.82999998,NA,0,0.67516047,32.52,"DA",16.66,"COPE",7.4200001,"IFP",4.5500002,"ANC",NA,0,1,0.26598,0.49302,0.233021,0.87978,66,90.3,0.403,0.747,-1.333,0.018999,0.130284,0.143088,24.3,"high edi","Liberal democracy",0.33449,0.62001,-0.5499895,0.26598,0.49302,0.233021
"1062","ZAF 2014","South Africa 2014","South Africa",2014,0.413,0.413,0.364,1.202,1.202,1.202,2.63,2.63,2.63,1.389,1.389,1.389,0.834,0.834,0.834,1.332,1.332,1.332,0.853,-0.634,0.752,2,25.611,9,4,3.24302194669628,"Sub-S. Africa",0.41,0.412194175,0.7554,0.7458,NA,NA,0.7661,0.7738,0.7021,0.7023,NA,NA,0.702,0.7027,1,"democracy",1,0,0,21,3.04452243772342,"Assembly-Elected President",2,0.55934834,0,62.150002,"ANC",62.150002,NA,0,NA,0,0.62136865,37.849998,"DA",22.23,"EFF",6.3499999,"IFP",2.4000001,"ANC",NA,0,1,0.22428,0.446068,-0.490644,0.830459,62.3,90.9,0.36,0.716,-1.333,0.071267,0.175475,-0.021579,28.6,"high edi","Electoral democracy",0.29214,0.581034,-0.911822,0.22428,0.446068,-0.490644
"1260","JPN 1976","Japan 1976","Japan",1976,2.546,2.546,2.546,2.136,2.136,2.136,2.492,2.492,2.492,1.788,1.788,1.788,0.886,0.886,0.886,0.679,0.679,0.679,0.897,-0.592,0.842,3,43.59,12,6,3.7748277662503,"E. Asia",0.42,0.520189451,0.9781,0.9784,0.9781,0.9781,0.9779,0.978,0.941,0.942,0.9423,0.9431,0.9413,0.9419,1,"democracy",1,0,0,25,3.2188758248682,"Parliamentary",4,0.69066221,0,41.779999,"LDP",41.779999,NA,0,NA,0,0.72413033,47.760002,"Socialist",20.690001,"Komeito",10.91,"Dem. Soc.",6.2800002,"LDP",NA,0,0,0.059901,0.034577,0.763311,0.603393,48.7,96.7,0.123,0.071,1.239,0.022703,0.217148,-0.644583,40.6,"high edi","Liberal democracy",0.0914505,0.0527885,1.0011555,0.059901,0.034577,0.763311
"1263","JPN 1979","Japan 1979","Japan",1979,2.546,2.546,2.546,2.136,2.136,2.136,2.492,2.492,2.492,1.788,1.788,1.788,0.886,0.886,0.886,0.679,0.679,0.679,0.897,-0.592,0.84,3,49.043,12,6,3.89269746430826,"E. Asia",0.46,0.549588114,0.9781,0.9787,0.979,0.9788,0.9781,0.9784,0.9431,0.9444,0.9455,0.9469,0.9423,0.942,1,"democracy",1,0,0,28,3.3322045101752,"Parliamentary",4,0.69333577,0,44.59,"LDP",44.59,NA,0,NA,0,0.75303185,51.639999,"Socialist",19.709999,"Komeito",9.7799997,"Dem. Soc.",6.7800002,"LDP",NA,0,0,0.058685,0.034435,0.264517,0.600915,48.5,95,0.121,0.071,1.239,0.037055,0.258512,-0.80615,46.5,"high edi","Liberal democracy",0.0898425,0.0527175,0.7517585,0.058685,0.034435,0.264517
"1264","JPN 1980","Japan 1980","Japan",1980,2.546,2.546,2.546,2.136,2.136,2.136,2.492,2.492,2.492,1.788,1.788,1.788,0.886,0.886,0.886,0.679,0.679,0.679,0.897,-0.592,0.842,3,50.399,12,6,3.91997133361064,"E. Asia",0.46,0.5535941,0.9787,0.979,0.9788,0.9786,0.9781,0.9781,0.9444,0.9455,0.9469,0.9473,0.9431,0.9423,1,"democracy",1,0,0,29,3.36729582998647,"Parliamentary",3,0.63965821,0,44.59,"LDP",44.59,NA,0,NA,0,0.73613763,51.639999,"Socialist",19.709999,"Komeito",9.7799997,"Dem. Soc.",6.7800002,"LDP",NA,0,0,0.068388,0.039476,0.05975,0.688884,55.6,95,0.123,0.071,1.239,0.030615,0.221863,-0.703791,39.4,"high edi","Liberal democracy",0.095694,0.055238,0.649375,0.068388,0.039476,0.05975
"1267","JPN 1983","Japan 1983","Japan",1983,2.546,2.546,2.546,2.136,2.136,2.136,2.492,2.492,2.492,1.788,1.788,1.788,0.886,0.886,0.886,0.679,0.679,0.679,0.897,1.506,0.843,3,53.93,12,6,3.98768690934914,"E. Asia",0.42,0.518073302,0.9786,0.9786,0.9786,0.9784,0.9788,0.979,0.9473,0.9472,0.9451,0.9451,0.9469,0.9455,1,"democracy",1,0,0,32,3.46573590279973,"Parliamentary",4,0.69495779,1.110223e-16,45.759998,"LDP",45.759998,NA,0,NA,0,0.74584353,53.459999,"Socialist",19.49,"Komeito",10.12,"Dem. Soc.",7.27,"LDP",NA,0,0,0.065526,0.034719,0.33818,1.029834,48.9,94.7,0.134,0.071,2.106,0.033004,0.249838,-0.761335,45.8,"high edi","Liberal democracy",0.099763,0.0528595,1.22209,0.065526,0.034719,0.33818
"1270","JPN 1986","Japan 1986","Japan",1986,2.546,2.546,2.546,2.136,2.136,2.136,2.492,2.492,2.492,1.788,1.788,1.788,0.886,0.886,0.886,0.679,0.679,0.679,0.897,1.626,0.844,3,59.477,12,6,4.08558968319824,"E. Asia",0.46,0.536674023,0.9784,0.9781,0.978,0.9778,0.9786,0.9786,0.9451,0.9464,0.9478,0.9497,0.9451,0.9472,1,"democracy",1,0,0,35,3.55534806148941,"Parliamentary",3,0.60381246,0.038083307,51.259998,"LDP",49.419998,"NLC",1.84,NA,0,0.71643436,48.529999,"Socialist",17.23,"Komeito",9.4300003,"JCP",8.79,"LDP",NA,0,0,0.078524,0.041606,-0.443272,1.234116,58.6,98.1,0.134,0.071,2.106,0.026152,0.186537,-0.597276,32.6,"high edi","Liberal democracy",0.106262,0.056303,0.831364,0.078524,0.041606,-0.443272
"1274","JPN 1990","Japan 1990","Japan",1990,2.546,2.546,2.546,2.136,2.136,2.136,2.492,2.492,2.492,1.788,1.788,1.788,0.886,0.886,0.886,0.679,0.679,0.679,0.897,-0.432,0.845,3,70.993,12,6,4.26258128063155,"E. Asia",0.41,0.535113141,0.9779,0.9783,0.9787,0.9788,0.9778,0.978,0.9516,0.9536,0.957,0.9593,0.9497,0.9478,1,"democracy",1,0,0,39,3.66356164612965,"Parliamentary",3,0.63097733,0,46.139999,"LDP",46.139999,NA,0,NA,0,0.61063462,47.610001,"Socialist",24.35,"Komeito",7.98,"JCP",7.96,"LDP",NA,0,0,0.065514,0.038127,-0.36507,0.795297,53.7,96.3,0.122,0.071,1.481,0.034457,0.22365,-0.729445,38.5,"high edi","Liberal democracy",0.093757,0.0545635,0.557965,0.065514,0.038127,-0.36507
"1277","JPN 1993","Japan 1993","Japan",1993,2.546,2.546,2.546,2.136,2.136,2.136,2.492,2.492,2.492,1.788,1.788,1.788,0.886,0.886,0.886,0.679,0.679,0.679,0.897,1.159,0.845,3,76.251,12,6,4.33403053015562,"E. Asia",0.41,0.534898128,0.9788,0.9785,0.979,0.9787,0.9787,0.9783,0.9593,0.9614,0.9634,0.9619,0.957,0.9536,1,"democracy",1,0,0,42,3.73766961828337,"Parliamentary",11,0.76546848,0.80605298,33.670002,"SDPJ",15.43,"JRP",10.1,"Komeito",8.1400003,0.30521551,44.32,"LDP",36.619999,"JCP",7.6999998,"independent",NA,"JNP",NA,0,0,0.042307,0.126846,-0.114,0.343538,34.5,93.7,0.104,0.63,0.485,0.069499,0.094676,0.273465,59.2,"high edi","Liberal democracy",0.0731535,0.378423,0.1855,0.042307,0.126846,-0.114
"1280","JPN 1996","Japan 1996","Japan",1996,2.546,2.546,2.546,2.136,2.136,2.136,2.492,2.492,2.492,1.788,1.788,1.788,0.886,0.886,0.886,0.679,0.679,0.679,0.918,-0.167,0.845,3,80.114,12,6,4.3834506203249,"E. Asia",0.51,0.593464085,0.9787,0.9785,0.9785,0.9783,0.979,0.9785,0.9619,0.9604,0.9593,0.9564,0.9634,0.9614,1,"democracy",1,0,0,45,3.80666248977032,"Parliamentary",4,0.66100204,0,38.630001,"LDP",38.630001,NA,0,NA,0,0.59183615,58.799999,"NFP",27.969999,"SDPJ",10.1,"JCP",12.55,"LDP",NA,0,0,0.085562,0.033938,0.754776,0.596066,47.8,97.6,0.179,0.071,1.247,0.048704,0.144228,0.140416,49.8,"high edi","Liberal democracy",0.132281,0.052469,1.000888,0.085562,0.033938,0.754776
"1284","JPN 2000","Japan 2000","Japan",2000,2.546,2.546,2.546,2.136,2.136,2.136,2.492,2.492,2.492,1.788,1.788,1.788,0.886,0.886,0.886,0.679,0.679,0.679,0.929,-0.087,0.845,3,81.458,12,6,4.40008754999154,"E. Asia",0.44,0.5733413,0.9767,0.9744,0.9721,0.9712,0.9783,0.9785,0.9539,0.9485,0.947,0.9473,0.9564,0.9593,1,"democracy",1,0,0,49,3.89182029811063,"Parliamentary",3,0.68591678,0.24794315,41.800003,"LDP",28.700001,"New Komeito",13.1,"Hoshuto",NA,0.5111503,56.099998,"DPJ",25.5,"Liberal Party",9.8999996,"JCP",11.3,"LDP",NA,0,0,0.08173,0.06388,0.679484,0.760595,55,94.3,0.159,0.071,1.483,0.034429,0.188965,-0.058766,30.7,"high edi","Liberal democracy",0.120365,0.06744,1.081242,0.08173,0.06388,0.679484
"1287","JPN 2003","Japan 2003","Japan",2003,2.546,2.546,2.546,2.136,2.136,2.136,2.492,2.492,2.492,1.788,1.788,1.788,0.886,0.886,0.886,0.679,0.679,0.679,0.929,-0.087,0.845,3,82.614,12,6,4.41417915769029,"E. Asia",0.46,0.636566989,0.9712,0.9704,0.9688,0.9667,0.9721,0.9744,0.9473,0.9473,0.9464,0.9441,0.947,0.9485,1,"democracy",1,0,0,52,3.95124371858143,"Parliamentary",3,0.60756785,0.23965344,46.669998,"LDP",43.849998,"New Komeito",1.49,"NCP",1.33,0.14774215,47.66,"DPJ",36.66,"JCP",8.1300001,"SDPJ",2.8699999,"LDP",NA,0,1,0.082525,0.088488,0.315289,1.271758,56.5,96.6,0.158,0.111,2.483,0.045964,0.237733,0.095854,40.1,"high edi","Liberal democracy",0.1202625,0.099744,1.3991445,0.082525,0.088488,0.315289
"1289","JPN 2005","Japan 2005","Japan",2005,2.546,2.546,2.546,2.136,2.136,2.136,2.492,2.492,2.492,1.788,1.788,1.788,0.886,0.886,0.886,0.679,0.679,0.679,0.929,-0.087,0.847,3,84.371,12,6,4.43522374066152,"E. Asia",0.45,0.547197564,0.9688,0.9667,0.9649,0.9629,0.9704,0.9712,0.9464,0.9441,0.9419,0.9384,0.9473,0.9473,1,"democracy",1,0,0,54,3.98898404656427,"Parliamentary",3,0.56061482,0.17215437,49.209999,"LDP",47.77,"New Komeito",1.4400001,NA,0,0.22662306,45.149998,"DPJ",36.439999,"JCP",7.25,"SDPJ",1.46,"LDP",NA,0,1,0.201535,0.143104,-0.157361,1.815832,68.2,95.1,0.32,0.182,2.876,0.03386,0.158193,-0.068452,26.9,"high edi","Liberal democracy",0.2607675,0.162552,1.3593195,0.201535,0.143104,-0.157361
"1293","JPN 2009","Japan 2009","Japan",2009,2.546,2.546,2.546,2.136,2.136,2.136,2.492,2.492,2.492,1.788,1.788,1.788,0.886,0.886,0.886,0.679,0.679,0.679,0.929,0.044,0.859,3,83.712,12,6,4.42738233639468,"E. Asia",0.35,0.484727139,0.9608,0.9588,0.9561,0.9541,0.9629,0.9649,0.9344,0.9311,0.9275,0.9228,0.9384,0.9419,1,"democracy",1,0,0,58,4.06044301054642,"Parliamentary",3,0.52528125,0.061524116,0,"DPJ",NA,"SDPJ",NA,"PNP",NA,0.39853874,0,"LDP",NA,"New Komeito",NA,"JCP",NA,"DPJ",NA,0,1,0.100152,0.453894,-0.457921,0.118128,64.2,95.3,0.156,0.707,-0.184,0.060985,0.059305,0.355587,31.1,"high edi","Liberal democracy",0.128076,0.580447,-0.3209605,0.100152,0.453894,-0.457921
"1296","JPN 2012","Japan 2012","Japan",2012,2.546,2.546,2.546,2.136,2.136,2.136,2.492,2.492,2.492,1.788,1.788,1.788,0.875,0.886,0.886,0.679,0.679,0.679,0.929,-0.017,0.85,3,85.758,12,6,4.45152937615503,"E. Asia",0.35,0.337691697,0.9541,0.953,0.9521,0.9516,0.9561,0.9588,0.9228,0.9194,0.9165,0.9138,0.9275,0.9311,1,"democracy",1,0,0,61,4.11087386417331,"Parliamentary",3,0.5934304,0.17310542,0,"LDP",NA,"New Komeito",NA,NA,0,0.67166841,0,"DPJ",NA,"JRP",NA,"Your Party",NA,"LDP",NA,0,1,0.165927,0.128946,0.165077,1.245885,67.8,98.4,0.264,0.162,1.965,0.012019,0.048195,-0.148631,11.9,"high edi","Liberal democracy",0.2149635,0.145473,1.0650385,0.165927,0.128946,0.165077
"1298","JPN 2014","Japan 2014","Japan",2014,2.546,2.546,2.546,2.136,2.136,2.136,2.492,2.492,2.492,1.788,1.788,1.788,0.875,0.875,0.875,0.679,0.679,0.679,0.929,-0.227,0.823,3,86.254,12,6,4.45729643164769,"E. Asia",0.4,0.517724787,0.9521,0.9516,NA,NA,0.953,0.9541,0.9165,0.9138,NA,NA,0.9194,0.9228,1,"democracy",1,0,0,63,4.14313472639153,"Parliamentary",3,0.58996058,0.19278252,0,"LDP",NA,"New Komeito",NA,NA,0,0.60723484,0,"DPJ",NA,"JRP",NA,"JCP",NA,"LDP",NA,0,1,0.242952,0.115396,-1.178,1.247679,68.5,96.9,0.39,0.134,1.965,0.020812,0.103356,-0.318318,19.8,"high edi","Liberal democracy",0.316476,0.124698,0.3935,0.242952,0.115396,-1.178
"1749","RUS 1993","Russia 1993","Russia",1993,-0.506,-0.506,-0.876,-0.496,-0.496,-0.496,-0.164,-0.164,-0.164,1.647,1.647,1.647,0.347,0.347,0.376,-0.506,-0.506,0.079,0.663,1.382,0.479,1,32.733,4,1,3.48838374334107,"E. Europe",0,0,0.3327,0.3301,0.3313,0.3333,0.3361,0.336,0.2229,0.2313,0.241,0.2483,0.2043,0.1728,1,"democracy",1,0,0,2,0.693147180559945,"Presidential",5,0.85682642,0.59524918,5.5,"DVR",NA,"Yabloko",NA,"DPR",5.5,0.77794486,43.040001,"LDPR",22.790001,"KPRF",12.35,"APR",7.9000001,"independent",NA,0,0,0.041813,0.072879,-0.05394,0.338635,26.1,85.4,NA,NA,NA,0.30793,0.297166,-0.716595,36.7,"low edi","Autocratic",NA,NA,NA,NA,NA,NA
"1751","RUS 1995","Russia 1995","Russia",1995,-0.506,-0.506,-0.506,-0.496,-0.496,-0.496,0.208,0.208,-0.164,1.647,1.647,1.647,0.331,0.347,0.347,-0.506,-0.506,-0.506,0.629,1.382,0.476,1,28.066,4,1,3.33455887932894,"E. Europe",0.59,0.079654234,0.3313,0.3333,0.3343,0.3352,0.3301,0.3327,0.241,0.2483,0.2493,0.2489,0.2313,0.2229,1,"democracy",1,0,0,4,1.38629436111989,"Presidential",5,0.71347326,0.57339448,21.290001,"NDR",10.33,"Yabloko",7.02,"RDC",3.9400001,0.4701677,37.98,"KPRF",22.73,"LDPR",11.4,"APR",3.8499999,"independent",57.18,0,0,0.090264,0.057903,0.209626,0.073287,24.9,74.9,NA,NA,NA,0.396821,0.394683,-1.16278,44.4,"low edi","Autocratic",NA,NA,NA,NA,NA,NA
"1861","ALB 1992","Albania 1992","Albania",1992,-0.791,-0.791,-0.791,0.833,0.833,0.833,-1.761,-1.761,-1.925,-1.696,-1.696,-1.696,0.645,0.645,0.645,1.108,1.108,1.108,0.884,0.941,0.421,1,7.312,3,1,1.98951683415185,"E. Europe",0,0,0.301,0.3256,0.341,0.3391,0.2677,0.2224,0.4068,0.4208,0.4301,0.433,0.3881,0.3671,1,"democracy",1,1,0,1,0,"Parliamentary",2,0.49527231,0.13275613,66.599998,"PDS",62.299999,"PSDS",4.3000002,NA,0,0.14146341,25,"PSS",25,"UHRP",NA,"PRS",NA,"PDS",NA,0,1,0.250974,0.252945,-0.062776,0.798912,65.7,92.8,0.382,0.385,1.216,0.066395,0.048509,-0.428451,27.1,"low edi","Autocratic",0.316487,0.3189725,0.576612,0.250974,0.252945,-0.062776
"1866","ALB 1997","Albania 1997","Albania",1997,-1.517,-1.517,-1.162,0.833,0.833,0.833,-0.476,-0.843,-1.485,-0.239,-0.898,-1.696,0.64,0.64,0.645,1.108,1.108,1.108,0.891,1.392,0.372,1,9.354,3,1,2.23580405930369,"E. Europe",0,0.330198078,0.3356,0.3365,0.3366,0.3382,0.3368,0.3391,0.4355,0.4378,0.4407,0.4449,0.4342,0.433,1,"democracy",1,1,1,1,0,"Parliamentary",2,0.52745527,0.23766866,58.099998,"PSS",52.799999,"PSDS",2.5,"UHRP",2.8,0.34920636,28,"PDS",25.700001,"National Front",2.3,"Legality",NA,"PSS",NA,0,1,0.28036,0.14996,-0.224347,0.695032,65.2,94.9,0.43,0.23,-1.066,0.110825,0.02542,0.18848,15.5,"low edi","Autocratic",0.35518,0.18998,-0.6451735,0.28036,0.14996,-0.224347
"1870","ALB 2001","Albania 2001","Albania",2001,-1.26,-1.26,-1.26,0.599,0.599,0.599,0.966,0.966,0.966,0.275,0.275,0.275,0.62,0.631,0.627,0.9,1.108,1.108,0.893,1.556,0.44,1,12.505,3,1,2.52612856432958,"E. Europe",0.36,0.362877907,0.3421,0.351,0.3591,0.3666,0.3382,0.3366,0.4494,0.4548,0.4595,0.4634,0.4449,0.4407,1,"democracy",1,0,1,5,1.6094379124341,"Parliamentary",2,0.62045217,0.22421393,50.329998,"PSS",41.509998,"SDP",3.6400001,"UHRP",2.6099999,0.34022558,44.450001,"Union of Victory",36.810001,"PD",5.0900002,"PAD",2.55,"PSS",NA,0,1,0.184955,0.075024,-0.068452,0.555386,52.1,85,0.355,0.144,-1.066,0,0,0,32.9,"low edi","Autocratic",0.2699775,0.109512,-0.567226,0.184955,0.075024,-0.068452
"1874","ALB 2005","Albania 2005","Albania",2005,-1.759,-1.759,-1.759,0.599,0.599,0.599,0.966,0.966,0.966,0.275,0.275,0.275,0.657,0.657,0.657,0.9,0.9,0.9,0.893,1.577,0.518,2,16.104,3,1,2.77906768833749,"E. Europe",0.41,0.413586968,0.3761,0.3831,0.3934,0.4001,0.3666,0.3591,0.4684,0.4746,0.4825,0.4889,0.4634,0.4595,1,"democracy",1,0,1,9,2.19722457733622,"Parliamentary",3,0.74275428,0.45078605,47.900002,"PDS",40,"PRS",7.9000001,"PD",NA,0.52617657,38.599998,"PSS",30,"PSDS",5,"LSI",3.5999999,"PDS",NA,0,0,0.246854,0.240821,-0.184544,0.594393,47.9,92.3,0.533,0.543,1.216,0.121476,0.121812,-0.338772,33.6,"low edi","Electoral democracy",0.389927,0.3919105,0.515728,0.246854,0.240821,-0.184544
"1878","ALB 2009","Albania 2009","Albania",2009,-1.838,-1.302,-1.106,0.599,0.599,0.599,0.737,0.737,0.737,0.275,0.275,0.275,0.651,0.651,0.665,0.795,0.795,0.912,0.893,-1.448,0.545,2,20.682,3,1,3.02926375676278,"E. Europe",0.5,0.495057297,0.4038,0.4086,0.4139,0.4136,0.4001,0.3934,0.4948,0.5019,0.5104,0.5171,0.4889,0.4825,1,"democracy",1,0,1,13,2.56494935746154,"Parliamentary",2,0.57556331,0.23742923,60.389999,"PDS",46.919998,"ASI",5.5599999,"LSI",4.8499999,0.030303031,42.039997,"PSS",40.849998,"PBDNj",1.1900001,NA,0,"PDS",NA,0,0,0.271102,0.1193,0.479895,0.606259,51.5,99.3,0.533,0.237,1.216,0.22199,0.20836,-0.485055,47.8,"low edi","Electoral democracy",0.402051,0.17815,0.8479475,0.271102,0.1193,0.479895
"1882","ALB 2013","Albania 2013","Albania",2013,-1.53,-1.53,-1.53,1.309,1.309,1.018,1.588,1.588,1.588,0.98,0.98,0.98,0.742,0.742,0.726,0.533,0.533,0.533,0.824,-1.619,0.521,2,22.708,3,1,3.12271728530848,"E. Europe",0.37,0.367678541,0.4038,0.395,0.3917,NA,0.4136,0.4139,0.5207,0.5242,0.5258,NA,0.5171,0.5104,1,"democracy",1,0,1,17,2.83321334405622,"Parliamentary",3,0.64542645,0.35025817,53.200001,"PSS",41.400002,"LSI",10.4,"UHRP",0.89999998,0.23051947,36.099998,"PDS",30.5,"PDIU",2.5999999,"PRS",3,"PSS",NA,0,0,0.227282,0.223596,-0.086152,0.31435,57.8,95.6,0.352,0.447,-0.548,0.200466,0.087465,0.462819,37.8,"low edi","Electoral democracy",0.289641,0.335298,-0.317076,0.227282,0.223596,-0.086152
"2488","COL 1978","Colombia 1978","Colombia",1978,-0.571,-0.713,-0.578,0.424,0.424,0.424,0.844,0.844,0.844,1.66,1.66,1.66,0.59,0.59,0.601,1.589,1.589,1.589,0.722,0.695,0.429,1,15.304,18,2,2.72811423213795,"Latin Am.",0.44,0.44042462,0.5215,0.5268,0.534,0.5329,0.5193,0.5167,0.5818,0.5819,0.5829,0.5825,0.5807,0.5792,1,"democracy",1,0,1,21,3.04452243772342,"Presidential",2,0.51951677,0.49489877,94.650002,"PL",55.200001,"Conserv.",39.450001,NA,0,0,12.09,"ANAPO/UNO",12.09,NA,0,NA,0,"PL",NA,0,1,0.838243,0.394791,-0.637096,1.193574,97.5,100,0.812,0.489,-0.135,NA,NA,NA,NA,"low edi","Autocratic",0.8251215,0.4418955,-0.386048,0.8251215,0.4418955,-0.386048
"2492","COL 1982","Colombia 1982","Colombia",1982,-0.571,-0.571,-0.571,0.424,0.424,0.424,0.844,0.844,0.844,1.66,1.66,1.66,0.643,0.643,0.623,1.589,1.589,1.589,0.738,1.042,0.411,1,16.258,18,2,2.78858509532438,"Latin Am.",0.4,0.399486812,0.5357,0.5426,0.5279,0.5246,0.5329,0.534,0.5831,0.5842,0.5811,0.5807,0.5825,0.5829,1,"democracy",1,0,1,25,3.2188758248682,"Presidential",4,0.49611694,0.4910014,96.709999,"PL",56.360001,"Conserv.",40.349998,NA,0,0,3.78,"UDI",3.78,NA,0,NA,0,"PCC",NA,0,0,0.700514,0.440867,0.4022,1.26439,99.5,99.5,0.829,0.34,2.339,NA,NA,NA,NA,"low edi","Autocratic",0.764757,0.3904335,1.3706,0.764757,0.3904335,1.3706
"2496","COL 1986","Colombia 1986","Colombia",1986,-0.81,-0.719,-0.719,0.424,0.424,0.424,0.843,0.843,0.843,1.66,1.66,1.66,0.643,0.643,0.643,1.589,1.589,1.589,0.738,0.814,0.45,1,16.782,18,2,2.82030688344788,"Latin Am.",0.39,0.400214879,0.5329,0.5323,0.5307,0.5285,0.5246,0.5279,0.5824,0.5825,0.5827,0.5828,0.5807,0.5811,1,"democracy",1,0,1,29,3.36729582998647,"Presidential",2,0.57682353,0,47.799999,"PL",47.799999,NA,0,NA,0,0.30179346,45.760002,"Conserv.",37.150002,"UP",1.99,"NL",6.6199999,"PL",NA,0,0,0.287716,0.284195,-0.122808,0.307333,50.3,95,0.572,0.565,-0.611,0.312666,0.151888,0.937453,44.7,"low edi","Autocratic",0.429858,0.4245975,-0.366904,0.429858,0.4245975,-0.366904
"2500","COL 1990","Colombia 1990","Colombia",1990,0.256,0.256,0.256,1.168,1.168,0.619,1.159,1.159,0.843,1.946,0.607,1.66,0.814,0.827,0.661,2.155,2.155,1.589,0.771,-0.108,0.472,1,17.751,18,2,2.87644185236267,"Latin Am.",0.45,0.445445571,0.5287,0.5263,0.5241,0.5216,0.5285,0.5307,0.5832,0.583,0.5835,0.584,0.5828,0.5827,1,"democracy",1,0,1,33,3.49650756146648,"Presidential",2,0.55552065,0.47857583,90.529999,"PL",59.200001,"PSC",31.33,"AD-M19",NA,1,0,"independent",NA,"independent",NA,"independent",NA,"PL",NA,0,0,0.544085,0.413235,0.479457,0.736461,91.8,91.8,0.522,0.542,0.03,NA,NA,NA,NA,"low edi","Autocratic",0.5330425,0.4776175,0.2547285,0.5330425,0.4776175,0.2547285
"2501","COL 1991","Colombia 1991","Colombia",1991,0.256,0.256,0.256,1.168,1.168,1.168,1.159,1.159,1.159,1.946,1.946,0.607,0.818,0.814,0.827,2.262,2.155,2.155,0.779,0.149,0.513,2,17.982,18,2,2.88937125756258,"Latin Am.",0.41,0.408929502,0.5263,0.5241,0.5216,0.5148,0.5287,0.5285,0.583,0.5835,0.584,0.5827,0.5832,0.5828,1,"democracy",1,0,1,34,3.52636052461616,"Presidential",2,0.63221538,0.39538559,0,"PL",NA,"PSC",NA,"NDF",NA,0.87310606,0,"Morena",NA,"UP",NA,"independent",NA,"PL",NA,0,0,0.21924,0.27972,-0.463614,0.11394,54,85.7,0.406,0.518,0.211,NA,NA,NA,NA,"low edi","Electoral democracy",0.31262,0.39886,-0.126307,0.31262,0.39886,-0.126307
"2504","COL 1994","Colombia 1994","Colombia",1994,-0.577,-0.577,-0.401,1.168,1.168,1.168,1.159,1.159,1.159,1.946,1.946,1.946,0.818,0.818,0.818,2.262,2.262,2.262,0.84,0.542,0.557,2,19.744,18,2,2.98284964772298,"Latin Am.",0.45,0.446504731,0.5148,0.5052,0.5051,0.496,0.5216,0.5241,0.5827,0.581,0.5795,0.5768,0.584,0.5835,1,"democracy",1,0,1,37,3.61091791264422,"Presidential",2,0.57616454,0.47739464,0,"PL",NA,"PSC",NA,NA,0,0.97500002,0,"AD-M19",NA,"MSN",NA,"minority",NA,"PL",50.259998,0,0,0.295855,0.30968,0.098111,0.415856,55.3,90.1,0.535,0.56,-0.752,NA,NA,NA,NA,"low edi","Electoral democracy",0.4154275,0.43484,-0.3269445,0.4154275,0.43484,-0.3269445
"2508","COL 1998","Colombia 1998","Colombia",1998,-0.221,-0.221,-0.412,1.168,1.168,1.168,1.09,1.159,1.159,1.946,1.946,1.946,0.818,0.818,0.818,2.262,2.262,2.262,0.831,0.926,0.544,2,20.198,18,2,3.00558358960437,"Latin Am.",0.46,0.461079393,0.4872,0.4767,0.4597,0.4394,0.496,0.5051,0.5728,0.5679,0.5614,0.5544,0.5768,0.5795,1,"democracy",1,0,1,41,3.71357206670431,"Presidential",5,0.69999999,0,17.4,"PCC",17.4,NA,0,NA,0,0,52.200001,"PL",52.200001,NA,0,NA,0,"PCC",NA,0,0,0.131718,0.057594,-0.091378,0.407856,17.4,79.5,0.757,0.331,2.344,0.30798,0.297477,-0.04032,62.1,"low edi","Electoral democracy",0.444359,0.194297,1.126311,0.444359,0.194297,1.126311
"2512","COL 2002","Colombia 2002","Colombia",2002,-1.159,-1.003,-1.003,1.168,1.168,1.168,0.709,0.709,1.09,1.946,1.946,1.946,0.818,0.818,0.818,2.262,2.262,2.262,0.835,0.975,0.538,2,19.899,18,2,2.99066947921153,"Latin Am.",0.38,0.359536024,0.4247,0.41,0.399,0.3807,0.4394,0.4597,0.5488,0.5437,0.5392,0.5348,0.5544,0.5614,1,"democracy",1,0,1,45,3.80666248977032,"Presidential",4,0.86203414,0.5754897,47.400002,"PL",32,"PCC",7.3000002,"Coalitions",8.1000004,NA,0,NA,0,NA,0,NA,0,"independent",NA,-999,NA,0.238407,0.205363,1.005824,0.459023,45.2,51.8,NA,NA,NA,NA,NA,NA,NA,"low edi","Electoral democracy",NA,NA,NA,NA,NA,NA
"2516","COL 2006","Colombia 2006","Colombia",2006,-1.342,-1.274,-1.155,1.168,1.168,1.168,0.793,0.793,0.793,1.946,1.946,1.946,0.823,0.823,0.823,2.262,2.262,2.262,0.835,0.522,0.573,2,22.8,18,2,3.1267605359604,"Latin Am.",0.37,0.110566543,0.3614,0.353,0.3522,0.3608,0.3807,0.399,0.532,0.5309,0.5317,0.5344,0.5348,0.5392,1,"democracy",1,0,1,49,3.89182029811063,"Presidential",4,0.87531704,0.75856662,49.029999,"PCC",14.8,"PSUN",15.77,"CR",10.12,0.28455284,25.560001,"PL",17.870001,"PDA",7.6900001,NA,0,"independent",NA,-999,NA,0.326239,0.155999,1.023596,0.782329,47.7,73,NA,NA,NA,0.108487,0.153042,-0.242004,25.3,"low edi","Electoral democracy",NA,NA,NA,NA,NA,NA
"2520","COL 2010","Colombia 2010","Colombia",2010,0.907,0.833,-0.84,1.306,1.306,1.168,1.466,1.466,1.011,1.946,1.946,1.946,0.849,0.843,0.819,2.117,2.117,2.095,0.835,0.522,0.626,2,26.384,18,2,3.27275776581724,"Latin Am.",0.4,0.106633872,0.3794,0.4074,0.4267,0.4404,0.3608,0.3522,0.5385,0.5436,0.5463,0.5471,0.5344,0.5317,1,"democracy",1,0,1,53,3.97029191355212,"Presidential",4,0.81562614,0.6228283,0,"PSUN",NA,"PCC",NA,"CR",NA,0.5401817,0,"PL",NA,"NIP",NA,"PDA",NA,"PSUN",69.129997,0,0,0.389611,0.202716,0.308,0.740664,60.2,92.1,0.564,0.39,0.144,0.102861,0.137896,-0.157361,24.7,"high edi","Electoral democracy",0.4768055,0.296358,0.226,0.4768055,0.296358,0.226
"2524","COL 2014","Colombia 2014","Colombia",2014,0.974,0.862,0.862,1.306,1.306,1.306,1.535,1.466,1.466,1.946,1.946,1.946,0.827,0.829,0.829,1.845,1.7,1.7,0.846,0.409,0.682,2,29.842,18,2,3.39591679721823,"Latin Am.",0.66,0.657060212,0.4489,0.453,NA,NA,0.4404,0.4267,0.5477,0.5481,NA,NA,0.5471,0.5463,1,"democracy",1,0,1,57,4.04305126783455,"Presidential",4,0.84794933,0.73251677,0,"PSUN",NA,"PL",NA,"PCC",NA,0.75081301,0,"DC",NA,"VC",NA,"POC",NA,"PSUN",50.950001,0,0,0.286392,0.260069,-0.982935,0.635276,62.1,78.9,0.398,0.41,0.803,NA,NA,NA,NA,"high edi","Electoral democracy",0.342196,0.3350345,-0.0899675,0.342196,0.3350345,-0.0899675
"2669","POL 1989","Poland 1989","Poland",1989,1.529,1.529,2.023,1.984,1.984,1.984,1.26,1.26,1.26,1.778,1.778,0.641,0.965,0.965,0.909,2.521,2.521,2.521,0.273,-1.612,0.377,1,20.445,4,1,3.01773835381661,"E. Europe",0,0,0.4929,0.5369,0.5989,0.6532,0.4271,0.3737,0.5978,0.641,0.6846,0.7189,0.5403,0.4961,1,"democracy",1,1,1,1,0,"Assembly-Elected President",1,0.7043857,0.7043857,0,"PZPR",NA,"Solidarity",NA,"ZSL",NA,NA,0,NA,0,NA,0,NA,0,"PUWP",NA,0,1,0.452893,0.145826,0.433237,1.324308,54.1,95,NA,NA,NA,NA,NA,NA,NA,"low edi","Autocratic",NA,NA,NA,0.452893,0.145826,0.433237
"2671","POL 1991","Poland 1991","Poland",1991,1.529,1.529,1.529,1.984,1.984,1.984,1.26,1.26,1.26,1.778,1.778,1.778,0.965,0.965,0.965,2.521,2.521,2.521,0.837,0.172,0.864,3,19.134,4,1,2.95146685725598,"E. Europe",0.47,0.126168412,0.5989,0.6532,0.6835,0.7393,0.5369,0.4929,0.6846,0.7189,0.74,0.7677,0.641,0.5978,1,"democracy",1,0,1,3,1.09861228866811,"Presidential",5,0.83301812,0.67071933,26.110001,"ZCH-N",8.7299995,"PSL",8.6700001,"PC",8.71,0.66524094,31.790001,"UD",12.31,"Dem. Left Alliance",11.98,"KPN",7.5,"independent",NA,0,1,0.087552,0.176738,-0.19545,0.13795,30.7,87.2,NA,NA,NA,0.094442,0.242616,0.270768,56.5,"high edi","Liberal democracy",NA,NA,NA,NA,NA,NA
"2673","POL 1993","Poland 1993","Poland",1993,1.529,1.529,1.529,1.984,1.984,1.984,1.26,1.26,1.26,1.778,1.778,1.778,0.965,0.965,0.965,2.521,2.521,2.521,0.847,0.163,0.884,3,20.307,4,1,3.01096565419458,"E. Europe",0.6,0.68169263,0.6835,0.7393,0.7914,0.8223,0.6532,0.5989,0.74,0.7677,0.789,0.8003,0.7189,0.6846,1,"democracy",1,0,1,5,1.6094379124341,"Presidential",4,0.74402761,0.49334469,35.799999,"SLD",20.4,"PSL",15.4,NA,0,0.68626493,29.710001,"UW",10.6,"UP",7.3000002,"KPN",5.8000002,"independent",NA,0,0,0.075148,0.281309,0.078052,0.433501,65.9,99.2,NA,NA,NA,0.029307,0.114677,0.029441,29.8,"high edi","Liberal democracy",NA,NA,NA,NA,NA,NA
"2677","POL 1997","Poland 1997","Poland",1997,1.529,1.529,1.529,1.984,1.984,1.984,1.26,1.26,1.26,1.778,1.778,1.778,0.965,0.965,0.965,2.521,2.521,2.521,0.847,0.164,0.869,3,25.709,4,1,3.2468411251499,"E. Europe",0.5,0.581111025,0.8344,0.8274,0.8038,0.7821,0.8223,0.7914,0.8034,0.7988,0.7891,0.7793,0.8003,0.789,1,"democracy",1,0,1,9,2.19722457733622,"Presidential",5,0.66275454,0.24403417,34.439999,"SLD",27.129999,"PSL",7.3099999,NA,0,0.39283139,52.760002,"AWS",33.830002,"UW",13.37,"ROP",5.5599999,"SRP",NA,0,1,0.038455,0.117376,-0.04596,0.114057,41.6,99.6,NA,NA,NA,0.053917,0.31885,0.251375,58,"high edi","Liberal democracy",NA,NA,NA,NA,NA,NA
"2681","POL 2001","Poland 2001","Poland",2001,1.529,1.529,1.529,1.984,1.984,1.984,1.26,1.26,1.26,1.778,1.778,1.778,0.965,0.965,0.965,2.521,2.521,2.521,0.856,-0.199,0.878,3,30.4,4,1,3.41444260841218,"E. Europe",0.44,0.527404858,0.771,0.7795,0.7926,0.8071,0.7821,0.8038,0.7738,0.7773,0.78,0.786,0.7793,0.7891,1,"democracy",1,0,1,13,2.56494935746154,"Presidential",4,0.72847396,0.27364039,50.02,"SLD-UP",41.040001,"PSL",8.9799995,NA,0,0.77419835,40.610001,"PO",12.68,"SDBRP",10.2,"PiS",9.5,"SLD",NA,0,0,0.030264,0.209892,0.333684,0.145971,52.6,96.1,0.052,0.389,-0.259,0.115298,0.233303,-0.018135,35.2,"high edi","Liberal democracy",0.041132,0.299446,0.037342,0.041132,0.299446,0.037342
"2685","POL 2005","Poland 2005","Poland",2005,0.13,0.13,0.372,1.863,1.863,1.984,1.26,1.26,1.26,1.778,1.778,1.778,0.959,0.959,0.965,2.521,2.521,2.521,0.881,-0.243,0.881,3,35.859,4,1,3.57959458156395,"E. Europe",0.48,0.455949641,0.8283,0.8508,0.866,0.8723,0.8071,0.7926,0.7945,0.8032,0.8084,0.8098,0.786,0.78,1,"democracy",1,0,1,17,2.83321334405622,"Presidential",4,0.76697928,0.53041148,46.369999,"PiS",26.99,"SDBRP",11.41,"LPR",7.9699998,0.54079551,42.700001,"PO",24.139999,"SLD",11.31,"PSL",6.96,"PiS",54.040001,0,0,0.210197,0.475794,0,0.247578,53.3,99.6,0.229,0.87,0.084,0.021251,0.157223,0.188606,46.3,"high edi","Liberal democracy",0.2195985,0.672897,0.042,0.2195985,0.672897,0.042
"2687","POL 2007","Poland 2007","Poland",2007,2.216,2.216,0.13,2.003,2.003,1.863,1.26,1.26,1.26,1.778,1.778,1.778,0.963,0.963,0.959,2.521,2.521,2.521,0.881,0.22,0.873,3,40.14,4,1,3.69237334336819,"E. Europe",0.51,0.563599783,0.866,0.8723,0.8709,0.8767,0.8508,0.8283,0.8084,0.8098,0.8077,0.8089,0.8032,0.7945,1,"democracy",1,0,1,19,2.94443897916644,"Presidential",4,0.64692622,0.22590655,50.419998,"PO",41.509998,"PSL",8.9099998,NA,0,0.37430468,45.459999,"PiS",32.110001,"LiD",13.15,"MNSO",0.2,"PiS",54.040001,0,0,0.040452,0.148451,0.27075,0.27286,52.1,99.7,0.423,0.853,0.351,0.155233,0.354163,0.028731,47.6,"high edi","Liberal democracy",0.231726,0.5007255,0.310875,0.231726,0.5007255,0.310875
"2691","POL 2011","Poland 2011","Poland",2011,2.216,2.216,2.216,1.885,1.885,1.885,1.26,1.26,1.26,1.778,1.778,1.778,0.961,0.964,0.964,2.633,2.633,2.633,0.9,-0.622,0.894,3,47.712,4,1,3.86518293858233,"E. Europe",0.43,0.344138607,0.8896,0.8927,0.8934,0.8919,0.8767,0.8709,0.811,0.8109,0.8111,0.8101,0.8089,0.8077,1,"democracy",1,0,1,23,3.13549421592915,"Presidential",4,0.66774648,0.21080196,47.540001,"PO",39.18,"PSL",8.3599997,NA,0,0.46916667,48.34,"PiS",29.889999,"RP",10.02,"SLD",8.2399998,"PO",53,0,0,0.037402,0.118152,0.62295,0.268476,51.1,99.8,0.072,0.204,0.547,0.154379,0.361323,-0.232279,48.7,"high edi","Liberal democracy",0.054701,0.161076,0.584975,0.054701,0.161076,0.584975
"2902","BRA 1986","Brazil 1986","Brazil",1986,1.746,1.746,1.746,2.215,0.698,0.698,2.133,2.133,2.133,1.97,1.97,1.97,0.821,0.518,0.518,0.555,0.024,0.024,0.64,0.255,0.478,1,17.244,18,2,2.84746425688489,"Latin Am.",0.39,0.420789534,0.6077,0.6238,0.6447,0.6542,0.5904,0.5533,0.5791,0.6032,0.6272,0.641,0.5522,0.5222,1,"democracy",1,0,1,2,0.693147180559945,"Presidential",4,0.65250981,0.42701897,65.800003,"PMDB",48.099998,"PFL",17.700001,NA,0,0.81726718,34.099998,"PDS",7.8000002,"PDT",6.5,"PT",6.9000001,"PFL",NA,0,0,0.160604,0.23256,0.245178,0.466054,77.6,97.19,0.379,0.096,1.778,0.0473383,0.0609081,-0.0259397,16.09,"low edi","Autocratic",0.269802,0.16428,1.011589,0.269802,0.16428,1.011589
"2906","BRA 1990","Brazil 1990","Brazil",1990,1.746,1.746,1.746,2.215,2.215,2.215,2.279,2.279,2.279,1.97,1.97,1.97,0.821,0.821,0.821,0.555,0.555,0.555,0.857,0.985,0.814,2,17.265,18,2,2.84868133084196,"Latin Am.",0.43,0.308094881,0.6505,0.6471,0.6315,0.6023,0.6542,0.6447,0.646,0.6463,0.6393,0.6261,0.641,0.6272,1,"democracy",1,0,1,6,1.79175946922805,"Presidential",4,0.88243556,0.70916551,47.299999,"PMDB",19.299999,"PFL",12.4,"PRN",8.3000002,0.87655377,52.75,"PDT",10,"PDS",8.8999996,"PSDB",8.6999998,"PRN",NA,0,0,0.064014,0.093422,0.00722700000000004,0.29771,46.4,93.11,NA,NA,NA,0.06539,0.1259339,0.1623437,39.71,"high edi","Electoral democracy",NA,NA,NA,NA,NA,NA
"2910","BRA 1994","Brazil 1994","Brazil",1994,1.746,1.746,1.746,2.215,2.215,2.215,2.279,2.279,2.279,1.97,1.97,1.97,0.819,0.819,0.819,0.689,0.689,0.689,0.827,0.32,0.847,2,18.706,18,2,2.92884432801236,"Latin Am.",0.42,0.109779699,0.5711,0.5582,0.5458,0.536,0.6023,0.6315,0.612,0.6014,0.593,0.5871,0.6261,0.6393,1,"democracy",1,0,1,10,2.30258509299405,"Presidential",6,0.8672446,0.66305602,35.5,"PFL",12.9,"PSDB",13.9,"PTB",5.1999998,0.78061956,42.5,"PMDB",20.299999,"PPR",9.3999996,"PT",12.8,"PSDB",NA,0,0,0.037086,0.070699,0.080065,0.458307,35.4,89.6,0.028,0.255,0.386,0.030302,0.13942,0.00722700000000004,40.6,"high edi","Electoral democracy",0.032543,0.1628495,0.2330325,0.032543,0.1628495,0.2330325
"2914","BRA 1998","Brazil 1998","Brazil",1998,1.746,1.746,1.746,2.215,2.215,2.215,2.279,2.279,2.279,1.97,1.97,1.97,0.819,0.819,0.819,0.689,0.689,0.689,0.827,0.185,0.851,2,20.35,18,2,3.0130809118886,"Latin Am.",0.42,0.118118787,0.5286,0.528,0.5272,0.5245,0.536,0.5458,0.582,0.5788,0.5755,0.5712,0.5871,0.593,1,"democracy",1,0,1,14,2.63905732961526,"Presidential",4,0.85669661,0.77879179,58.700001,"PFL",16,"PSDB",13.9,"PMDB",13.6,0.7085166,41.189999,"PT",9.5,"PDT",4.5,"PSB",3.0999999,"PSDB",NA,0,0,0.057686,0.097941,-0.320075,0.637774,56,89.9,0.037,0.211,0.932,0.037165,0.138466,0.080065,33.9,"high edi","Electoral democracy",0.047343,0.1544705,0.3059625,0.047343,0.1544705,0.3059625
"2918","BRA 2002","Brazil 2002","Brazil",2002,1.746,1.746,1.746,2.215,2.215,2.215,2.279,2.279,2.279,1.97,1.97,1.97,0.819,0.819,0.819,0.689,0.689,0.689,0.827,0.169,0.858,2,20.444,18,2,3.01768944090603,"Latin Am.",0.43,0.1379455,0.5178,0.5179,0.5076,0.5028,0.5245,0.5272,0.5667,0.5637,0.5587,0.5563,0.5712,0.5755,1,"democracy",1,0,1,18,2.89037175789616,"Presidential",5,0.88396376,0.71829671,43.700001,"PT",18.200001,"PMDB",13.2,"PP",7.6999998,0.79566991,50.799999,"PFL",13.3,"PSDB",14.1,"PTB",4.5999999,"PT",61.299999,0,0,0.034801,0.158944,0.25604,0.561284,42.2,91.4,0.019,0.681,-1.455,0.053698,0.115101,0.423576,49.2,"high edi","Electoral democracy",0.0269005,0.419972,-0.59948,0.0269005,0.419972,-0.59948
"2922","BRA 2006","Brazil 2006","Brazil",2006,1.384,1.384,1.417,2.215,2.215,2.215,2.279,2.279,2.279,1.97,1.97,1.97,0.928,0.928,0.928,1.682,1.682,1.682,0.892,0.752,0.874,2,22.892,18,2,3.13078750454686,"Latin Am.",0.42,0.69056713,0.5042,0.4962,0.4785,0.4643,0.5028,0.5076,0.5575,0.5573,0.5564,0.5586,0.5563,0.5587,1,"democracy",1,0,1,22,3.09104245335832,"Presidential",5,0.89726061,0.81759965,58.810001,"PT",15.01,"PMDB",14.57,"PP",7.1500001,0.74271107,36.900002,"PSDB",13.62,"PFL",10.93,"PPS",3.9000001,"PT",60.830002,0,0,0.032682,0.157556,0.155632,0.463097,41.7,85.9,0.02,0.672,-1.455,0.046562,0.126799,0.261006,44.2,"high edi","Electoral democracy",0.026341,0.414778,-0.649684,0.026341,0.414778,-0.649684
"2926","BRA 2010","Brazil 2010","Brazil",2010,1.352,1.384,1.384,1.833,2.215,2.215,2.27,2.193,2.265,1.97,1.97,1.97,0.93,0.934,0.934,2.252,1.969,1.969,0.902,0.752,0.872,2,27.371,18,2,3.30948405873882,"Latin Am.",0.41,0.098997117,0.4637,0.4772,0.4905,0.4966,0.4643,0.4785,0.5658,0.5799,0.5973,0.6094,0.5586,0.5564,1,"democracy",1,0,1,26,3.25809653802148,"Presidential",5,0.91352135,0.69154215,39.799999,"PT",16.9,"PMDB",13,"PDT",5,0.63292074,23.699999,"PSDB",11.9,"PFL/DEM",7.5999999,"PTB",4.1999998,"PT",56,0,0,0.013812,0.173553,0.991926,0.355154,38.1,83.5,0.034,0.642,-1.296,0.012361,0.034145,0.154992,14.4,"high edi","Electoral democracy",0.023906,0.4077765,-0.152037,0.023906,0.4077765,-0.152037
"2930","BRA 2014","Brazil 2014","Brazil",2014,0.675,0.768,0.997,1.339,1.833,1.833,2.264,2.641,2.544,1.274,1.628,1.97,0.878,0.922,0.924,1.415,1.907,2.032,0.923,0.621,0.877,2,28.956,18,2,3.3657774364309,"Latin Am.",0.41,0.411799261,0.4973,0.4988,NA,NA,0.4966,0.4905,0.6157,0.6187,NA,NA,0.6094,0.5973,1,"democracy",1,0,1,30,3.40119738166216,"Presidential",5,0.92954576,0.85690063,0,"PT",NA,"PMDB",NA,"PSD",NA,0.84784412,0,"PSDB",NA,"PSB",NA,"PTB",NA,"PT",51.639999,0,0,0.021127,0.136298,-1.911,0.369882,33.2,81.1,0.048,0.688,-1.46,0.038228,0.06423,0.135259,22,"high edi","Electoral democracy",0.0345635,0.412149,-1.6855,0.0345635,0.412149,-1.6855
"3128","USA 1976","United States of America 1976","United States of America",1976,2.124,2.124,2.124,2.307,2.307,2.307,2.182,2.182,2.182,1.194,1.194,1.776,0.946,0.946,0.946,2.334,2.334,2.334,0.943,1.284,0.793,3,71.51,16,5,4.2698373000603,"W. Europe, N. Am.",0.38,0.426229253,0.985,0.985,0.9852,0.9851,0.9848,0.9846,0.912,0.9176,0.923,0.9275,0.9067,0.9006,1,"democracy",1,0,0,177,5.17614973257383,"Presidential",4,0.4423539,0,55.540001,"Democrats",55.540001,NA,0,NA,0,0,42.150002,"Republicans",42.150002,NA,0,NA,0,"Democrats",NA,0,0,0.090585,0.202642,-0.54013,0.568337,67.1,100,0.135,0.302,-0.847,0.057904,0.0987,0.428358,32.9,"high edi","Liberal democracy",0.1127925,0.252321,-0.693565,0.1127925,0.252321,-0.693565
"3130","USA 1978","United States of America 1978","United States of America",1978,1.956,2.124,2.124,2.307,2.307,2.307,2.182,2.182,2.182,2.142,1.194,1.194,0.946,0.946,0.946,2.334,2.334,2.334,0.938,-0.357,0.832,3,76.37,16,5,4.33558994890029,"W. Europe, N. Am.",0.37,0.372254707,0.9852,0.9851,0.9853,0.9856,0.985,0.985,0.923,0.9275,0.9321,0.9369,0.9176,0.912,1,"democracy",1,0,0,179,5.18738580584075,"Presidential",4,0.46733409,0,53.369999,"Democrats",53.369999,NA,0,NA,0,0,44.700001,"Republicans",44.700001,NA,0,NA,0,"Democrats",NA,0,0,0.08505,0.18522,-0.14497,0.53361,63,100,0.135,0.294,-0.847,0.06512,0.11063,0.48174,37,"high edi","Liberal democracy",0.110025,0.23961,-0.495985,0.110025,0.23961,-0.495985
"3132","USA 1980","United States of America 1980","United States of America",1980,1.956,1.956,1.956,2.307,2.307,2.307,2.182,2.182,2.182,2.142,2.142,2.142,0.946,0.946,0.946,2.334,2.334,2.334,0.938,-0.357,0.847,3,78.078,16,5,4.35770832702268,"W. Europe, N. Am.",0.39,0.385620592,0.9853,0.9856,0.9858,0.9861,0.9851,0.9852,0.9321,0.9369,0.9414,0.9455,0.9275,0.923,1,"democracy",1,0,0,181,5.19849703126583,"Presidential",5,0.49426344,0,47.599998,"Republicans",47.599998,NA,0,NA,0,0,50.310001,"Democrats",50.310001,NA,0,NA,0,"Republicans",NA,0,0,0.077616,0.131418,0,0.75852,44.1,100,0.176,0.298,1.72,0.109564,0.164346,-0.353847,55.9,"high edi","Liberal democracy",0.126808,0.214709,0.86,0.126808,0.214709,0.86
"3134","USA 1982","United States of America 1982","United States of America",1982,1.956,1.956,1.956,2.307,2.307,2.307,2.182,2.182,2.182,2.142,2.142,2.142,0.946,0.946,0.946,2.334,2.334,2.334,0.919,1.287,0.858,3,78.948,16,5,4.36878940789186,"W. Europe, N. Am.",0.4,0.406279236,0.9858,0.9861,0.9866,0.9869,0.9856,0.9853,0.9414,0.9455,0.9497,0.9528,0.9369,0.9321,1,"democracy",1,0,0,183,5.20948615284142,"Presidential",5,0.47413528,0,43.209999,"Republicans",43.209999,NA,0,NA,0,0,54.990002,"Democrats",54.990002,NA,0,NA,0,"Republicans",NA,0,0,0.067584,0.114432,-0.597276,0.66048,38.4,100,0.176,0.298,1.72,0.120736,0.147224,-0.389928,61.6,"high edi","Liberal democracy",0.121792,0.206216,0.561362,0.121792,0.206216,0.561362
"3136","USA 1984","United States of America 1984","United States of America",1984,1.206,1.206,1.956,2.307,2.307,2.307,0.892,2.182,2.182,2.142,2.142,2.142,0.946,0.946,0.946,2.334,2.334,2.334,0.919,1.287,0.859,3,84.783,16,5,4.44009505100261,"W. Europe, N. Am.",0.39,0.411505386,0.9866,0.9869,0.9874,0.9879,0.9861,0.9858,0.9497,0.9528,0.955,0.9568,0.9455,0.9414,1,"democracy",1,0,0,185,5.22035582507832,"Presidential",5,0.47413528,0,46.759998,"Republicans",46.759998,NA,0,NA,0,0,51.93,"Democrats",51.93,NA,0,NA,0,"Republicans",NA,0,0,0.074404,0.097812,-0.20724,0.830148,41.8,100,0.178,0.234,1.986,0.114072,0.139098,-0.368406,58.2,"high edi","Liberal democracy",0.126202,0.165906,0.88938,0.126202,0.165906,0.88938
"3138","USA 1986","United States of America 1986","United States of America",1986,1.206,1.206,1.206,2.307,2.307,2.307,1.186,2.182,0.892,2.142,2.142,2.142,0.946,0.946,0.946,2.334,2.334,2.334,0.925,1.287,0.859,3,89.841,16,5,4.49804144126762,"W. Europe, N. Am.",0.4,0.406172425,0.9874,0.9879,0.9881,0.9883,0.9869,0.9866,0.955,0.9568,0.9588,0.9602,0.9528,0.9497,1,"democracy",1,0,0,187,5.23110861685459,"Presidential",5,0.48377565,0,44.150002,"Republicans",44.150002,NA,0,NA,0,0,54.119999,"Democrats",54.119999,NA,0,NA,0,"Republicans",NA,0,0,0.106227,0.120472,-0.47907,0.808302,40.7,100,0.261,0.296,1.986,0.117414,0.176121,-0.191539,59.3,"high edi","Liberal democracy",0.1836135,0.208236,0.753465,0.1836135,0.208236,0.753465
"3140","USA 1988","United States of America 1988","United States of America",1988,1.964,1.206,1.206,2.307,2.307,2.307,2.401,0.905,1.186,2.142,2.142,2.142,0.946,0.946,0.946,2.334,2.334,2.334,0.925,1.287,0.86,3,94.226,16,5,4.54569615199155,"W. Europe, N. Am.",0.39,0.406489751,0.9881,0.9883,0.9885,0.9885,0.9879,0.9874,0.9588,0.9602,0.9624,0.9634,0.9568,0.955,1,"democracy",1,0,0,189,5.24174701505964,"Presidential",5,0.48377565,0,45.32,"Republicans",45.32,NA,0,NA,0,0,53.220001,"Democrats",53.220001,NA,0,NA,0,"Republicans",NA,0,0,0.103314,0.118992,0.008502,0.798372,40.2,100,0.257,0.296,1.986,0.11661,0.17641,-0.193154,59.8,"high edi","Liberal democracy",0.180157,0.207496,0.997251,0.180157,0.207496,0.997251
"3142","USA 1990","United States of America 1990","United States of America",1990,1.964,1.964,1.964,2.307,2.307,2.307,2.401,2.401,2.401,2.142,2.142,2.142,0.946,0.946,0.946,2.334,2.334,2.334,0.925,1.287,0.866,3,96.766,16,5,4.57229569291401,"W. Europe, N. Am.",0.39,0.407930505,0.9885,0.9885,0.9887,0.9888,0.9883,0.9881,0.9624,0.9634,0.9651,0.9667,0.9602,0.9588,1,"democracy",1,0,0,191,5.25227342804663,"Presidential",5,0.47696385,0,43.950001,"Republicans",43.950001,NA,0,NA,0,0.0074626864,52.549999,"Democrats",51.959999,"independent",0.58999997,NA,0,"Republicans",NA,0,0,0.098688,0.113664,0,0.630144,38.4,99.8,0.257,0.296,1.641,0.117274,0.181744,-0.198322,61.4,"high edi","Liberal democracy",0.177844,0.204832,0.8205,0.177844,0.204832,0.8205
"3144","USA 1992","United States of America 1992","United States of America",1992,2.098,2.098,1.964,2.307,2.307,2.307,2.401,2.401,2.401,2.142,2.142,2.142,0.946,0.946,0.946,2.334,2.334,2.334,0.925,1.287,0.869,3,97.233,16,5,4.57711016002005,"W. Europe, N. Am.",0.39,0.41010336,0.9887,0.9888,0.9889,0.9886,0.9885,0.9885,0.9651,0.9667,0.9674,0.9677,0.9634,0.9624,1,"democracy",1,0,0,193,5.26269018890489,"Presidential",4,0.47696382,0,49.950001,"Democrats",49.950001,NA,0,NA,0,0.011904762,46.040001,"Republicans",44.75,"independent",1.29,NA,0,"Democrats",NA,0,1,0.113263,0.1779,-0.36729,0.191539,59.3,99.8,0.191,0.3,-0.323,0.104085,0.121905,0.664605,40.5,"high edi","Liberal democracy",0.1521315,0.23895,-0.345145,0.1521315,0.23895,-0.345145
"3146","USA 1994","United States of America 1994","United States of America",1994,2.098,2.098,2.098,2.307,2.307,2.307,2.401,2.401,2.401,2.142,2.142,2.142,0.946,0.946,0.946,2.334,2.334,2.334,0.925,-0.357,0.868,3,101.014,16,5,4.61525912109663,"W. Europe, N. Am.",0.39,0.392316658,0.9889,0.9886,0.9883,0.9878,0.9888,0.9887,0.9674,0.9677,0.9672,0.9677,0.9667,0.9651,1,"democracy",1,0,0,195,5.27299955856375,"Presidential",5,0.5016579,0,44.75,"Democrats",44.75,NA,0,NA,0,0.0086580086,52.239998,"Republicans",51.529999,"independent",0.70999998,NA,0,"Democrats",NA,0,0,0.089579,0.117719,0.506868,0.151487,46.9,99.8,0.191,0.251,-0.323,0.135953,0.129605,0.868089,52.9,"high edi","Liberal democracy",0.1402895,0.1843595,0.091934,0.1402895,0.1843595,0.091934
"3148","USA 1996","United States of America 1996","United States of America",1996,2.098,2.098,2.098,2.307,2.307,2.307,2.401,2.401,2.401,2.142,2.142,2.142,0.946,0.946,0.946,2.334,2.334,2.334,0.935,1.285,0.867,3,105.35,16,5,4.6572881402502,"W. Europe, N. Am.",0.4,0.39763986,0.9883,0.9878,0.9875,0.9871,0.9886,0.9889,0.9672,0.9677,0.9677,0.9678,0.9677,0.9674,1,"democracy",1,0,0,197,5.28320372873799,"Presidential",5,0.5030669,0,48.09,"Democrats",48.09,NA,0,NA,0,0.0089285718,48.420002,"Republicans",47.790001,"independent",0.63,NA,0,"Democrats",NA,0,0,0.090916,0.119476,0.926052,0.153748,47.6,99.8,0.191,0.251,-0.323,0.134154,0.12789,0.856602,52.2,"high edi","Liberal democracy",0.140958,0.185238,0.301526,0.140958,0.185238,0.301526
"3150","USA 1998","United States of America 1998","United States of America",1998,2.098,2.098,2.098,2.307,2.307,2.307,2.401,2.401,2.401,2.142,2.142,2.142,0.955,0.946,0.946,2.334,2.334,2.334,0.935,1.285,0.867,3,111.689,16,5,4.71571822315962,"W. Europe, N. Am.",0.4,0.399044441,0.9875,0.9871,0.9867,0.9859,0.9878,0.9883,0.9677,0.9678,0.9684,0.9685,0.9677,0.9672,1,"democracy",1,0,0,199,5.29330482472449,"Presidential",5,0.5030669,0,47.130001,"Democrats",47.130001,NA,0,NA,0,0.0089285718,48.580002,"Republicans",48.02,"independent",0.56,NA,0,"Democrats",NA,0,0,0.092635,0.120765,0.220284,0.156655,48.5,99.8,0.191,0.249,-0.323,0.131841,0.127737,0.841833,51.3,"high edi","Liberal democracy",0.1418175,0.1848825,-0.051358,0.1418175,0.1848825,-0.051358
"3152","USA 2000","United States of America 2000","United States of America",2000,2.183,1.677,2.098,2.307,2.307,2.307,2.401,2.401,2.401,2.142,2.142,2.142,0.948,0.948,0.955,2.334,2.334,2.334,0.935,1.511,0.868,3,117.521,16,5,4.76661704101934,"W. Europe, N. Am.",0.4,0.398317168,0.9867,0.9859,0.985,0.9838,0.9871,0.9875,0.9684,0.9685,0.9692,0.9702,0.9678,0.9677,1,"democracy",1,0,0,201,5.30330490805908,"Presidential",4,0.50549972,0,47.32,"Republicans",47.32,NA,0,NA,0,0.018778503,47.669998,"Democrats",46.98,"independent",0.69,NA,0,"Republicans",NA,0,1,0.178816,0.126492,0.09868,0.833628,50.8,99.5,0.352,0.249,1.641,0.093017,0.120289,-0.351127,48.7,"high edi","Liberal democracy",0.265408,0.187746,0.86984,0.265408,0.187746,0.86984
"3154","USA 2002","United States of America 2002","United States of America",2002,2.183,2.183,2.183,2.307,2.307,2.307,2.401,2.401,2.401,2.142,2.142,2.142,0.948,0.948,0.948,2.334,2.334,2.334,0.941,-1.445,0.826,3,120.073,16,5,4.78809989115566,"W. Europe, N. Am.",0.4,0.400266231,0.985,0.9838,0.9826,0.9812,0.9859,0.9867,0.9692,0.9702,0.9707,0.9733,0.9685,0.9684,1,"democracy",1,0,0,203,5.31320597904179,"Presidential",4,0.50204873,0,49.650002,"Republicans",49.650002,NA,0,NA,0,0.009708738,45.57,"Democrats",45.029999,"independent",0.54000002,NA,0,"Republicans",NA,0,1,0.165375,0.126,-0.193127,0.966525,52.5,99.7,0.315,0.24,1.841,0.08496,0.116112,-0.340312,47.2,"high edi","Liberal democracy",0.2401875,0.183,0.8239365,0.2401875,0.183,0.8239365
"3156","USA 2004","United States of America 2004","United States of America",2004,2.183,2.183,2.183,2.307,2.307,2.307,1.738,2.401,2.401,2.142,2.142,2.142,0.948,0.948,0.948,2.334,2.334,2.334,0.941,-1.131,0.862,3,124.364,16,5,4.82321274935646,"W. Europe, N. Am.",0.41,0.407451743,0.9826,0.9812,0.9795,0.9784,0.9838,0.985,0.9707,0.9733,0.9749,0.9756,0.9702,0.9692,1,"democracy",1,0,0,205,5.32300997913841,"Presidential",4,0.50106466,0,49.220001,"Republicans",49.220001,NA,0,NA,0,0.0098522166,47.199997,"Democrats",46.599998,"independent",0.60000002,NA,0,"Republicans",NA,0,1,0.167265,0.105669,0.355587,0.977571,53.1,99.8,0.315,0.199,1.841,0.087796,0.096669,-0.377336,46.7,"high edi","Liberal democracy",0.2411325,0.1523345,1.0982935,0.2411325,0.1523345,1.0982935
"3158","USA 2006","United States of America 2006","United States of America",2006,2.183,2.183,2.183,2.335,2.335,2.307,2.396,1.738,1.738,2.142,2.142,2.142,0.951,0.951,0.948,2.334,2.334,2.334,0.948,-1.131,0.867,3,127.985,16,5,4.85191306955263,"W. Europe, N. Am.",0.4,0.404833166,0.9795,0.9784,0.9771,0.9757,0.9812,0.9826,0.9749,0.9756,0.9756,0.9754,0.9733,0.9707,1,"democracy",1,0,0,207,5.33271879326537,"Presidential",4,0.49860692,0,0,"Democrats",NA,NA,0,NA,0,0,0,"Republicans",NA,NA,0,NA,0,"Republicans",NA,0,1,0.100768,0.110952,-0.232279,0.433088,53.6,100,0.36,0.199,1.841,0.16704,0.092336,0.854224,46.4,"high edi","Liberal democracy",0.230384,0.154976,0.8043605,0.230384,0.154976,0.8043605
"3160","USA 2008","United States of America 2008","United States of America",2008,0.847,2.183,2.183,2.176,2.335,2.335,1.143,2.019,2.396,2.142,2.142,2.142,0.955,0.951,0.951,2.529,2.334,2.334,0.948,1.411,0.898,3,127.439,16,5,4.84763781874113,"W. Europe, N. Am.",0.39,0.390698647,0.9771,0.9757,0.9738,0.9722,0.9784,0.9795,0.9756,0.9754,0.9749,0.9743,0.9756,0.9749,1,"democracy",1,0,0,209,5.34233425196481,"Presidential",4,0.48462313,0,0,"Democrats",NA,NA,0,NA,0,0,0,"Republicans",NA,NA,0,NA,0,"Democrats",NA,0,1,0.117018,0.137703,-0.109648,0.477528,59.1,100,0.198,0.233,-0.808,0.152557,0.097342,0.752969,40.9,"high edi","Liberal democracy",0.157509,0.1853515,-0.458824,0.157509,0.1853515,-0.458824
"3162","USA 2010","United States of America 2010","United States of America",2010,1.031,1.47,0.847,2.176,2.176,2.176,1.869,1.869,1.143,2.142,2.142,2.142,0.955,0.955,0.955,2.529,2.529,2.529,0.947,-0.803,0.902,3,126.031,16,5,4.83652790843666,"W. Europe, N. Am.",0.4,0.398536119,0.9738,0.9722,0.9711,0.9702,0.9757,0.9771,0.9749,0.9743,0.9734,0.972,0.9754,0.9756,1,"democracy",1,0,0,211,5.35185813347607,"Presidential",5,0.49479312,0,0,"Democrats",NA,NA,0,NA,0,0,0,"Republicans",NA,NA,0,NA,0,"Democrats",NA,0,1,0.083472,0.095016,0.185564,0.358752,44.4,100,0.188,0.214,-0.808,0.192376,0.202384,1.023596,55.6,"high edi","Liberal democracy",0.135736,0.154508,-0.311218,0.135736,0.154508,-0.311218
"3164","USA 2012","United States of America 2012","United States of America",2012,1.031,1.031,1.031,2.176,2.176,2.176,1.852,1.852,1.869,2.142,2.142,2.142,0.961,0.961,0.955,2.614,2.614,2.529,0.947,1.385,0.899,3,127.92,16,5,4.8514050685257,"W. Europe, N. Am.",0.41,0.411618091,0.9711,0.9702,0.9696,0.969,0.9722,0.9738,0.9734,0.972,0.9691,0.9662,0.9743,0.9749,1,"democracy",1,0,0,213,5.36129216570943,"Presidential",5,0.49826789,0,0,"Democrats",NA,NA,0,NA,0,0,0,"Republicans",NA,NA,0,NA,0,"Democrats",NA,0,1,0.095634,0.08085,0.074745,0.373296,46.2,100,0.207,0.175,-0.808,0.239948,0.181306,0.990458,53.8,"high edi","Liberal democracy",0.151317,0.127925,-0.3666275,0.151317,0.127925,-0.3666275
"3166","USA 2014","United States of America 2014","United States of America",2014,0.679,1.031,1.031,2.067,2.176,2.176,1.852,1.852,1.852,1.774,2.142,2.142,0.963,0.961,0.961,2.614,2.614,2.614,0.946,1.385,0.9,3,131.003,16,5,4.87522022370229,"W. Europe, N. Am.",0.41,0.407423647,0.9696,0.969,NA,NA,0.9702,0.9711,0.9691,0.9662,NA,NA,0.972,0.9734,1,"democracy",1,0,0,215,5.37063802812766,"Presidential",5,0.49193284,1.110223e-16,0,"Democrats",NA,NA,0,NA,0,0,0,"Republicans",NA,NA,0,NA,0,"Democrats",NA,0,1,0.089424,0.076032,0.949,0.349056,43.2,100,0.207,0.176,-0.808,0.274344,0.189144,1.045688,56.8,"high edi","Liberal democracy",0.148212,0.126016,0.0705,0.148212,0.126016,0.0705
"3364","PRT 1976","Portugal 1976","Portugal",1976,2.307,2.307,1.799,2.556,2.556,1.995,1.799,1.799,1.799,1.941,1.941,0.423,0.91,0.91,0.86,0.204,0.204,0.033,0.914,0.828,0.515,2,25.97,3,5,3.25694202567466,"W. Europe, N. Am.",0.44,0.442324659,0.4306,0.4878,0.5379,0.58,0.3564,0.2811,0.6633,0.6938,0.7219,0.747,0.624,0.5721,1,"democracy",1,1,1,1,0,"Assembly-Elected President",4,0.71238047,0,36.669998,"PS",36.669998,NA,0,NA,0,0.64689827,59,"PPD",25.23,"CDS",16.709999,"PCP",15.29,"independent",NA,0,0,0.013838,0.142857,0.091086,0.566951,40.7,99.7,NA,NA,NA,0.051864,0.153556,-0.151078,59,"low edi","Electoral democracy",NA,NA,NA,0.013838,0.142857,0.091086
"3367","PRT 1979","Portugal 1979","Portugal",1979,2.307,2.307,2.307,2.556,2.556,2.556,1.799,1.799,1.799,1.941,1.941,1.941,0.91,0.91,0.91,0.204,0.204,0.204,0.934,0.715,0.752,3,28.555,3,5,3.35183205211683,"W. Europe, N. Am.",0.47,0.474351061,0.58,0.6303,0.6914,0.7673,0.5379,0.4878,0.747,0.7724,0.8031,0.8385,0.7219,0.6938,1,"democracy",1,0,1,4,1.38629436111989,"Assembly-Elected President",4,0.64715451,0,45.52,"AD (PSD+CDS)",45.52,NA,0,NA,0,0.54109251,93.830002,"PS",45.52,"APU",18.799999,"PSD",27.33,"independent",NA,0,0,0.01652,0.109032,-0.188624,0.348808,47.2,95.6,NA,NA,NA,0.024644,0.200152,-0.894096,48.4,"high edi","Liberal democracy",NA,NA,NA,0.01652,0.109032,-0.188624
"3368","PRT 1980","Portugal 1980","Portugal",1980,2.307,2.307,2.307,2.556,2.556,2.556,1.799,1.799,1.799,1.941,1.941,1.941,0.91,0.91,0.91,0.204,0.204,0.204,0.934,0.595,0.841,3,29.359,3,5,3.37959914322076,"W. Europe, N. Am.",0.41,0.411586843,0.6303,0.6914,0.7673,0.8328,0.58,0.5379,0.7724,0.8031,0.8385,0.8771,0.747,0.7219,1,"democracy",1,0,1,5,1.6094379124341,"Assembly-Elected President",3,0.61702681,0,44.91,"AD (PSD+CDS)",44.91,NA,0,NA,0,0.47398931,44.779999,"FRS",26.65,"APU",16.75,"UDP",1.38,"independent",NA,0,0,0.01764,0.116424,-0.667202,0.372456,50.4,95.2,NA,NA,NA,0.018776,0.193024,-0.888484,44.8,"high edi","Liberal democracy",NA,NA,NA,0.01764,0.116424,-0.667202
"3371","PRT 1983","Portugal 1983","Portugal",1983,2.307,2.307,2.307,2.556,2.556,2.556,1.799,1.799,1.799,1.941,1.941,1.941,0.946,0.946,0.946,1.834,1.834,1.834,0.934,0.595,0.859,3,30.266,3,5,3.41002497026483,"W. Europe, N. Am.",0.4,0.400405561,0.8328,0.8752,0.899,0.9144,0.7673,0.6914,0.8771,0.9071,0.9295,0.9484,0.8385,0.8031,1,"democracy",1,0,1,8,2.07944154167984,"Assembly-Elected President",3,0.70658171,0.49188313,63.299999,"PS",36.299999,"PSD",27,NA,0,0.50234234,36.700001,"APU",18.200001,"CDS",12.4,"UDP",6.0999999,"independent",NA,0,0,0.024836,0.181076,-0.285236,0.473276,70.4,100,NA,NA,NA,0.009832,0.101016,-0.32856,29.6,"high edi","Liberal democracy",NA,NA,NA,0.024836,0.181076,-0.285236
"3373","PRT 1985","Portugal 1985","Portugal",1985,1.859,1.859,2.307,2.556,2.556,2.556,1.799,1.799,1.799,1.941,1.941,1.941,0.953,0.953,0.946,2.305,2.305,1.834,0.934,1.137,0.865,3,31.078,3,5,3.43650017336454,"W. Europe, N. Am.",0.47,0.469506741,0.899,0.9144,0.9221,0.9258,0.8752,0.8328,0.9295,0.9484,0.9596,0.9654,0.9071,0.8771,1,"democracy",1,0,1,10,2.30258509299405,"Assembly-Elected President",4,0.76391971,0,29.870001,"PSD",29.870001,NA,0,NA,0,0.73008204,64.139999,"PS",20.77,"PRD",17.92,"APU",15.49,"independent",NA,0,0,0.013024,0.052096,-0.5872,0.29744,35.2,100,NA,NA,NA,0.020736,0.218448,-0.480888,64.8,"high edi","Liberal democracy",NA,NA,NA,0.013024,0.052096,-0.5872
"3375","PRT 1987","Portugal 1987","Portugal",1987,1.859,1.859,1.859,2.556,2.556,2.556,1.799,1.799,1.799,1.941,1.941,1.941,0.953,0.953,0.953,2.305,2.305,2.305,0.934,-1.391,0.866,3,34.526,3,5,3.54171266339436,"W. Europe, N. Am.",0.51,0.50930525,0.9221,0.9258,0.931,0.9341,0.9144,0.899,0.9596,0.9654,0.9669,0.9677,0.9484,0.9295,1,"democracy",1,0,1,12,2.484906649788,"Assembly-Elected President",4,0.57783133,0.52535242,39.290001,"PS",22.24,"CDU",12.14,"PRD",4.9099998,0.05158592,54.66,"PSD",50.220001,"CDS",4.4400001,NA,0,"PS",51,0,0,0.01316,0.14954,0.503178,0.523672,39.2,98.4,0.034,0.319,-0.711,0.020128,0.087616,0.50024,59.2,"high edi","Liberal democracy",0.02358,0.23427,-0.103911,0.01316,0.14954,0.503178
"3379","PRT 1991","Portugal 1991","Portugal",1991,1.859,1.859,1.859,2.556,2.556,2.556,1.799,1.799,1.799,1.941,1.941,1.941,0.953,0.953,0.953,2.305,2.305,2.305,0.934,-1.096,0.863,3,43.128,3,5,3.76417243814937,"W. Europe, N. Am.",0.39,0.385240145,0.9365,0.9399,0.9433,0.9481,0.9341,0.931,0.9671,0.9675,0.9681,0.9695,0.9677,0.9669,1,"democracy",1,0,1,16,2.77258872223978,"Assembly-Elected President",5,0.55393964,0.39484882,44.040001,"PS",29.139999,"CDU",8.8000002,"CDS-PP",4.4299998,0,50.599998,"PSD",50.599998,NA,0,NA,0,"PS",NA,0,0,0.012845,0.137735,-0.095353,0.432037,38.7,97.4,0.033,0.319,-0.711,0.021719,0.109182,0.496015,58.7,"high edi","Liberal democracy",0.0229225,0.2283675,-0.4031765,0.012845,0.137735,-0.095353
"3383","PRT 1995","Portugal 1995","Portugal",1995,1.991,1.991,1.859,2.556,2.556,2.556,1.799,1.799,1.799,1.941,1.941,1.941,0.953,0.953,0.953,2.388,2.388,2.305,0.934,1.408,0.865,3,47.163,3,5,3.85360968687749,"W. Europe, N. Am.",0.41,0.407108513,0.9528,0.9517,0.9474,0.9413,0.9481,0.9433,0.9712,0.9705,0.9708,0.968,0.9695,0.9681,1,"democracy",1,0,1,20,2.99573227355399,"Assembly-Elected President",4,0.65624696,0.20997375,53.029999,"PS",43.93,NA,0,"PP",9.1000004,0.42486826,51.740002,"PSD",34.02,"CDU",8.6199999,"PP",9.1000004,"PS",NA,0,0,0.016071,0.155353,0.175343,0.259084,48.7,100,0.033,0.319,-0.532,0.018338,0.094022,0.2613,51.3,"high edi","Liberal democracy",0.0245355,0.2371765,-0.1783285,0.016071,0.155353,0.175343
"3387","PRT 1999","Portugal 1999","Portugal",1999,1.991,1.991,1.991,2.556,2.556,2.556,1.799,1.799,1.799,1.941,1.941,1.941,0.953,0.953,0.953,2.388,2.388,2.388,0.934,1.216,0.87,3,54.015,3,5,3.98926178576895,"W. Europe, N. Am.",0.41,0.407108513,0.936,0.9366,0.9409,0.9338,0.9413,0.9474,0.9669,0.9673,0.9689,0.9678,0.968,0.9708,1,"democracy",1,0,1,24,3.17805383034795,"Assembly-Elected President",4,0.66068918,0.20572451,52.370003,"PS",43.990002,NA,0,"PP",8.3800001,0.46880245,52.18,"PSD",32.32,"CDU",9.0200005,"PP",8.3800001,"PS",NA,0,0,0.0165,0.1595,-0.290286,0.266,50,99.1,0.033,0.319,-0.532,0.017519,0.097286,0.209626,49.1,"high edi","Liberal democracy",0.02475,0.23925,-0.411143,0.0165,0.1595,-0.290286
"3390","PRT 2002","Portugal 2002","Portugal",2002,1.991,1.991,1.991,2.556,2.556,2.556,1.799,1.799,1.799,1.941,1.941,1.941,0.953,0.953,0.953,2.388,2.388,2.388,0.934,0.595,0.878,3,56.859,3,5,4.04057451901227,"W. Europe, N. Am.",0.41,0.410404,0.9338,0.9314,0.93,0.9251,0.9409,0.9366,0.9678,0.9673,0.9662,0.9649,0.9689,0.9673,1,"democracy",1,0,1,27,3.29583686600433,"Assembly-Elected President",4,0.60742718,0.21712539,48.519997,"PS",38.599998,"CDU",7.1100001,"BE",2.8099999,0.20937188,49.839996,"PSD",40.919998,"PP",8.9200001,NA,0,"PS",NA,0,0,0.01288,0.153577,-0.52741,0.360476,46,97.8,0.028,0.319,-0.532,0.030014,0.076271,0.500357,51.8,"high edi","Liberal democracy",0.02044,0.2362885,-0.529705,0.01288,0.153577,-0.52741
"3393","PRT 2005","Portugal 2005","Portugal",2005,1.744,1.991,1.991,2.556,2.556,2.556,1.799,1.799,1.799,1.941,1.941,1.941,0.953,0.953,0.953,2.388,2.388,2.388,0.934,1.349,0.89,3,58.443,3,5,4.06805192026718,"W. Europe, N. Am.",0.41,0.410404,0.9251,0.9189,0.9151,0.9132,0.93,0.9314,0.9649,0.9647,0.9629,0.9584,0.9662,0.9673,1,"democracy",1,0,1,30,3.40119738166216,"Assembly-Elected President",2,0.61192328,0,46.400002,"PS",46.400002,NA,0,NA,0,0.4971118,51.41,"PSD",29.639999,"CDU",7.77,"CDS-PP",7.46,"PS",NA,0,0,0.014728,0.167794,-0.23573,0.279832,52.6,100,0.028,0.319,-0.532,0.023358,0.085212,0.17615,43.9,"high edi","Liberal democracy",0.021364,0.243397,-0.383865,0.014728,0.167794,-0.23573
"3397","PRT 2009","Portugal 2009","Portugal",2009,1.391,1.474,1.744,2.481,2.556,2.556,1.799,1.799,1.799,1.941,1.941,1.941,0.953,0.949,0.953,2.383,2.078,2.25,0.934,1.338,0.895,3,60.265,3,5,4.09875150404031,"W. Europe, N. Am.",0.41,0.407969261,0.9083,0.9042,0.8965,0.8877,0.9132,0.9151,0.9519,0.9503,0.941,0.9244,0.9584,0.9629,1,"democracy",1,0,1,34,3.52636052461616,"Assembly-Elected President",3,0.68365294,0.58133972,59.099998,"PSD",30.049999,"CDS-PP",10.77,"BE",10.13,0,37.880001,"PS",37.880001,NA,0,NA,0,"PSD",NA,0,0,0.027889,0.085346,-0.761481,0.654902,51.3,100,0.06,0.106,0.845,0.009838,0.166208,-0.434064,48.7,"high edi","Liberal democracy",0.0439445,0.095673,0.0417595,0.027889,0.085346,-0.761481
"3399","PRT 2011","Portugal 2011","Portugal",2011,0.936,1.284,1.391,2.481,2.481,2.481,2.028,1.799,1.799,1.236,1.941,1.941,0.955,0.957,0.953,2.637,2.734,2.383,0.934,0.496,0.888,3,59.597,3,5,4.08760523723396,"W. Europe, N. Am.",0.46,0.210908589,0.8965,0.8877,0.8786,0.8684,0.9042,0.9083,0.941,0.9244,0.8968,0.8788,0.9503,0.9519,1,"democracy",1,0,1,36,3.58351893845611,"Assembly-Elected President",3,0.66193277,0.29979181,52.509998,"PSD",40.299999,"CDS-PP",12.21,NA,0,0.40058911,42.869999,"PS",29.24,"PCP-PEV",8.2399998,"BE",5.3899999,"PSD",NA,0,0,0.035484,0.082448,0.214948,0.699468,57.4,100.1,0.062,0.144,1.074,0.006818,0.118153,-0.264859,35.7,"high edi","Liberal democracy",0.048742,0.113224,0.644474,0.035484,0.082448,0.214948
"3560","SLV 1985","El Salvador 1985","El Salvador",1985,-0.078,-0.078,-0.078,0.325,0.325,0.325,0.251,0.251,0.251,-0.604,-0.604,-0.604,0.351,0.351,0.351,-0.606,-0.606,-0.606,0.118,-1.588,0.19,1,6.828,17,2,1.92103180493219,"Latin Am.",0,0.463676667,0.3496,0.3593,0.3686,0.3768,0.3379,0.3271,0.391,0.3934,0.3958,0.3989,0.388,0.3852,1,"democracy",1,0,0,2,0.693147180559945,"Presidential",2,0.62033898,0,54,"PDC",54,NA,0,NA,0,0.58974361,46,"ARENA",29,"PCN",8,"AD",9,"PDC",53.599998,0,1,0.3003,0.253,-0.478323,0.72765,55,96.7,0.546,0.46,1.323,0.414915,0.071033,1.195278,41.7,"low edi","Autocratic",0.42315,0.3565,0.4223385,0.42315,0.3565,0.4223385
"3563","SLV 1988","El Salvador 1988","El Salvador",1988,-0.078,-0.078,-0.078,0.325,0.325,0.325,0.251,0.251,0.251,-0.604,-0.604,-0.604,0.368,0.368,0.351,-0.606,-0.606,-0.606,0.174,-1.393,0.202,1,6.933,17,2,1.93629261996035,"Latin Am.",0,0.421514699,0.3768,0.3794,0.381,0.3895,0.3686,0.3593,0.3989,0.4012,0.4033,0.4071,0.3958,0.3934,1,"democracy",1,0,0,5,1.6094379124341,"Presidential",3,0.59945357,0,0,"ARENA",NA,NA,0,NA,0,0.38390803,0,"PDC",NA,"PCN",NA,NA,0,"PDC",53.599998,0,1,0.50546,0.126492,-0.875772,1.795272,50.8,98.4,0.542,0.195,1.323,0.309512,0.08017,0.638258,47.6,"low edi","Autocratic",0.52373,0.160746,0.223614,0.52373,0.160746,0.223614
"3566","SLV 1991","El Salvador 1991","El Salvador",1991,-0.078,-0.078,-0.078,0.325,0.325,0.325,0.53,0.53,0.251,0.959,-0.604,-0.604,0.442,0.414,0.356,-0.412,-0.606,-0.606,0.177,-1.375,0.223,1,7.48,17,2,2.01223279198639,"Latin Am.",0,0.40839929,0.3895,0.4014,0.4164,0.4325,0.381,0.3794,0.4071,0.4118,0.417,0.4216,0.4033,0.4012,1,"democracy",1,0,0,8,2.07944154167984,"Presidential",4,0.67584622,0,44.299999,"ARENA",44.299999,NA,0,NA,0,0.60707068,49.200001,"PDC",28,"PCN",9,"CD",12.2,"ARENA",NA,0,0,0.462144,0.068208,0.410842,1.156752,46.4,97.6,0.996,0.147,2.493,0.215298,0.125037,0.527167,51.2,"low edi","Autocratic",0.729072,0.107604,1.451921,0.729072,0.107604,1.451921
"3569","SLV 1994","El Salvador 1994","El Salvador",1994,-0.078,-0.078,-0.078,0.325,0.325,0.325,0.942,0.942,0.942,1.04,1.04,0.94,0.464,0.464,0.464,-0.45,-0.45,-0.45,0.329,-1.23,0.468,1,8.854,17,2,2.18086933430995,"Latin Am.",0,0.45058669,0.4325,0.4454,0.451,0.4543,0.4164,0.4014,0.4216,0.4259,0.429,0.4314,0.417,0.4118,1,"democracy",1,0,0,11,2.39789527279837,"Presidential",4,0.68158352,0,45,"ARENA",45,NA,0,NA,0,0.62727273,38,"FMLN",24,"PDC",14,"PCN",NA,"ARENA",68.300003,0,0,0.365168,0.068208,0.222463,1.156752,46.4,98.8,0.787,0.147,2.493,0.193206,0.28493,-0.151046,51.2,"low edi","Autocratic",0.576084,0.107604,1.3577315,0.576084,0.107604,1.3577315
"3572","SLV 1997","El Salvador 1997","El Salvador",1997,-0.252,-0.252,-0.078,0.325,0.325,0.325,0.942,0.942,0.942,1.04,1.04,1.04,0.491,0.491,0.464,-0.45,-0.45,-0.45,0.4,-1.162,0.489,1,9.797,17,2,2.28207621636251,"Latin Am.",0,0.454220453,0.4543,0.4516,0.4503,0.4434,0.451,0.4454,0.4314,0.4327,0.434,0.4346,0.429,0.4259,1,"democracy",1,0,0,14,2.63905732961526,"Presidential",4,0.75530696,0,35.400002,"ARENA",35.400002,NA,0,NA,0,0.69155842,66.110001,"FMLN",33.02,"UNO",15.41,"PCN",8.6999998,"ARENA",68.300003,0,0,0.19647,0.023643,-0.018135,0.830169,33.3,90.4,0.59,0.071,2.493,0.199443,0.32878,-0.393356,57.1,"low edi","Autocratic",0.393235,0.0473215,1.2374325,0.393235,0.0473215,1.2374325
"3575","SLV 2000","El Salvador 2000","El Salvador",2000,-0.252,-0.252,-0.252,0.325,0.325,0.325,1.018,0.942,0.942,1.04,1.04,1.04,0.528,0.528,0.528,-0.45,-0.45,-0.45,0.4,1.596,0.531,2,10.585,17,2,2.35943790458683,"Latin Am.",0,0.507196902,0.4434,0.4361,0.4296,0.4239,0.4503,0.4516,0.4346,0.4351,0.4361,0.4374,0.434,0.4327,1,"democracy",1,0,0,17,2.83321334405622,"Presidential",3,0.72002292,0.55053192,52.049999,"ARENA",36.040001,"PCN",8.8199997,"PDC",7.1900001,0.25555557,40.600002,"FMLN",35.220001,"CDU",5.3800001,"PAN",NA,"ARENA",NA,0,0,0.286867,0.047929,0.045308,1.212424,57.1,97.6,0.556,0.083,2.493,0.109908,0.370278,-0.935883,40.5,"low edi","Electoral democracy",0.4214335,0.0654645,1.269154,0.4214335,0.0654645,1.269154
"3578","SLV 2003","El Salvador 2003","El Salvador",2003,-0.252,-0.252,-0.252,0.325,0.325,0.325,0.99,0.99,0.99,1.04,1.04,1.04,0.563,0.563,0.563,0.134,0.134,0.134,0.446,1.596,0.544,2,11.31,17,2,2.42568729012803,"Latin Am.",0,0.185130694,0.4239,0.4145,0.4004,0.3902,0.4296,0.4361,0.4374,0.4381,0.4381,0.4388,0.4361,0.4351,1,"democracy",1,0,0,20,2.99573227355399,"Presidential",4,0.72231787,0,32,"ARENA",32,NA,0,NA,0,0.6168831,60.43,"FMLN",33.709999,"PCN",13.11,"PDC",7.29,"ARENA",NA,0,0,0.167241,0.026643,0,0.624666,32.1,100,0.521,0.083,1.946,0.200887,0.402842,-0.563637,67.9,"low edi","Electoral democracy",0.3441205,0.0548215,0.973,0.3441205,0.0548215,0.973
"3581","SLV 2006","El Salvador 2006","El Salvador",2006,-0.252,-0.252,-0.252,0.476,0.476,0.476,0.99,0.99,0.99,1.042,1.042,0.828,0.602,0.576,0.576,0.752,0.134,0.134,0.45,-1.626,0.561,2,12.4,17,2,2.51769647261099,"Latin Am.",0,0.182835686,0.3902,0.3817,0.3762,0.3739,0.4004,0.4145,0.4388,0.44,0.4419,0.4439,0.4381,0.4381,1,"democracy",1,0,0,23,3.13549421592915,"Presidential",4,0.67928857,0,39.200001,"ARENA",39.200001,NA,0,NA,0,0.54530609,60.700001,"FMLN",39.290001,"PCN",11.42,"PDC",6.9400001,"ARENA",NA,0,0,0.193995,0.03402,0.226032,0.78813,40.5,97.6,0.479,0.084,1.946,0.160818,0.381196,-0.41552,57.1,"low edi","Electoral democracy",0.3364975,0.05901,1.086016,0.3364975,0.05901,1.086016
"3584","SLV 2009","El Salvador 2009","El Salvador",2009,-1.341,-1.341,-1.081,0.317,0.317,0.476,0.672,0.672,0.716,1.042,1.042,1.042,0.659,0.659,0.626,1.287,1.287,0.918,0.591,1.586,0.597,2,13.078,17,2,2.57093142913908,"Latin Am.",0.45,0.452881698,0.3739,0.3776,0.3846,0.393,0.3762,0.3817,0.4439,0.4466,0.4497,0.4526,0.4419,0.44,1,"democracy",1,0,0,26,3.25809653802148,"Presidential",4,0.66838783,0.26219511,51.66,"FMLN",42.599998,"PDC",6.9400001,"CD",2.1199999,0.38981172,47.34,"ARENA",38.549999,"PCN",8.79,NA,0,"FMLN",NA,0,0,0.127761,0.385761,-0.034992,0.899451,47.7,98.9,0.253,0.913,-1.883,0.17528,0.070649,0.923123,51.2,"low edi","Electoral democracy",0.1903805,0.6493805,-0.958996,0.1903805,0.6493805,-0.958996
"3587","SLV 2012","El Salvador 2012","El Salvador",2012,-1.539,-1.539,-1.341,0.151,0.151,0.647,0.724,0.724,0.672,1.042,1.042,1.042,0.69,0.69,0.691,1.105,1.105,1.287,0.632,-1.594,0.624,2,13.92,17,2,2.63332665490627,"Latin Am.",0.45,0.445614171,0.393,0.4002,0.4045,0.4064,0.3846,0.3776,0.4526,0.4549,0.4565,0.4574,0.4497,0.4466,1,"democracy",1,0,0,29,3.36729582998647,"Presidential",4,0.69506598,0.11931818,0,"FMLN",NA,"CD",NA,"PES",NA,0.51183671,0,"ARENA",NA,"GANA",NA,"CN",NA,"FMLN",NA,0,0,0.093357,0.281547,0,0.476748,36.9,97.6,0.253,0.763,-1.292,0.161261,0.072836,0.948702,52.4,"high edi","Electoral democracy",0.1731785,0.5222735,-0.646,0.1731785,0.5222735,-0.646
"3711","BGD 1991","Bangladesh 1991","Bangladesh",1991,0.126,0.126,0.126,-0.17,-0.17,-0.17,1.627,1.627,1.627,0.76,0.76,0.76,0.475,0.475,0.475,0.504,0.504,0.504,0.22,0.941,0.49,1,2.961,14,8,1.08552704911945,"S. Asia",0,0.439506914,0.3917,0.4337,0.4697,0.4769,0.3221,0.2931,0.5192,0.5337,0.5463,0.5477,0.4988,0.4879,1,"democracy",1,1,0,1,0,"Parliamentary",4,0.67954081,0,0,"BNP",NA,NA,0,NA,0,0.64023989,0,"AL",NA,"Jatiya Dal",NA,"Jamaat-i-Islami",NA,"BNP",NA,1,1,0.377545,0.135541,-0.024837,0.707252,46.9,93.8,0.805,0.289,1.508,0.22253,0.149702,-0.02601,28.9,"low edi","Autocratic",0.5912725,0.2122705,0.7415815,0.377545,0.135541,-0.024837
"3716","BGD 1996","Bangladesh 1996","Bangladesh",1996,0.126,0.126,0.126,-0.17,-0.17,-0.17,1.627,1.627,1.627,-0.512,-0.512,0.253,0.477,0.477,0.477,0.76,0.76,0.76,0.225,0.82,0.5,1,3.351,14,8,1.20925880875517,"S. Asia",0,0.439506914,0.4426,0.4376,0.4368,0.4266,0.4529,0.4769,0.5229,0.5129,0.5019,0.4849,0.5338,0.5477,1,"democracy",1,0,0,6,1.79175946922805,"Parliamentary",4,0.6041472,0.29657844,0,"AL",NA,"Jatiya Dal",NA,NA,0,0.095921963,0,"BNP",NA,"Jamaat-i-Islami",NA,"Jatiya Samajtantrik Dal",NA,"AL",NA,0,0,0.449014,0.226455,-0.058766,0.007305,48.7,98.1,0.922,0.465,0.015,0.367263,0.111843,0.583596,38.7,"low edi","Autocratic",0.685507,0.3457275,-0.021883,0.449014,0.226455,-0.058766
"3721","BGD 2001","Bangladesh 2001","Bangladesh",2001,0.126,0.126,0.126,-0.112,-0.112,-0.17,1.627,1.627,1.627,-1,-1,-0.512,0.429,0.429,0.472,-0.023,-0.023,0.514,0.225,0.82,0.504,2,3.776,14,8,1.32866524828325,"S. Asia",0,0.393314313,0.395,0.3736,0.3438,0.3176,0.4141,0.4266,0.4278,0.3785,0.3422,0.3199,0.4607,0.4849,1,"democracy",1,0,0,11,2.39789527279837,"Parliamentary",3,0.54195195,0.19757798,45.25,"BNP",40.970001,"Jamaat-i-Islami",4.2800002,"BJP",NA,0.33999333,47.630001,"AL",40.130001,"Ershad",7.5,"JP",NA,"BNP",NA,1,1,0.623376,0.185976,0.714421,0.977184,64.8,90.3,0.962,0.287,1.508,0.186368,0.084864,0.00312,20.8,"low edi","Electoral democracy",0.792688,0.236488,1.1112105,0.623376,0.185976,0.714421
"3899","BOL 1979","Bolivia 1979","Bolivia",1979,-2.252,-2.252,-2.252,-2.416,-2.416,-2.416,-1.509,-3.31,-2.466,0.831,0.831,0.831,0.045,0.054,0.063,-1.711,-1.711,-1.079,0.058,0.064,0.14,1,7.443,18,2,2.00727399337777,"Latin Am.",0,0,0.1189,0.1417,0.1972,0.2642,0.0988,0.0739,0.0547,0.0744,0.1345,0.2227,0.0402,0.0299,1,"democracy",1,1,0,1,0,"Presidential",1,0.68365371,0.68365371,91.550003,"MNR",35.880001,"UDP",35.98,"ADN",14.88,NA,0,NA,0,NA,0,NA,0,"independent",NA,0,0,0.575893,0.354044,-0.37131,1.512352,89.7,89.7,NA,NA,NA,NA,NA,NA,NA,"low edi","Autocratic",NA,NA,NA,NA,NA,NA
"3905","BOL 1985","Bolivia 1985","Bolivia",1985,0.085,0.085,0.085,0.773,0.773,0.773,-0.367,-0.367,-0.367,1.115,1.115,1.115,0.562,0.562,0.562,-0.015,-0.015,-0.015,0.529,1.087,0.463,1,6.651,18,2,1.89476721930228,"Latin Am.",0.48,0.483110101,0.4148,0.437,0.448,0.4645,0.3771,0.3319,0.3977,0.4204,0.4305,0.4431,0.3601,0.3084,1,"democracy",1,0,1,4,1.38629436111989,"Presidential",4,0.71349537,0.6055873,78.269997,"MNRH",32.389999,"ADN",35.02,"MIR",10.86,0.79051381,21.73,"MNRI",5.8499999,"MNRV",5.1199999,"PS-I",2.75,"MNRH",NA,0,0,0.51185,0.131264,-0.053361,1.198086,76.1,86.9,0.645,0.134,1.206,0.033162,0.059296,-0.093642,10.8,"low edi","Autocratic",0.578425,0.132632,0.5763195,0.578425,0.132632,0.5763195
"3909","BOL 1989","Bolivia 1989","Bolivia",1989,0.085,0.085,0.085,0.773,0.773,0.773,-0.365,-0.365,-0.365,1.115,1.115,1.115,0.562,0.562,0.562,-0.015,-0.015,-0.015,0.529,1.087,0.646,2,6.565,18,2,1.88175250775476,"Latin Am.",0,0.49400913,0.4725,0.4783,0.4864,0.4976,0.4645,0.448,0.451,0.4556,0.4614,0.4709,0.4431,0.4305,1,"democracy",1,0,1,8,2.07944154167984,"Presidential",6,0.8031497,0.50462776,42.169998,"ADN",22.610001,"MIR",19.559999,NA,0,0.69073683,41.139999,"MNRH",22.98,"United L.",7.1799998,"Condepa",10.98,"MIR",NA,0,0,0.231114,0.117102,0.03488,0.816044,54.6,100,0.319,0.407,-0.94,0.123221,0.126654,0.492203,37.7,"high edi","Electoral democracy",0.275057,0.262051,-0.45256,0.275057,0.262051,-0.45256
"3913","BOL 1993","Bolivia 1993","Bolivia",1993,0.427,-0.576,-0.576,0.773,0.773,0.773,-0.326,-0.925,-0.634,0.833,0.833,1.115,0.537,0.537,0.562,-0.015,-0.015,-0.015,0.529,1.087,0.712,2,7.272,18,2,1.98403135687518,"Latin Am.",0.4,0.208253035,0.512,0.5326,0.5587,0.5765,0.4976,0.4864,0.4842,0.5004,0.5179,0.5275,0.4709,0.4614,1,"democracy",1,0,1,12,2.484906649788,"Presidential",4,0.7364341,0.501136,52,"MNR",33.799999,"UCS",13.1,"MBL",5.0999999,0.47215685,35.380001,"AP",20,"Condepa",13.6,NA,0,"MNR",NA,0,0,0.13195,0.191086,0.18848,0.515228,60.8,97.7,0.219,0.219,1.056,0.143634,0.156872,0.107444,36.9,"high edi","Electoral democracy",0.175475,0.205043,0.62224,0.175475,0.205043,0.62224
"3917","BOL 1997","Bolivia 1997","Bolivia",1997,0.401,0.401,0.081,0.773,0.773,0.773,-0.1,-0.47,-0.312,0.833,0.833,0.833,0.537,0.537,0.537,-0.015,-0.015,-0.015,0.679,1.087,0.739,2,8.189,18,2,2.10279179028805,"Latin Am.",0.54,0.541273438,0.5834,0.5815,0.5704,0.5467,0.5765,0.5587,0.5313,0.5302,0.5219,0.5076,0.5275,0.5179,1,"democracy",1,0,1,16,2.77258872223978,"Presidential",5,0.81979728,0.66309637,54.900002,"ADN",22.299999,"MIR",16.700001,"UCS",15.9,0.62901956,39.799999,"MNR",17.700001,"Condepa",15.9,"MBL",2.5,"ADN",NA,0,0,0.146914,0.127288,0.41642,0.370634,60.8,93.9,0.311,0.047,1.018,0.087525,0.128152,0.196836,33.1,"high edi","Electoral democracy",0.228957,0.087144,0.71721,0.228957,0.087144,0.71721
"3922","BOL 2002","Bolivia 2002","Bolivia",2002,-0.717,-0.385,0.083,1.501,0.773,0.773,-0.1,-0.1,-0.1,0.686,0.833,0.833,0.575,0.537,0.537,-0.61,-0.015,-0.015,0.689,1.335,0.727,2,8.471,18,2,2.13664856544941,"Latin Am.",0.44,0.613958789,0.5168,0.5073,0.4924,0.4776,0.5293,0.5467,0.4885,0.4819,0.4731,0.4615,0.4972,0.5076,1,"democracy",1,0,1,21,3.04452243772342,"Presidential",5,0.80755526,0,22.5,"MNR",22.5,NA,0,NA,0,0.72072828,58.099998,"MAS",20.9,"MIR",16.299999,"NFR",20.9,"MNR",NA,0,0,0.081675,0.03355,0.518452,0.38665,27.5,87,0.297,0.122,1.406,0.223614,0.315544,-0.210573,59.5,"high edi","Electoral democracy",0.1893375,0.077775,0.962226,0.1893375,0.077775,0.962226
"3925","BOL 2005","Bolivia 2005","Bolivia",2005,-2.37,-1.984,-0.737,1.475,1.475,1.501,-1.301,-1.267,-0.1,0.686,0.686,0.686,0.53,0.53,0.559,-0.61,-0.61,-0.61,0.729,1.376,0.748,2,9.009,18,2,2.1982240776693,"Latin Am.",0.61,0.614785662,0.4776,0.4555,0.4375,0.4182,0.4924,0.5073,0.4615,0.4471,0.4383,0.4297,0.4731,0.4819,1,"democracy",1,0,1,24,3.17805383034795,"Presidential",2,0.58163387,0,53.740002,"MAS",53.740002,NA,0,NA,0,0.42407742,42.860001,"PODEMOS",28.59,"UN",7.8000002,"MNR",6.4699998,"MAS",NA,0,0,0.337386,0.520206,0.108914,1.298022,55.4,100.1,0.609,0.939,-2.343,0.092072,0.059965,0.558277,44.7,"high edi","Electoral democracy",0.473193,0.729603,-1.117043,0.473193,0.729603,-1.117043
"3929","BOL 2009","Bolivia 2009","Bolivia",2009,-1.59,-1.59,-2.476,0.579,0.579,1.069,-1.202,-1.394,-1.347,0.004,0.217,0.686,0.369,0.369,0.449,-1.305,-1.305,-1.006,0.429,-1.307,0.712,2,10.387,18,2,2.34055502424567,"Latin Am.",0,0.396756112,0.4091,0.4123,0.4305,0.4538,0.4182,0.4375,0.4255,0.4284,0.4377,0.4506,0.4297,0.4383,1,"democracy",1,0,1,28,3.3322045101752,"Presidential",2,0.46356592,0,0,"MAS",NA,NA,0,NA,0,0.22183508,0,"PP",NA,"UN",NA,"AS",NA,"MAS",NA,0,1,0.5754,0.643215,0.135259,1.604955,68.5,97,0.84,0.939,-2.343,NA,NA,NA,NA,"high edi","Electoral democracy",0.7077,0.7911075,-1.1038705,0.7077,0.7911075,-1.1038705
"3934","BOL 2014","Bolivia 2014","Bolivia",2014,-1.152,-1.306,-1.306,0.517,0.517,0.517,-1.082,-1.127,-1.125,1.234,0.828,0.828,0.417,0.412,0.418,-1.168,-1.168,-1.012,0.435,-0.445,0.646,2,12.52,18,2,2.52732736567195,"Latin Am.",0,0.377611949,0.4753,0.4787,NA,NA,0.4664,0.4538,0.464,0.4661,NA,NA,0.4583,0.4506,1,"democracy",1,0,1,33,3.49650756146648,"Presidential",2,0.47895053,0,0,"MAS",NA,NA,0,NA,0,0.37166086,0,"PP",NA,"PDC",NA,NA,0,"MAS",NA,0,1,0.616747,0.603884,-1.141476,1.586211,67.7,75.4,0.911,0.892,-2.343,0.017479,0.018249,0.099099,7.7,"high edi","Electoral democracy",0.7638735,0.747942,-1.742238,0.7638735,0.747942,-1.742238
"4328","HND 1985","Honduras 1985","Honduras",1985,-1.529,-1.529,-1.529,0.443,0.443,0.443,-0.246,-0.246,-2.402,0.173,0.173,-1.263,0.488,0.488,0.488,-0.74,-0.74,-0.74,0.188,0.479,0.403,1,7.576,17,2,2.02498535588378,"Latin Am.",0,0.303136706,0.4127,0.4063,0.4045,0.4021,0.4239,0.4337,0.3892,0.39,0.391,0.3919,0.3891,0.3889,1,"democracy",1,0,2,4,1.38629436111989,"Assembly-Elected President",3,0.53248793,0,0,"PL",NA,NA,0,NA,0,0.11578471,0,"PN",NA,"PDCH",NA,"PINU",NA,"PL",NA,0,0,0.2415,0.1135,0,0.422,50,97,0.483,0.227,0.844,0.34733,0.02491,0.76046,47,"low edi","Autocratic",0.36225,0.17025,0.422,0.2415,0.1135,0
"4332","HND 1989","Honduras 1989","Honduras",1989,-0.266,-0.95,-1.529,1.056,1.056,0.443,-0.246,-0.246,-0.246,0.173,0.173,0.173,0.597,0.597,0.488,-0.74,-0.74,-0.74,0.188,-0.986,0.407,1,7.694,17,2,2.0404408043301,"Latin Am.",0,0.355009707,0.4038,0.4018,0.4004,0.3997,0.4021,0.4045,0.3928,0.3934,0.394,0.3946,0.3919,0.391,1,"democracy",1,0,2,8,2.07944154167984,"Presidential",2,0.51144195,0,50.98,"PN",50.98,NA,0,NA,0,0.068922304,45.079998,"PL",43.189999,"PINU",1.89,NA,0,"PN",NA,0,1,0.346875,0.058275,0.70047,1.058385,55.5,99.3,0.625,0.105,1.907,0.12483,0.099426,0.466908,43.8,"low edi","Autocratic",0.4859375,0.0816375,1.303735,0.4859375,0.0816375,1.303735
"4336","HND 1993","Honduras 1993","Honduras",1993,-0.255,-0.965,-0.266,1.056,1.056,1.056,-1.334,-1.334,-1.334,0.173,0.173,0.173,0.589,0.589,0.589,-0.746,-0.746,-0.746,0.188,-0.986,0.491,1,7.874,17,2,2.06356619252155,"Latin Am.",0,0.340978334,0.3993,0.3999,0.4012,0.4016,0.3997,0.4004,0.3948,0.3948,0.3948,0.3948,0.3946,0.394,1,"democracy",1,0,2,12,2.484906649788,"Presidential",2,0.51144195,0,53.009998,"PL",53.009998,NA,0,NA,0,0.068922304,45.800003,"PN",42.970001,"PINU",2.8299999,NA,0,"PL",NA,0,1,0.155955,0.167055,-0.393356,0.45843,55.5,98.5,0.281,0.301,0.826,0.24123,0.04515,0.70047,43,"low edi","Autocratic",0.2184775,0.2340275,0.216322,0.2184775,0.2340275,0.216322
"4340","HND 1997","Honduras 1997","Honduras",1997,-0.254,-0.988,-0.255,1.056,1.056,1.056,-0.261,-0.261,-0.946,0.173,0.173,0.173,0.645,0.589,0.589,-0.013,-0.746,-0.746,0.188,-0.986,0.548,2,8.033,17,2,2.08355805719168,"Latin Am.",0,0.340978334,0.3978,0.3887,0.3829,0.3769,0.4016,0.4012,0.3943,0.3933,0.3927,0.392,0.3948,0.3948,1,"democracy",1,0,2,16,2.77258872223978,"Presidential",2,0.54481423,0,49.700001,"PL",49.700001,NA,0,NA,0,0.099818513,45.5,"PN",41.299999,"PINU",4.1999998,NA,0,"PL",NA,0,1,0.188803,0.117152,0,0.55961,52.3,94.5,0.361,0.224,1.07,0.194542,0.043044,0.687438,42.2,"low edi","Electoral democracy",0.2749015,0.170576,0.535,0.2749015,0.170576,0.535
"4344","HND 2001","Honduras 2001","Honduras",2001,0.77,-0.969,-0.254,1.056,1.056,1.056,0.796,0.796,0.796,0.173,0.173,0.173,0.645,0.645,0.645,-0.013,-0.013,-0.013,0.256,-0.986,0.554,2,8.22,17,2,2.10657020906809,"Latin Am.",0,0.367144341,0.3664,0.3597,0.3552,0.349,0.3769,0.3829,0.3908,0.3902,0.3896,0.3887,0.392,0.3927,1,"democracy",1,0,2,20,2.99573227355399,"Presidential",4,0.58981299,0,46.459999,"PN",46.459999,NA,0,NA,0,0.31976482,53.529999,"PL",40.82,"PUD",4.46,"PINU",4.5599999,"PN",NA,0,0,0.237069,0.050085,0.051918,0.777033,47.7,94.6,0.497,0.105,1.629,0.17718,0.138947,0.41642,46.9,"low edi","Electoral democracy",0.3670345,0.0775425,0.840459,0.3670345,0.0775425,0.840459
"4348","HND 2005","Honduras 2005","Honduras",2005,-0.086,0.375,0.77,0.943,0.943,1.056,0.796,0.796,0.796,0.173,0.173,0.173,0.68,0.672,0.645,0.477,0.294,-0.013,0.256,-0.986,0.562,2,9.027,17,2,2.20022008631602,"Latin Am.",0,0.393228322,0.3431,0.3365,0.3298,0.3216,0.349,0.3552,0.3882,0.3878,0.3874,0.3865,0.3887,0.3896,1,"democracy",1,0,2,24,3.17805383034795,"Presidential",4,0.58255416,0,44.77,"PL",44.77,NA,0,NA,0,0.2997669,55.07,"PN",40.360001,"PUD",5.6599998,"PDCH",4.3899999,"PL",NA,0,0,0.187792,0.146168,0.628547,0.409948,48.4,95.3,0.388,0.302,0.847,0.22319,0.071007,0.65679,46.9,"low edi","Electoral democracy",0.287896,0.224084,0.7377735,0.287896,0.224084,0.7377735
"4356","HND 2013","Honduras 2013","Honduras",2013,0.728,1.151,1.151,0.366,1.15,1.15,0.767,0.615,1.014,0.314,0.873,0.873,0.474,0.626,0.626,-0.58,-0.332,-0.332,0.275,-0.705,0.411,1,10.063,17,2,2.3088653309512,"Latin Am.",0,0.380104306,0.3035,0.3018,0.3015,NA,0.3075,0.3089,0.3865,0.3866,0.3865,NA,0.3868,0.3865,1,"democracy",1,0,3,4,1.38629436111989,"Presidential",4,0.72650099,0,0,"PN",NA,NA,0,NA,0,0.65348101,0,"LIBRE",NA,"PL",NA,"PAC",NA,"PN",NA,0,1,0.298125,0.021,0.179034,0.798375,37.5,97.7,0.795,0.056,2.129,0.30778,0.308813,-0.0819049999999999,60.2,"low edi","Autocratic",0.5465625,0.0385,1.154017,0.5465625,0.0385,1.154017
"4460","MLI 1992","Mali 1992","Mali",1992,0.936,0.936,0.936,1.472,1.472,1.472,1.642,1.642,1.642,0.545,0.545,0.545,0.759,0.759,0.759,0.67,0.67,0.67,0.488,1.049,0.468,1,2.416,6,4,0.882113280072569,"Sub-S. Africa",0,0,0.2922,0.3142,0.3286,0.3361,0.2324,0.1581,0.4069,0.4152,0.4227,0.4267,0.3885,0.3668,1,"democracy",1,1,0,1,0,"Presidential",3,0.58076674,0,0,"Adema",NA,NA,0,NA,0,0.88933134,0,"CNID",NA,"US/RDA",NA,"MDOWA",NA,"Adema",70,0,1,0.074214,0.242668,0.140416,0.48887,58.9,78.4,0.126,0.412,-0.83,0.00595,0.04634,-0.05635,7,"low edi","Autocratic",0.100107,0.327334,-0.344792,0.100107,0.327334,-0.344792
"4465","MLI 1997","Mali 1997","Mali",1997,0.936,0.936,0.936,1.472,1.472,1.472,1.642,1.642,1.642,0.545,0.545,0.545,0.749,0.749,0.749,0.67,0.67,0.67,0.557,1.362,0.548,2,2.713,6,4,0.998055033676795,"Sub-S. Africa",0.37,0.372032594,0.3397,0.3359,0.3368,0.334,0.3398,0.3361,0.432,0.4323,0.4326,0.4325,0.4297,0.4267,1,"democracy",1,0,0,6,1.79175946922805,"Presidential",3,0.21507782,0.13525181,0,"Adema",NA,"PARENA",NA,"PDP",NA,0.5714286,0,"CDS",NA,"UDD",NA,NA,0,"Adema",NA,0,1,0.114714,0.267969,0,0.768614,92.5,92.5,0.126,0.273,-0.83,NA,NA,NA,NA,"low edi","Electoral democracy",0.120357,0.2704845,-0.415,0.120357,0.2704845,-0.415
"4475","MLI 2007","Mali 2007","Mali",2007,0.917,0.917,0.917,1.472,1.472,1.472,1.662,1.035,1.642,0.545,0.545,0.545,0.76,0.76,0.749,0.67,0.67,0.67,0.387,1.238,0.611,2,3.591,6,4,1.27843071524395,"Sub-S. Africa",0.45,0.449561197,0.2995,0.2918,0.2887,0.2869,0.2985,0.3034,0.4258,0.426,0.4288,0.4329,0.4239,0.4246,1,"democracy",1,0,0,16,2.77258872223978,"Presidential",3,0.81891501,0.70350474,0,"Adema",NA,"URD",NA,"MPR",NA,0.60818714,0,"RPM",NA,"Parena",NA,"SADI",NA,"independent",NA,0,NA,0.067191,0.195033,0.041724,0.680113,63.2,70.7,NA,NA,NA,0.0138,0.019875,0.011775,7.5,"high edi","Electoral democracy",NA,NA,NA,NA,NA,NA
"4534","PAK 1988","Pakistan 1988","Pakistan",1988,-0.49,-0.711,-0.244,-0.336,-0.336,-0.336,-0.315,-0.315,-0.544,-0.665,-0.665,-0.665,0.442,0.442,0.407,-0.794,-0.794,-1.124,0.429,-1.646,0.212,1,6.06,14,8,1.80170980008122,"S. Asia",0,0,0.3599,0.3949,0.3957,0.4189,0.2677,0.2391,0.2639,0.2745,0.2745,0.2846,0.24,0.2234,1,"democracy",1,1,1,1,0,"Parliamentary",5,0.71733218,0,37.630001,"PPP",37.630001,NA,0,NA,0,0.73735791,49.190002,"IJI",29.57,"MQM",NA,"JUP",NA,"PPP",NA,0,0,0.192496,0.305088,0.169391,0.345948,45.4,91.8,0.424,0.672,-0.762,0.168833,0.113549,0.394847,27.1,"low edi","Autocratic",0.308248,0.488544,-0.2963045,0.192496,0.305088,0.169391
"4536","PAK 1990","Pakistan 1990","Pakistan",1990,-0.49,-0.49,-0.49,-0.336,-0.336,-0.336,-0.315,-0.315,-0.315,-0.665,-0.665,-0.665,0.442,0.442,0.442,-0.794,-0.794,-0.794,0.438,1.429,0.373,1,6.254,14,8,1.83322125903565,"S. Asia",0,0.281186035,0.3957,0.4189,0.431,0.4157,0.3949,0.3599,0.2745,0.2846,0.2902,0.2836,0.2745,0.2639,1,"democracy",1,0,1,3,1.09861228866811,"Parliamentary",4,0.68507677,0,37.369999,"IJI",37.369999,NA,0,NA,0,0.74877846,42.370003,"PDA",36.830002,"MQM",5.54,"Awami",NA,"IJI",NA,0,0,0.350844,0.237783,0.106236,0.729573,50.7,90.2,0.692,0.469,1.439,0.14642,0.188623,-0.226006,28.9,"low edi","Autocratic",0.521422,0.3533915,0.772618,0.350844,0.237783,0.106236
"4543","PAK 1997","Pakistan 1997","Pakistan",1997,-0.146,-0.588,-1.151,-0.322,-0.072,-0.072,-1.168,0.026,-1.242,-1.251,-1.003,-1.003,0.355,0.416,0.416,-0.853,-0.853,-0.853,0.438,0.868,0.388,1,6.883,14,8,1.92905460341623,"S. Asia",0,0.502707734,0.3319,0.2538,0.1824,0.098,0.3749,0.3861,0.2618,0.2437,0.2313,0.2074,0.2712,0.2741,1,"democracy",1,0,1,10,2.30258509299405,"Parliamentary",3,0.55368012,0.24482614,0,"PML-N",NA,"MQM",NA,"ANP",NA,0.80569732,0,"PPP",NA,"BNP",NA,"JUI",NA,"PML",NA,0,0,0.40114,0.241978,0.423576,0.392082,64.7,89.3,0.62,0.374,0.606,0.038367,0.054636,-0.05394,8.7,"low edi","Autocratic",0.51057,0.307989,0.514788,0.40114,0.241978,0.423576
"4559","PAK 2013","Pakistan 2013","Pakistan",2013,-1.072,-1.154,-1.154,1.44,1.415,1.415,1.413,1.313,1.313,0.701,0.867,0.867,0.689,0.726,0.726,0.707,0.707,0.707,0.521,0.945,0.467,1,9.772,14,8,2.27952115339549,"S. Asia",0.51,0.543924576,0.4804,0.4745,0.4415,NA,0.4575,0.4059,0.5045,0.5009,0.4991,NA,0.5084,0.4846,1,"democracy",1,0,2,6,1.79175946922805,"Assembly-Elected President",4,0.72235715,0.23040935,0,"PML-N",NA,"JUI-F",NA,"PML-F",NA,0.75159681,0,"PPPP",NA,"PTI",NA,"MQM",NA,"PML-N",NA,0,0,0.23328,0.19926,0,0.2916,48.6,87,0.48,0.41,0.6,0.103757,0.121817,0.055642,22.9,"low edi","Autocratic",0.35664,0.30463,0.3,0.23328,0.19926,0
"4762","PER 1980","Peru 1980","Peru",1980,-0.281,-0.281,-0.644,0.197,0.197,-1.8,0.035,0.295,-1.228,0.757,0.757,-1.179,0.727,0.727,0.192,1.769,1.769,-0.956,0.414,1.263,0.442,1,12.914,18,2,2.55831199420428,"Latin Am.",0,0,0.432,0.5027,0.5616,0.5813,0.3384,0.2496,0.2844,0.4913,0.6092,0.6661,0.1281,0.0712,1,"democracy",1,1,2,1,0,"Presidential",4,0.59872752,0,38.900002,"AP",38.900002,NA,0,NA,0,0.48464316,52.799999,"APRA",26.5,"PPC",9.6000004,"FNTC",2.5999999,"AP",NA,0,0,0.12512,0.132736,-0.266868,0.476,54.4,92.2,0.23,0.244,0.875,0.258244,0.179242,-0.14497,37.8,"low edi","Autocratic",0.17756,0.188368,0.304066,0.17756,0.188368,0.304066
"4767","PER 1985","Peru 1985","Peru",1985,-0.74,-0.74,-0.74,0.197,0.197,0.197,0.553,0.553,0.553,0.757,0.757,0.757,0.648,0.648,0.666,0.694,0.694,0.694,0.588,1.02,0.662,2,12.069,18,2,2.49064018163576,"Latin Am.",0.52,0.515984808,0.548,0.4981,0.4551,0.4324,0.5694,0.5813,0.622,0.5642,0.5187,0.4884,0.6628,0.6661,1,"democracy",1,0,2,6,1.79175946922805,"Presidential",4,0.57102728,0,50.099998,"APRA",50.099998,NA,0,NA,0,0.52825344,45.799999,"United Left",24.4,"Conde",11.1,"AP",8.3999996,"APRA",NA,0,1,0.450846,0.395604,0.1623437,0.587466,59.4,98.4,0.759,0.666,-0.989,0.245169,0.248687,-0.703674,39,"high edi","Electoral democracy",0.604923,0.530802,-0.41332815,0.604923,0.530802,-0.41332815
"4783","PER 2001","Peru 2001","Peru",2001,-0.616,-0.616,-0.982,1.215,1.215,1.215,0.578,0.578,0.578,1.303,1.303,1.303,0.804,0.804,0.761,2.092,2.092,2.092,0.722,0.909,0.728,2,13.06,18,2,2.56955412384829,"Latin Am.",0.5,0.163780364,0.406,0.453,0.5072,0.5699,0.3321,0.301,0.3921,0.4671,0.5323,0.5973,0.214,0.1409,1,"democracy",1,1,3,1,0,"Presidential",4,0.78161263,0,26.299999,"PP",26.299999,NA,0,NA,0,0.79485196,58.629997,"APRA",19.709999,"UN",13.84,"FIM",10.98,"PP",53.080002,0,0,0.1275,0.21675,0.261006,0.427125,37.5,90,0.34,0.578,1.139,0.206846,0.150381,0.451079,46.7,"high edi","Electoral democracy",0.23375,0.397375,0.700003,0.23375,0.397375,0.700003
"4788","PER 2006","Peru 2006","Peru",2006,-1.529,-1.239,-0.907,1.098,1.098,1.098,0.578,0.578,0.578,0.194,0.194,0.194,0.807,0.807,0.819,1.622,1.622,1.847,0.845,0.463,0.793,2,16.363,18,2,2.79502268844676,"Latin Am.",0.52,0.518606695,0.6221,0.5929,0.5845,0.5893,0.6044,0.5699,0.6426,0.6075,0.5954,0.6005,0.6281,0.5973,1,"democracy",1,0,3,6,1.79175946922805,"Presidential",4,0.74187666,0,20.59,"PAP",20.59,NA,0,NA,0,0.65203673,64.769997,"UPP",21.15,"UN",15.33,"AF",13.09,"PAP",52.630001,0,0,0.1725,0.1026,0.327657,0.5454,30,96.7,0.575,0.342,1.818,0.308641,0.38446,-0.039681,62.5,"high edi","Electoral democracy",0.37375,0.2223,1.0728285,0.37375,0.2223,1.0728285
"4793","PER 2011","Peru 2011","Peru",2011,0.179,-0.863,-1.456,1.176,1.176,1.098,0.783,0.783,0.697,1.043,1.043,1.043,0.825,0.83,0.815,1.495,1.495,1.622,0.829,0.2,0.811,2,21.802,18,2,3.08200170870617,"Latin Am.",0.49,0.494329104,0.6107,0.6156,0.6116,0.597,0.5977,0.5893,0.6181,0.6288,0.6324,0.6338,0.606,0.6005,1,"democracy",1,0,3,11,2.39789527279837,"Presidential",4,0.75447226,0,25.43,"Gana Peru",25.43,NA,0,NA,0,0.71267998,68.729996,"Fuerza 2011",22.91,"Peru Posible",14.82,"Alianza Por El Gran Cambio",14.35,"Gana Peru",51.5,1,0,0.247608,0.291048,0.15009,0.344986,36.2,100.1,0.684,0.804,-0.953,0.365977,0.222896,0.850408,53.9,"high edi","Electoral democracy",0.465804,0.547524,-0.401455,0.465804,0.547524,-0.401455
"4904","SEN 2001","Senegal 2001","Senegal",2001,0.584,0.584,0.584,0.908,0.908,0.908,1.111,1.111,1.111,0.494,0.494,0.494,0.645,0.645,0.645,-0.271,-0.271,-0.271,0.672,1.123,0.604,2,4.926,6,4,1.59452729969835,"Sub-S. Africa",0.35,0.562685619,0.3298,0.332,0.3335,0.3345,0.3268,0.3226,0.3632,0.3637,0.3639,0.3642,0.3625,0.3618,1,"democracy",1,0,0,2,0.693147180559945,"Presidential",3,0.43703312,0,49.59,"Sopi Coalition",49.59,NA,0,NA,0,0.7772401,45.139999,"AFP",16.139999,"PS",17.360001,"URD",3.6700001,"PDS",58.490002,0,1,0.422198,0.215922,-0.201842,0.986118,74.2,91.7,0.569,0.291,1.329,0.04873,0.055614,-0.167551,17.5,"high edi","Electoral democracy",0.495599,0.253461,0.563579,0.495599,0.253461,0.563579
"4910","SEN 2007","Senegal 2007","Senegal",2007,0.584,0.584,0.584,0.908,0.908,0.908,1.111,1.111,1.111,0.494,0.494,0.494,0.645,0.645,0.645,-0.271,-0.271,-0.271,0.799,0.8,0.674,2,5.359,6,4,1.67877739051271,"Sub-S. Africa",0.29,0.291331092,0.3343,0.3342,0.3334,0.3339,0.3345,0.3347,0.364,0.364,0.3642,0.3649,0.3639,0.3643,1,"democracy",1,0,0,8,2.07944154167984,"Presidential",2,0.23717622,0,69.209999,"Sopi Coalition",69.209999,NA,0,NA,0,0.94411957,30.389999,"TD",5.04,"Waar Wi",4.3499999,"And Defar",4.9400001,"PDS",NA,0,1,0.639909,0.138807,-0.613227,1.160217,87.3,89.3,0.733,0.159,1.329,NA,NA,NA,NA,"high edi","Electoral democracy",0.6864545,0.1489035,0.3578865,0.6864545,0.1489035,0.3578865
"4915","SEN 2012","Senegal 2012","Senegal",2012,0.587,0.587,0.391,1.342,1.342,0.908,1.111,1.111,1.111,0.494,0.494,0.494,0.718,0.718,0.645,0.054,0.054,-0.414,0.795,0.909,0.692,2,5.547,6,4,1.7132572410731,"Sub-S. Africa",0.16,0.158098881,0.3356,0.3343,0.333,0.3326,0.335,0.3339,0.3671,0.3681,0.3693,0.3697,0.366,0.3649,1,"democracy",1,0,0,13,2.56494935746154,"Presidential",2,0.36463335,0,53.060001,"BBY",53.060001,NA,0,NA,0,0.8296296,41.400002,"PDS",15.23,"Bokk Gis Gis",7.3000002,"Bes Du Niak",5.7800002,"APR-Yakaar",65.800003,0,NA,0.313235,0.383019,-0.08428,0.358436,79.3,92.7,0.395,0.483,0.452,0.05408,0.02072,0.10632,8,"high edi","Electoral democracy",0.3541175,0.4330095,0.18386,0.3541175,0.4330095,0.18386
"5028","SDN 1986","Sudan 1986","Sudan",1986,-0.837,-0.243,-0.243,-0.584,-0.584,-0.584,0.357,0.357,0.357,-0.004,-0.004,-0.004,0.464,0.464,0.464,0.096,0.096,0.096,0.211,-1.468,0.332,1,3.914,5,4,1.36455986897388,"Sub-S. Africa",0,0,0.3504,0.3382,0.268,0.1328,0.3041,0.2593,0.2508,0.2335,0.1936,0.1272,0.2479,0.2372,1,"democracy",1,1,2,1,0,"Presidential",3,0.75990891,0.58818233,0,"UP",NA,"DUP",NA,"SSPA",NA,0.54413581,0,"NIF",NA,"SNP",NA,"SCP",NA,"UP",NA,0,1,0.119978,0.0717,0.345469,0.003824,23.9,80.7,NA,NA,NA,NA,NA,NA,NA,"low edi","Autocratic",NA,NA,NA,NA,NA,NA
"5751","ARG 1983","Argentina 1983","Argentina",1983,0.571,0.571,-0.057,1.376,1.376,1.445,1.855,1.855,-0.756,1.538,1.538,1.538,0.769,0.769,0.608,0.661,0.661,-0.347,0.631,1.295,0.268,1,29.39,18,2,3.38065448043083,"Latin Am.",0,0,0.4117,0.4794,0.5271,0.556,0.3116,0.2255,0.4518,0.475,0.4932,0.5044,0.4285,0.4078,1,"democracy",1,1,4,1,0,"Presidential",2,0.54949534,0,46.810001,"UCR",46.810001,NA,0,NA,0,0.19942467,43.710003,"FJDL",37.080002,"Partido Intrans.",2.72,"UdCD",1.59,"UCR",NA,0,1,0.00762,0.291592,-0.189992,0.25654,50.8,94.5,0.015,0.574,-0.505,0.181355,0.331246,-0.19665,43.7,"low edi","Autocratic",0.01131,0.432796,-0.347496,0.01131,0.432796,-0.347496
"5753","ARG 1985","Argentina 1985","Argentina",1985,0.571,0.571,0.571,1.376,1.376,1.376,1.855,1.855,1.855,0.638,0.638,1.538,0.769,0.769,0.769,0.661,0.661,0.661,0.698,1.295,0.832,2,28.778,18,2,3.35961120634123,"Latin Am.",0.36,0.362270289,0.5271,0.556,0.5487,0.5444,0.4794,0.4117,0.4932,0.5044,0.5064,0.505,0.475,0.4518,1,"democracy",1,0,4,3,1.09861228866811,"Presidential",2,0.59237307,0,45,"UCR",45,NA,0,NA,0,0.37858066,37,"PJ",36,"Partido Intrans.",0.60000002,"UdCD",0.40000001,"UCR",NA,0,1,0.008704,0.27904,0.601953,0.32,51.2,93.4,0.017,0.545,-0.625,0.071242,0.27661,-0.360588,39.8,"high edi","Electoral democracy",0.012852,0.41202,-0.0115235,0.012852,0.41202,-0.0115235
"5755","ARG 1987","Argentina 1987","Argentina",1987,0.571,0.571,0.571,1.376,1.376,1.376,0.428,1.855,1.855,1.548,0.638,0.638,0.769,0.769,0.769,0.661,0.661,0.661,0.698,1.295,0.831,2,29.026,18,2,3.36819198004817,"Latin Am.",0.37,0.373474422,0.5487,0.5444,0.5159,0.4662,0.556,0.5271,0.5064,0.505,0.4963,0.4795,0.5044,0.4932,1,"democracy",1,0,4,5,1.6094379124341,"Presidential",5,0.61510688,0,37.5,"UCR",37.5,NA,0,NA,0,0.40092313,56.200001,"PJ",41.5,"UdCD",5.6999998,"Partido Intrans.",2,"UCR",NA,0,1,0.009681,0.238337,0.00585,0.170109,46.1,92.6,0.021,0.517,-0.369,0.060465,0.278556,-0.369462,41.7,"high edi","Electoral democracy",0.0153405,0.3776685,-0.181575,0.0153405,0.3776685,-0.181575
"5757","ARG 1989","Argentina 1989","Argentina",1989,-1.309,-1.309,0.571,1.177,1.177,1.376,0.805,0.187,0.428,0.137,-0.964,1.548,0.59,0.591,0.769,-0.629,-0.629,0.661,0.717,-0.96,0.828,2,27.673,18,2,3.32045720859395,"Latin Am.",0.39,0.387529385,0.5159,0.4662,0.4483,0.4298,0.5444,0.5487,0.4963,0.4795,0.4675,0.4577,0.505,0.5064,1,"democracy",1,0,4,7,1.94591014905531,"Presidential",5,0.71422249,0.65649605,44.599998,"PJ",44.599998,"Frejuli",NA,"Frejudepa",NA,0.18095988,38.400002,"UCR",28.9,"UdCD",9.5,"Partido Intrans.",NA,"PJ",NA,1,1,0.13452,0.31624,-0.259776,0.325208,47.2,86.9,0.285,0.67,-0.689,0.009204,0.149034,-0.050976,35.4,"high edi","Electoral democracy",0.20976,0.49312,-0.474388,0.20976,0.49312,-0.474388
"5759","ARG 1991","Argentina 1991","Argentina",1991,-0.803,-1.011,-1.309,1.177,1.177,1.177,0.617,1.874,0.805,0.137,0.137,0.137,0.59,0.59,0.59,-0.629,-0.629,-0.629,0.702,-1.274,0.829,2,29.71,18,2,3.39148368947452,"Latin Am.",0.53,0.390200533,0.4483,0.4298,0.4087,0.4164,0.4662,0.5159,0.4675,0.4577,0.4504,0.4497,0.4795,0.4963,1,"democracy",1,0,4,9,2.19722457733622,"Presidential",5,0.68033963,0.1345011,36.650002,"PJ",36.650002,"Frejuli",NA,NA,0,0.59595191,30.880001,"UCR",26.120001,"UdCD",4.7600002,"Grupo 8",NA,"PJ",NA,1,1,0.065552,0.186052,0.868089,0.379334,48.2,84.8,0.136,0.386,0.787,0.012753,0.109218,0.015042,32.7,"high edi","Electoral democracy",0.100776,0.286026,0.8275445,0.100776,0.286026,0.8275445
"5761","ARG 1993","Argentina 1993","Argentina",1993,-0.803,-0.803,-0.803,1.177,1.177,1.177,0.617,1.843,0.617,0.619,-1.053,0.137,0.594,0.59,0.59,-0.629,-0.629,-0.629,0.702,1.259,0.83,2,33.551,18,2,3.51306666923281,"Latin Am.",0.53,0.527401367,0.4087,0.4164,0.4246,0.438,0.4298,0.4483,0.4504,0.4497,0.4507,0.453,0.4577,0.4675,1,"democracy",1,0,4,11,2.39789527279837,"Presidential",2,0.57476938,0,42.299999,"PJ",42.299999,NA,0,NA,0,0.37339744,57.899998,"UCR",30,"UdCD",2.5999999,"FR",1.4,"PJ",NA,1,1,0.065702,0.13338,0.856602,0.644176,49.4,82.1,0.133,0.27,1.304,0.012426,0.112488,0.008502,32.7,"high edi","Electoral democracy",0.099351,0.20169,1.080301,0.099351,0.20169,1.080301
"5765","ARG 1997","Argentina 1997","Argentina",1997,-0.803,-0.803,-0.803,1.177,1.177,1.177,1.859,1.859,1.859,0.619,0.619,0.619,0.613,0.594,0.594,-0.489,-0.489,-0.629,0.715,1.344,0.828,2,37.491,18,2,3.62410090417176,"Latin Am.",0.5,0.50368411,0.4526,0.4586,0.471,0.4651,0.438,0.4246,0.458,0.464,0.4707,0.476,0.453,0.4507,1,"democracy",1,0,4,15,2.70805020110221,"Presidential",5,0.60791588,0.50158435,72.529999,"PJ",36.27,"UCR/Frepaso",36.259998,NA,0,NA,6.96,NA,6.96,NA,0,NA,0,"PJ",NA,1,1,0.105049,0.308398,0.080095,0.743366,86.8,86.8,0.192,0.269,1.172,NA,NA,NA,NA,"high edi","Electoral democracy",0.1485245,0.288699,0.6260475,0.1485245,0.288699,0.6260475
"5767","ARG 1999","Argentina 1999","Argentina",1999,-1.05,-0.756,-0.803,1.177,1.177,1.177,1.9,1.332,1.859,0.619,0.619,0.619,0.71,0.717,0.613,1.137,0.911,-0.489,0.715,-1.482,0.83,2,36.957,18,2,3.60975507464795,"Latin Am.",0.48,0.479169149,0.471,0.4651,0.4471,0.4276,0.4586,0.4526,0.4707,0.476,0.4779,0.4778,0.464,0.458,1,"democracy",1,0,4,17,2.83321334405622,"Presidential",4,0.60125852,0,43.560001,"ATJE",43.560001,NA,0,NA,0,0.19152971,41.299999,"PJ",33.700001,"AR",7.5999999,NA,0,"ATJE",NA,0,0,0.019539,0.181014,-0.563637,0.208127,46.3,89.1,0.0405,0.428,-0.3095,0.088058,0.135208,0.419079,42.8,"high edi","Electoral democracy",0.0300195,0.304507,-0.4365685,0.0300195,0.304507,-0.4365685
"5769","ARG 2001","Argentina 2001","Argentina",2001,-2.449,-2.132,-1.05,1.177,1.177,1.177,-0.564,0.666,1.9,0.619,0.619,0.619,0.714,0.712,0.71,1.125,1.013,1.137,0.778,-1.113,0.835,2,34.16,18,2,3.53105536892037,"Latin Am.",0.41,0.405886785,0.4471,0.4276,0.4164,0.4162,0.4651,0.471,0.4779,0.4778,0.479,0.482,0.476,0.4707,1,"democracy",1,0,4,19,2.94443897916644,"Presidential",4,0.67537844,0,37.400002,"PJ",37.400002,NA,0,NA,0,0.44783059,30.299999,"ATJE",23.1,"ARI",7.1999998,"AR",NA,"PJ",NA,1,0,0.115866,0.236913,0.027378,0.256224,47.1,84.4,0.246,0.503,0.544,0.015815,0.13713,-0.042386,37.3,"high edi","Electoral democracy",0.180933,0.3699565,0.285689,0.180933,0.3699565,0.285689
"5771","ARG 2003","Argentina 2003","Argentina",2003,-0.249,-1.088,-2.449,1.177,1.177,1.177,0.609,-0.049,-0.564,0.619,0.619,0.619,0.685,0.714,0.714,0.738,1.125,1.125,0.771,0.957,0.81,2,32.676,18,2,3.48664086347962,"Latin Am.",0.47,0.467548062,0.4164,0.4162,0.4191,0.4284,0.4276,0.4471,0.479,0.482,0.4849,0.4883,0.4778,0.4779,1,"democracy",1,0,4,21,3.04452243772342,"Presidential",2,0.65690541,0,0,"PJ",NA,NA,0,NA,0,0.45039684,0,"UCR",NA,"ARI",NA,"Frente",NA,"PJ",NA,1,0,0.116164,0.338212,0.093696,0.213824,51.4,78.7,0.226,0.658,-0.416,0.011124,0.102474,-0.022248,27.3,"high edi","Electoral democracy",0.171082,0.498106,-0.161152,0.171082,0.498106,-0.161152
"5775","ARG 2007","Argentina 2007","Argentina",2007,-0.897,-0.61,-0.61,0.914,0.914,1.177,1.156,1.419,1.228,1.156,1.156,1.156,0.65,0.65,0.674,0.738,0.738,0.738,0.741,0.226,0.784,2,41.325,18,2,3.72146764370709,"Latin Am.",0.46,0.45958575,0.4277,0.4168,0.4193,0.4269,0.4284,0.4191,0.4902,0.4915,0.495,0.4995,0.4883,0.4849,1,"democracy",1,0,4,25,3.2188758248682,"Presidential",5,0.76832205,0,0,"FPV",NA,NA,0,NA,0,0.94193113,0,"UCR",NA,"CC",NA,"PS",NA,"FPV",NA,0,1,0.121484,0.403106,-0.05175,0.832818,50.2,74.3,0.242,0.803,-1.659,0.010979,0.084441,-0.07972,20.2,"high edi","Electoral democracy",0.181742,0.603053,-0.855375,0.181742,0.603053,-0.855375
"5777","ARG 2009","Argentina 2009","Argentina",2009,-0.7,-0.876,-0.897,0.914,0.914,0.914,1.197,1.368,1.156,1.156,1.156,1.156,0.65,0.65,0.65,0.738,0.738,0.738,0.746,0.996,0.764,2,42.92,18,2,3.7593379177625,"Latin Am.",0.36,0.360682121,0.4193,0.4269,0.4459,0.4559,0.4168,0.4277,0.495,0.4995,0.5064,0.5121,0.4915,0.4902,1,"democracy",1,0,4,27,3.29583686600433,"Presidential",5,0.8393265,0,0,"FPV",NA,NA,0,NA,0,0.89248055,0,"UCR",NA,"PF",NA,"CC",NA,"FPV",NA,0,0,0.154693,0.392821,-0.4032,0.750464,45.1,73.5,0.343,0.871,-1.664,0.014266,0.092065,0.026857,24.1,"high edi","Electoral democracy",0.2488465,0.6319105,-1.0336,0.2488465,0.6319105,-1.0336
"5779","ARG 2011","Argentina 2011","Argentina",2011,-0.849,-0.811,-0.7,0.914,0.914,0.914,0.961,1.024,1.197,0.481,1.156,1.156,0.649,0.65,0.65,0.738,0.738,0.738,0.722,0.895,0.762,2,46.333,18,2,3.8358544501921,"Latin Am.",0.48,0.585025373,0.4459,0.4559,0.4593,0.4673,0.4269,0.4193,0.5064,0.5121,0.5164,0.5193,0.4995,0.495,1,"democracy",1,0,4,29,3.36729582998647,"Presidential",5,0.77141201,0,0,"FPV",NA,NA,0,NA,0,0.89920425,0,"UCR",NA,"PF",NA,"PRO",NA,"FPV",NA,0,0,0.171831,0.392821,0.007155,0.760386,45.1,82.5,0.381,0.871,-1.686,0.009134,0.06319,0.09616,20.6,"high edi","Electoral democracy",0.2764155,0.6319105,-0.8394225,0.2764155,0.6319105,-0.8394225
"5781","ARG 2013","Argentina 2013","Argentina",2013,-1.161,-1.238,-0.849,0.914,0.914,0.914,0.869,0.961,0.961,0.771,0.995,0.481,0.653,0.649,0.649,0.686,0.738,0.738,0.707,0.84,0.774,2,46.377,18,2,3.83680364668231,"Latin Am.",0.38,0.631303966,0.4593,0.4673,0.4822,NA,0.4559,0.4459,0.5164,0.5193,0.5222,NA,0.5121,0.5064,1,"democracy",1,0,4,31,3.43398720448515,"Presidential",5,0.78919882,0,0,"FPV",NA,NA,0,NA,0,0.96209025,0,"Renewal Front",NA,"Broad Progressive Front",NA,"UCR",NA,"FPV",NA,0,0,0.199294,0.437744,-0.399152,0.834826,50.2,85.6,0.397,0.872,-1.663,NA,NA,NA,NA,"high edi","Electoral democracy",0.298147,0.654872,-1.031076,0.298147,0.654872,-1.031076
"6217","IND 1977","India 1977","India",1977,1.339,1.339,1.038,1.3,1.3,0.389,1.552,1.552,0.677,-0.086,-0.086,0.074,0.808,0.808,0.619,1.511,1.511,0.409,0.675,0.593,0.498,1,3.376,14,8,1.21669157673371,"S. Asia",0.44,0.417787447,0.6591,0.6602,0.6612,0.6625,0.6572,0.6561,0.6696,0.671,0.6718,0.6724,0.6677,0.6671,1,"democracy",1,0,0,28,3.3322045101752,"Parliamentary",5,0.68566179,0.13981076,45.989998,"Janata Party",43.169998,"M-Communist",2.8199999,NA,0,0.64860183,34.540001,"Congress",34.540001,"Cong. Dem.",NA,"ADMK",NA,"Janata",NA,0,1,0.144845,0.380156,-0.33649,0.557085,58.5,88.6,NA,NA,NA,0.086904,0.14484,-0.146544,28.4,"low edi","Autocratic",NA,NA,NA,0.144845,0.380156,-0.33649
"6220","IND 1980","India 1980","India",1980,1.339,1.339,1.339,1.3,1.3,1.3,1.552,1.552,1.552,-0.086,-0.086,-0.086,0.808,0.808,0.808,1.511,1.511,1.511,0.84,-0.312,0.65,2,3.362,14,8,1.21253603498642,"S. Asia",0.36,0.581845223,0.6625,0.6642,0.666,0.6671,0.6612,0.6602,0.6724,0.6735,0.6763,0.677,0.6718,0.671,1,"democracy",1,0,0,31,3.43398720448515,"Parliamentary",4,0.51103175,0,0,"INC",NA,NA,0,NA,0,0.84227294,0,"Lok Dal",NA,"M-Communist",NA,"Janata Party",NA,"INC",NA,0,1,0.114576,0.320292,-0.19665,0.095697,65.1,85,0.176,0.492,-0.147,0.040654,0.145926,-0.072035,19.9,"high edi","Electoral democracy",0.145288,0.406146,-0.171825,0.114576,0.320292,-0.19665
"6224","IND 1984","India 1984","India",1984,1.339,1.339,1.339,1.3,1.3,1.3,1.552,1.552,1.552,-0.086,-0.086,-0.086,0.808,0.808,0.808,1.511,1.511,1.511,0.84,-0.312,0.651,2,3.615,14,8,1.28509185561073,"S. Asia",0.36,0.497157659,0.6684,0.6697,0.671,0.6731,0.6671,0.666,0.6755,0.675,0.6751,0.6767,0.677,0.6763,1,"democracy",1,0,0,35,3.55534806148941,"Parliamentary",4,0.49346715,0,49.07,"INC",49.07,NA,0,NA,0,0.93304664,49.050003,"Telugu",4.1199999,"M-Communist",5.8800001,"Janata Party",6.9000001,"INC",NA,0,1,0.20299,0.373042,0.638258,0.112602,76.6,84.4,0.265,0.487,-0.147,0.012923,0.048158,-0.093094,5.9,"high edi","Electoral democracy",0.233995,0.430021,0.245629,0.20299,0.373042,0.638258
"6229","IND 1989","India 1989","India",1989,1.339,1.339,1.339,1.3,1.3,1.3,1.552,1.552,1.552,-0.086,-0.086,-0.086,0.808,0.808,0.808,1.511,1.511,1.511,0.84,1.188,0.664,2,4.24,14,8,1.44456326924387,"S. Asia",0.31,0.401533536,0.6764,0.678,0.679,0.6795,0.6747,0.6731,0.679,0.6827,0.6865,0.6898,0.6776,0.6767,1,"democracy",1,0,0,40,3.68887945411394,"Parliamentary",6,0.75291353,0.63158786,30.369999,"National Front",11.87,"BJP",11.87,"M-Communist",6.6300001,0.33863723,60.579998,"INC",40.619999,"AIDMK",2.5,"others",17.459999,"National Front",NA,0,0,0.158889,0.313824,0.179816,0.547716,48.1,86.6,0.276,0.648,0.34,0.052635,0.184041,-0.053361,38.5,"high edi","Electoral democracy",0.2174445,0.480912,0.259908,0.158889,0.313824,0.179816
"6231","IND 1991","India 1991","India",1991,1.339,1.339,1.339,1.3,1.3,1.3,1.552,1.552,1.552,-0.086,-0.086,-0.086,0.808,0.808,0.808,1.511,1.511,1.511,0.84,1.476,0.714,2,4.501,14,8,1.5042995943108,"S. Asia",0.41,0.595016792,0.679,0.6795,0.6798,0.6803,0.678,0.6764,0.6865,0.6898,0.6922,0.6951,0.6827,0.679,1,"democracy",1,0,0,42,3.73766961828337,"Parliamentary",10,0.71182662,0.12619595,0,"INC",NA,"AIADMK",NA,"IUML",NA,0.67171854,0,"BJP/SS",NA,"National Front",NA,"Left Front",NA,"INC",NA,0,0,0.052948,0.210938,0.398423,0.001708,42.7,82.1,0.124,0.494,0.004,NA,NA,NA,NA,"high edi","Electoral democracy",0.088474,0.352469,0.2012115,0.052948,0.210938,0.398423
"6238","IND 1998","India 1998","India",1998,1.339,1.339,1.339,1.3,1.3,1.3,1.552,1.552,1.552,-0.086,-0.086,-0.086,0.819,0.819,0.819,1.511,1.511,1.511,0.84,1.457,0.748,2,5.945,14,8,1.78255053014275,"S. Asia",0.44,0.44088518,0.6822,0.6815,0.6804,0.6781,0.6824,0.682,0.7022,0.7015,0.6992,0.6948,0.7012,0.6994,1,"democracy",1,0,0,49,3.89182029811063,"Parliamentary",16,0.79028672,0.50528884,0,"BJP",NA,"AIADMK",NA,"SP",NA,0.61863399,0,"INC",NA,"CPI-M",NA,"SP",NA,"BJP",NA,0,0,0.143715,0.187935,0.442839,0.61908,33.5,69.1,0.429,0.561,1.848,0.055444,0.204309,-0.193476,35.6,"high edi","Electoral democracy",0.2863575,0.3744675,1.1454195,0.143715,0.187935,0.442839
"6239","IND 1999","India 1999","India",1999,1.339,1.339,1.339,1.3,1.3,1.3,1.552,1.552,1.552,-0.086,-0.086,-0.086,0.819,0.819,0.819,1.511,1.511,1.511,0.84,1.457,0.743,2,6.211,14,8,1.82632191357717,"S. Asia",0.4,0.396204178,0.6815,0.6804,0.6781,0.6754,0.6822,0.6824,0.7015,0.6992,0.6948,0.6891,0.7022,0.7012,1,"democracy",1,0,0,50,3.91202300542815,"Parliamentary",5,0.83399343,0.61368215,0,"BJP",NA,"Telugu Desam",NA,"Janata Dal (United)",NA,0.71205342,0,"INC",NA,"CPI-M",NA,"SP",NA,"BJP",NA,0,0,0.175875,0.187935,-0.408601,0.61908,33.5,65.9,0.525,0.561,1.848,0.048731,0.156181,-0.192877,27.1,"high edi","Electoral democracy",0.3504375,0.3744675,0.7196995,0.175875,0.187935,-0.408601
"6244","IND 2004","India 2004","India",2004,1.799,1.799,1.339,1.3,1.3,1.3,2.026,1.552,1.552,-0.086,-0.086,-0.086,0.819,0.819,0.819,1.511,1.511,1.511,0.84,1.457,0.73,2,7.678,14,8,2.03835909657861,"S. Asia",0.41,0.412538967,0.6706,0.6685,0.6664,0.665,0.6728,0.6754,0.681,0.6784,0.6755,0.6732,0.685,0.6891,1,"democracy",1,0,0,55,4.00733318523247,"Parliamentary",17,0.79286891,0.55623698,30.570002,"INC",26.530001,"RJD",2.22,"DMK",1.8200001,0.59871382,66.379997,"NDA",55.09,"Left Front",7.0900002,"SP",4.1999998,"INC",NA,0,0,0.032818,0.131272,-0.115176,0.173236,26.9,70.1,0.122,0.488,-0.644,0.16662,0.1813,0.432308,32,"high edi","Electoral democracy",0.077409,0.309636,-0.379588,0.032818,0.131272,-0.115176
"6254","IND 2014","India 2014","India",2014,1.238,1.621,0.766,1.178,1.178,1.3,1.838,1.838,2.026,-0.297,-0.297,-0.086,0.8,0.803,0.82,1.32,1.388,1.53,0.82,-1.449,0.622,2,13.365,14,8,2.59263934959088,"S. Asia",0.41,0.660969516,0.6643,0.6646,NA,NA,0.6636,0.663,0.6866,0.6885,NA,NA,0.6838,0.6806,1,"democracy",1,0,0,65,4.17438726989564,"Parliamentary",4,0.50023758,0.28220317,36.799999,"BJP",31,"SS",1.9,"Telugu Desam",2.5,0.57499272,36.399998,"INC",19.299999,"NCP",1.6,"RJD",1.3,"BJP",NA,0,1,0.39963,0.284412,1.782578,1.099761,51.9,73.1,0.77,0.548,2.119,0.012555,0.039285,-0.034992,8.1,"high edi","Electoral democracy",0.584815,0.416206,1.950789,0.39963,0.284412,1.782578
"6367","KEN 2002","Kenya 2002","Kenya",2002,-0.636,-0.636,-0.636,-0.149,-0.149,-0.149,-0.381,-0.603,0.822,0.464,0.464,0.464,0.469,0.469,0.469,0.035,0.035,0.035,0.809,0.417,0.416,1,4.817,8,4,1.57215132764808,"Sub-S. Africa",0.46,0.459050284,0.3333,0.3497,0.3583,0.3667,0.3164,0.3044,0.2746,0.2756,0.2763,0.2771,0.2735,0.2726,1,"democracy",1,1,0,1,0,"Presidential",3,0.55071008,0,61,"NARC",61,NA,0,NA,0,0.40905696,40.700001,"KANU",30.5,"Ford-People",6.6999998,"Ford-Asili",1,"NARC",NA,0,1,0.34016,0.141544,-0.084981,0.564243,59.6,96.8,0.5475,0.25125,0.73975,0.303552,0.069854,0.506025,37.2,"low edi","Autocratic",0.44383,0.196397,0.3273845,0.44383,0.196397,0.3273845
"6372","KEN 2007","Kenya 2007","Kenya",2007,-0.636,-0.636,-0.636,-0.149,-0.149,-0.149,-0.389,-0.453,-0.381,0.464,0.464,0.464,0.476,0.476,0.469,0.132,0.132,0.035,0.86,0.802,0.514,1,5.331,8,4,1.67353883784062,"Sub-S. Africa",0.37,0.372189226,0.3907,0.3979,0.4057,0.4183,0.378,0.3667,0.279,0.2797,0.2804,0.2812,0.2781,0.2771,1,"democracy",1,0,0,6,1.79175946922805,"Presidential",3,0.72277886,0.7200743,0,"PNU",NA,"ODM",NA,"ODM-K",NA,0,0,"KADDU",NA,NA,0,NA,0,"PNU",NA,0,0,0.374192,0.1648,-0.599022,0.751818,67.6,91,0.626,0.241,1.317,NA,NA,NA,NA,"low edi","Autocratic",0.500096,0.2029,0.358989,0.500096,0.2029,0.358989
"6378","KEN 2013","Kenya 2013","Kenya",2013,-0.366,-0.366,-0.366,0.769,0.769,0.769,0.338,0.338,0.338,1.34,1.34,1.34,0.755,0.755,0.749,1.316,1.316,1.316,0.869,0.407,0.519,2,6.297,8,4,1.84007332950661,"Sub-S. Africa",0.45,0.445783552,0.4667,0.4761,0.4813,NA,0.4537,0.4362,0.2832,0.2835,0.2836,NA,0.2826,0.2819,1,"democracy",1,0,0,12,2.484906649788,"Presidential",3,0.79031229,0.65358615,0,"TNA",NA,"URP",NA,"UDF",NA,0.46444261,0,"ODM",NA,"WDM-K",NA,"FORD-K",NA,"TNA",NA,0,0,0.328961,0.12722,0.18373,0.702914,53.1,95.2,0.62,0.243,1.314,0.220482,0.102425,0.457953,42.1,"low edi","Electoral democracy",0.4744805,0.18511,0.748865,0.4744805,0.18511,0.748865
"6669","KOR 1988","South Korea 1988","South Korea",1988,1.698,1.698,1.698,1.414,1.414,1.379,1.233,1.233,1.233,1.799,1.799,1.799,0.826,0.826,0.821,0.556,0.556,0.52,0.486,1.483,0.626,2,26.528,12,6,3.27820077895288,"E. Asia",0,0.422700097,0.4396,0.4646,0.4896,0.5189,0.4019,0.3689,0.565,0.6061,0.6332,0.6515,0.5066,0.4608,1,"democracy",1,1,1,1,0,"Presidential",4,0.72007358,0,33.959999,"DJP",33.959999,NA,0,NA,0,0.68633312,66.040001,"PDP",19.26,"RDP",23.83,"NDRP",15.59,"DJP",NA,0,1,0.41173,0.06688,0.052127,0.757416,41.8,96.6,0.985,0.16,1.812,0.141131,0.190148,0.528912,54.8,"high edi","Electoral democracy",0.698365,0.11344,0.9320635,0.698365,0.11344,0.9320635
"6673","KOR 1992","South Korea 1992","South Korea",1992,1.698,1.698,1.698,1.593,1.593,1.414,1.233,1.233,1.233,1.799,1.799,1.799,0.859,0.859,0.826,0.985,0.985,0.556,0.548,1.577,0.659,2,35.549,12,6,3.57091202645839,"E. Asia",0.48,0.479534349,0.5473,0.5716,0.5963,0.607,0.5189,0.4896,0.6597,0.6563,0.6583,0.6574,0.6515,0.6332,1,"democracy",1,0,1,5,1.6094379124341,"Presidential",4,0.63756144,0,38.5,"DLP",38.5,NA,0,NA,0,0.54174495,59.900002,"DP",29.200001,"UPP",17.4,"NPRP",1.8,"DLP",NA,0,1,0.348102,0.035856,0.070854,1.038828,49.8,92.6,0.699,0.072,2.086,0.083544,0.1517,0.063492,42.8,"high edi","Electoral democracy",0.523551,0.053928,1.078427,0.523551,0.053928,1.078427
"6677","KOR 1996","South Korea 1996","South Korea",1996,1.698,1.698,1.698,1.593,1.593,1.593,1.233,1.233,1.233,1.799,1.799,1.799,0.882,0.874,0.859,1.291,1.454,0.985,0.72,1.33,0.747,3,46.277,12,6,3.83464507740675,"E. Asia",0.41,0.408436282,0.6139,0.6096,0.6024,0.5882,0.607,0.5963,0.6554,0.6516,0.6453,0.6369,0.6574,0.6583,1,"democracy",1,0,1,9,2.19722457733622,"Presidential",4,0.68302059,0.47843993,41.5,"NCNP",25.299999,"ULD",16.200001,NA,0,0,34.5,"NKP",34.5,NA,0,NA,0,"NKP",NA,0,1,0.135345,0.122337,0,0.337496,43.1,94.6,0.632,0.072,2.086,0.29388,0.03348,0.96999,46.5,"high edi","Liberal democracy",0.3836725,0.0971685,1.043,0.3836725,0.0971685,1.043
"6681","KOR 2000","South Korea 2000","South Korea",2000,1.698,1.698,1.698,1.593,1.593,1.593,1.233,1.233,1.233,1.799,1.799,1.799,0.899,0.882,0.882,1.816,1.291,1.291,0.928,1.193,0.842,3,53.612,12,6,3.98177292361625,"E. Asia",0.46,0.455366082,0.5786,0.5856,0.6031,0.6346,0.5882,0.6024,0.6322,0.6373,0.6491,0.6666,0.6369,0.6453,1,"democracy",1,0,1,13,2.56494935746154,"Presidential",4,0.58318067,0.22611612,45.790001,"MDP",35.990002,"ULD",9.8000002,NA,0,0,39,"GNP",39,NA,0,NA,0,"MDP",NA,0,0,0.094267,0.183085,0.558277,0.298696,48.3,97,0.141,0.415,-0.488,0.286356,0.034577,1.101594,48.7,"high edi","Liberal democracy",0.1176335,0.2990425,0.0351385,0.1176335,0.2990425,0.0351385
"6685","KOR 2004","South Korea 2004","South Korea",2004,0.579,0.579,0.579,1.593,1.593,1.593,1.233,1.233,1.233,1.799,1.799,1.799,0.892,0.892,0.892,1.585,1.585,1.585,0.928,-1.522,0.845,3,63.879,12,6,4.15699066887237,"E. Asia",0.43,0.431048165,0.6644,0.6791,0.6834,0.6826,0.6346,0.6031,0.6826,0.6903,0.6953,0.6956,0.6666,0.6491,1,"democracy",1,0,1,17,2.83321334405622,"Presidential",2,0.57749546,0,38.299999,"Uri Party",38.299999,NA,0,NA,0,0.2864219,58.700001,"GNP",35.799999,"DLP",13,"MDP",7.0999999,"Uri Party",NA,0,1,0.037592,0.258064,0.572,0.51308,50.8,97.6,0.074,0.508,-1.01,0.244659,0.068892,0.809067,46.8,"high edi","Liberal democracy",0.055796,0.383032,-0.219,0.055796,0.383032,-0.219
"6689","KOR 2008","South Korea 2008","South Korea",2008,1.534,1.457,1.457,1.593,1.593,1.593,0.676,0.676,0.676,1.799,1.799,1.799,0.822,0.822,0.822,1.039,1.039,1.039,0.874,-1.13,0.77,3,72.424,12,6,4.28253773617314,"E. Asia",0.44,0.435866854,0.6762,0.6636,0.6545,0.6366,0.6826,0.6834,0.6919,0.6838,0.6735,0.6603,0.6956,0.6953,1,"democracy",1,0,1,21,3.04452243772342,"Presidential",2,0.66052389,0,0,"GNP",NA,NA,0,NA,0,0.51845729,0,"UDP",NA,"LFP",NA,"PGHC",NA,"GNP",NA,0,1,0.29696,0.036352,0.055642,1.158144,51.2,86,0.58,0.071,2.262,0.063407,0.130201,-0.146347,33.1,"high edi","Liberal democracy",0.43848,0.053676,1.158821,0.43848,0.053676,1.158821
"6693","KOR 2012","South Korea 2012","South Korea",2012,1.101,1.035,1.534,1.245,1.245,1.593,0.606,0.606,0.606,1.799,1.799,1.799,0.763,0.763,0.82,0.763,0.763,1.039,0.874,-0.697,0.756,3,79.504,12,6,4.37580733485996,"E. Asia",0.44,0.435866854,0.6201,0.6128,0.607,0.6088,0.6366,0.6545,0.644,0.628,0.6218,0.6229,0.6603,0.6735,1,"democracy",1,0,1,25,3.2188758248682,"Presidential",2,0.56376809,0.062061083,0,"NFP",NA,"FUP",NA,NA,0,0.1696814,0,"UDP",NA,"UPP",NA,NA,0,"NFP",NA,0,1,0.277836,0.035997,0.085128,1.146834,50.7,97.3,0.548,0.071,2.262,0.061993,0.225904,-0.613227,46.6,"high edi","Liberal democracy",0.412918,0.0534985,1.173564,0.412918,0.0534985,1.173564
"6904","NGA 1979","Nigeria 1979","Nigeria",1979,-0.578,-0.578,-0.578,-0.153,-0.153,-0.153,-0.245,-0.245,-0.245,0.367,0.367,0.367,0.369,0.369,0.369,-0.181,-0.181,-0.181,0.723,1.275,0.265,1,8.412,6,4,2.12965925784045,"Sub-S. Africa",0,0,0.5556,0.6672,0.7212,0.7054,0.3651,0.1885,0.1898,0.21,0.2226,0.2253,0.1677,0.1497,1,"democracy",1,1,1,1,0,"Presidential",4,0.75293601,0.43685198,0,"NPN",NA,"NPP",NA,NA,0,0.6093924,0,"UPN",NA,"PRP",NA,"GNPP",NA,"NPN",NA,0,0,0.433482,0.244128,0.111478,0.138436,54.8,100,0.825,0.375,0.245,0.286246,0.351375,-0.637096,45.2,"low edi","Autocratic",0.629241,0.309564,0.178239,0.629241,0.309564,0.178239
"7037","PHL 1987","Philippines 1987","Philippines",1987,-0.267,-0.267,-0.267,1.345,1.345,1.345,-0.733,-0.733,-0.973,0.14,0.14,-0.341,0.767,0.767,0.767,0.44,0.44,0.44,0.35,-1.416,0.437,1,7.718,13,7,2.04355526311543,"S.E. Asia",0,0.150661412,0.3965,0.4507,0.4757,0.486,0.3319,0.2773,0.4172,0.4515,0.468,0.4791,0.3774,0.3453,1,"democracy",1,0,1,2,0.693147180559945,"Presidential",2,0.34467337,1.110223e-16,0,"LDP/Allies",NA,NA,0,NA,0,NA,0,NA,0,NA,0,NA,0,"Unido",NA,0,1,0.098235,0.21115,-0.748055,0.40065,51,70,0.422,0.511,1.242,NA,NA,NA,NA,"low edi","Autocratic",0.2601175,0.361075,0.2469725,0.2601175,0.361075,0.2469725
"7042","PHL 1992","Philippines 1992","Philippines",1992,-0.808,-0.808,-0.651,0.472,0.472,1.125,0.333,0.333,-0.733,-0.014,-0.014,0.14,0.692,0.692,0.782,0.793,0.793,0.793,0.802,-1.328,0.558,2,8.293,13,7,2.11541178546907,"S.E. Asia",0.17,0.360914294,0.4855,0.4657,0.456,0.4526,0.4988,0.486,0.5011,0.4985,0.4987,0.4996,0.4946,0.4791,1,"democracy",1,0,1,7,1.94591014905531,"Presidential",5,0.6891045,0.46937481,54.900002,"LDP",33.700001,"Lakas N",21.200001,NA,0,0.36866361,27.5,"NPC",18.700001,"LP",8.8000002,NA,0,"Lakas N",NA,0,1,0.23326,0.146376,-0.088493,1.280148,64.2,87.1,0.148,0.346,1.646,0.083317,0.013182,0.389545,16.9,"low edi","Electoral democracy",0.19063,0.246188,0.7787535,0.19063,0.246188,0.7787535
"7045","PHL 1995","Philippines 1995","Philippines",1995,-0.808,-0.808,-0.808,0.472,0.472,0.472,0.333,0.333,0.333,-0.014,-0.014,-0.014,0.692,0.692,0.692,0.793,0.793,0.793,0.811,-1.328,0.556,2,8.941,13,7,2.19064743975318,"S.E. Asia",0.38,0.397488211,0.4526,0.4515,0.4589,0.4651,0.456,0.4657,0.4996,0.5024,0.5067,0.5097,0.4987,0.4985,1,"democracy",1,0,1,10,2.30258509299405,"Presidential",2,0.47995025,0.22705314,59.720001,"Lakas N",49.970001,"LDP",9.75,NA,0,0.49662617,10.59,"NPC",9.3400002,"LP",1.25,NA,0,"Lakas N",NA,0,1,0.145894,0.221743,-0.354192,1.133153,69.6,83.8,0.251,0.333,1.6525,0.053244,0.009288,0.176256,10.8,"low edi","Electoral democracy",0.198447,0.2773715,0.649154,0.198447,0.2773715,0.649154
"7048","PHL 1998","Philippines 1998","Philippines",1998,-0.808,-0.808,-0.808,0.691,0.691,0.472,0.333,0.333,0.333,0.13,0.13,0.13,0.69,0.714,0.692,0.793,0.793,0.793,0.777,-1.328,0.589,2,9.2,13,7,2.21920348405499,"S.E. Asia",0.4,0.401750379,0.4651,0.4742,0.4711,0.4639,0.4589,0.4515,0.5097,0.5109,0.5045,0.4917,0.5067,0.5024,1,"democracy",1,0,1,13,2.56494935746154,"Presidential",4,0.61634874,0.47572419,64.419998,"Lakas N",22.02,"LaMMP",42.400002,NA,0,0.66451609,4.1500001,"LP",4.1500001,"Reporma",NA,"PROMDI",NA,"LaMMP",NA,0,0,0.273403,0.379936,-0.71029,1.161872,81.8,89.2,0.367,0.748,0.967,0.009768,0.040848,0.072224,7.4,"low edi","Electoral democracy",0.3202015,0.563968,0.128355,0.3202015,0.563968,0.128355
"7051","PHL 2001","Philippines 2001","Philippines",2001,-0.817,-0.817,-0.979,0.691,0.691,0.691,0.333,0.333,0.333,0.264,0.264,0.264,0.678,0.678,0.69,0.593,0.593,0.793,0.835,-1.243,0.547,2,9.337,13,7,2.23398500150179,"S.E. Asia",0.54,0.544628344,0.4639,0.444,0.4363,0.4346,0.4711,0.4742,0.4917,0.4718,0.4611,0.4543,0.5045,0.5109,1,"democracy",1,0,1,16,2.77258872223978,"Presidential",4,0.75004756,0.33075601,0,"Lakas-CMD",NA,"LP",NA,NA,0,0.51948923,0,"NPC",NA,"LDP",NA,"PMP",NA,"Lakas-CMD",NA,0,0,0.012936,0.054096,-0.502956,0.095648,9.8,91.6,0.3,0.324,1.645,0.166264,0.041712,0.64256,39.2,"low edi","Electoral democracy",0.156468,0.189048,0.571022,0.156468,0.189048,0.571022
"7054","PHL 2004","Philippines 2004","Philippines",2004,-0.018,-0.018,-0.018,1.025,1.025,0.691,0.27,0.333,0.333,0.264,0.264,0.264,0.679,0.679,0.686,0.494,0.494,0.494,0.708,-1.317,0.493,1,9.899,13,7,2.29243374193767,"S.E. Asia",0.46,0.319308414,0.4346,0.4387,0.436,0.4427,0.4363,0.444,0.4543,0.455,0.4545,0.4613,0.4611,0.4718,1,"democracy",1,0,1,19,2.94443897916644,"Presidential",4,0.77275223,0.61611009,0,"Lakas-CMD",NA,"NPC",NA,"LP",NA,0.84247315,0,"KNP",NA,"LDP",NA,"PMP",NA,"Lakas-CMD",NA,0,0,0.14422,0.100368,0.278557,0.531217,37.6,82,0.565,0.326,1.645,0.016873,0.00799,0.045308,4.7,"low edi","Autocratic",0.35461,0.213184,0.9617785,0.35461,0.213184,0.9617785
"7057","PHL 2007","Philippines 2007","Philippines",2007,-0.018,-0.018,-0.018,1.025,1.025,1.025,0.332,0.332,0.332,0.264,0.264,0.264,0.679,0.679,0.679,0.494,0.494,0.494,0.8,1.603,0.468,1,10.944,13,7,2.39279136088019,"S.E. Asia",0.37,0.119213675,0.4427,0.4427,0.4456,0.4533,0.436,0.4387,0.4613,0.4675,0.4789,0.4966,0.4545,0.455,1,"democracy",1,0,1,22,3.09104245335832,"Presidential",4,0.56615382,0.65291131,0,"Lakas-CMD",NA,"Kampi",NA,"NPC",NA,0.56615382,0,"LP",NA,"NP",NA,"PDP-Laban",NA,"Lakas-CMD",NA,0,0,0.05148,0.010296,0.10632,0.197379,11.7,88,0.585,0.326,1.645,0.018624,0.058176,0.093696,9.6,"low edi","Autocratic",0.31824,0.168148,0.87566,0.31824,0.168148,0.87566
"7060","PHL 2010","Philippines 2010","Philippines",2010,-0.804,-1.025,-0.542,1.211,1.211,1.211,-0.423,0.332,0.332,0.448,0.448,0.448,0.799,0.799,0.779,1.301,1.301,1.188,0.766,-1.497,0.529,2,12.128,13,7,2.49551682890002,"S.E. Asia",0.37,0.119213675,0.4533,0.4691,0.4839,0.4914,0.4456,0.4427,0.4966,0.5168,0.533,0.5434,0.4789,0.4675,1,"democracy",1,0,1,25,3.2188758248682,"Presidential",4,0.82821739,0.41957128,0,"LP",NA,"Lakas-CMD",NA,NA,0,0.95750529,0,"NP",NA,"PMP",NA,NA,0,"LP",NA,0,0,0.218539,0.28677,0.29796,0.943061,65.3,89.7,0.194,0.703,0.976,0.045671,0.017004,0.232606,10.9,"low edi","Electoral democracy",0.2062695,0.494885,0.63698,0.2062695,0.494885,0.63698
"7063","PHL 2013","Philippines 2013","Philippines",2013,0.06,-0.004,0.077,1.352,1.352,1.352,0.19,0.19,0.313,0.049,0.448,0.448,0.779,0.767,0.767,0.934,0.934,0.934,0.796,-1.336,0.551,2,13.722,13,7,2.6190003842687,"S.E. Asia",0.67,0.668869059,0.4914,0.4941,0.4948,NA,0.4839,0.4691,0.5434,0.5491,0.5513,NA,0.533,0.5168,1,"democracy",1,0,1,28,3.3322045101752,"Presidential",4,0.83013266,0.60328722,0,"LP",NA,"NPC",NA,"NUP",0,0.9531787,0,"NP",NA,"UNA",NA,NA,0,"LP",NA,0,0,0.197517,0.334902,0.999916,0.979578,74.8,94.5,0.164,0.609,0.976,0.043619,0.037777,0.1957,11.1,"low edi","Electoral democracy",0.1807585,0.471951,0.987958,0.1807585,0.471951,0.987958
"7282","TWN 1996","Taiwan 1996","Taiwan",1996,-0.574,-0.574,-0.574,0.119,0.119,0.119,-0.436,-0.436,-0.436,0.669,0.669,0.669,0.582,0.582,0.582,-0.051,-0.051,-0.051,0.708,1.498,0.509,2,61.197,12,6,4.11409816870894,"E. Asia",0.41,0.414355596,0.5227,0.5352,0.5455,0.5565,0.5138,0.5047,0.5039,0.5147,0.525,0.535,0.492,0.474,1,"democracy",1,1,0,1,0,"Presidential",4,0.56286347,0,46.07,"KMT",46.07,NA,0,NA,0,0.34778556,45.759998,"DPP",33.169998,"New Party",12.59,"independent",NA,"KMT",NA,1,1,0.234544,0.050416,0.00312,0.766652,54.8,98.2,0.428,0.092,1.399,0.130184,0.102694,-0.00303999999999999,43.4,"low edi","Electoral democracy",0.331272,0.071208,0.70106,0.331272,0.071208,0.70106
"7284","TWN 1998","Taiwan 1998","Taiwan",1998,0.294,-0.574,-0.574,1.57,0.119,0.119,1.294,-0.436,-0.436,1.757,0.669,0.669,0.832,0.582,0.582,2.011,-0.051,-0.051,0.725,1.014,0.662,2,66.623,12,6,4.19904986327371,"E. Asia",0.41,0.481376275,0.5455,0.5565,0.5698,0.5844,0.5352,0.5227,0.525,0.535,0.5466,0.5575,0.5147,0.5039,1,"democracy",1,0,0,3,1.09861228866811,"Presidential",3,0.59936368,0,46.43,"KMT",46.43,NA,0,NA,0,0.36076516,43.48,"DPP",29.559999,"New Party",7.0599999,"DUT",3.74,"KMT",NA,1,1,0.209501,0.050324,-0.230204,0.765253,54.7,85.8,0.383,0.092,1.399,0.04665,0.066865,-0.149902,31.1,"high edi","Electoral democracy",0.2962505,0.071162,0.584398,0.2962505,0.071162,0.584398
"7287","TWN 2001","Taiwan 2001","Taiwan",2001,0.294,0.294,0.294,1.57,1.57,1.57,1.294,1.294,1.294,1.757,1.757,1.757,0.832,0.832,0.832,2.011,2.011,2.011,0.859,1.541,0.786,3,73.169,12,6,4.29277183399921,"E. Asia",0.4,0.268399663,0.5844,0.6029,0.6265,0.661,0.5698,0.5565,0.5575,0.5693,0.5831,0.6001,0.5466,0.535,1,"democracy",1,0,0,6,1.79175946922805,"Presidential",4,0.71698415,0.22848485,45.07,"DPP",36.57,"TSU",8.5,NA,0,0.48563889,51.620003,"KMT",31.280001,"PFP",20.34,NA,0,"DPP",NA,0,0,0.051226,0.15861,0.364787,0.269001,44.5,95.1,0.094,0.346,0.513,0.16656,0.146754,0.69035,50.6,"high edi","Liberal democracy",0.072613,0.252305,0.4388935,0.072613,0.252305,0.4388935
"7290","TWN 2004","Taiwan 2004","Taiwan",2004,0.294,0.294,0.294,1.57,1.57,1.57,1.294,1.294,1.294,1.757,1.757,1.757,0.832,0.832,0.832,2.011,2.011,2.011,0.859,1.638,0.777,3,79.871,12,6,4.38041283319648,"E. Asia",0.48,0.476822782,0.661,0.6895,0.7048,0.7198,0.6265,0.6029,0.6001,0.6141,0.619,0.6238,0.5831,0.5693,1,"democracy",1,0,0,9,2.19722457733622,"Presidential",4,0.69711316,0,38,"DPP",38,NA,0,NA,0,0.57011914,58,"KMT",35,"PFP",15,"TSU",8,"DPP",NA,0,0,0.037224,0.127908,-0.259486,0.036036,39.6,95.1,0.094,0.323,0.091,0.149276,0.169423,0.879716,55.5,"high edi","Liberal democracy",0.065612,0.225454,-0.084243,0.065612,0.225454,-0.084243
"7291","TWN 2005","Taiwan 2005","Taiwan",2005,0.294,0.294,0.294,1.57,1.57,1.57,1.294,1.294,1.294,1.757,1.757,1.757,0.832,0.832,0.832,2.011,2.011,2.011,0.862,1.638,0.774,3,82.96,12,6,4.41835856392127,"E. Asia",0.46,0.46444121,0.6895,0.7048,0.7198,0.734,0.661,0.6265,0.6141,0.619,0.6238,0.6318,0.6001,0.5831,1,"democracy",1,0,0,10,2.30258509299405,"Presidential",4,0.69711316,0,38,"DPP",38,NA,0,NA,0,0.57011914,58,"KMT",35,"PFP",15,"TSU",8,"DPP",NA,0,0,0.039762,0.136629,-0.657696,0.049491,42.3,94.3,0.094,0.323,0.117,0.14663,0.15957,0.71127,52,"high edi","Liberal democracy",0.066881,0.2298145,-0.270348,0.066881,0.2298145,-0.270348
"7294","TWN 2008","Taiwan 2008","Taiwan",2008,0.262,0,0.294,0.94,1.209,1.57,0.548,0.548,1.294,1.757,1.757,1.757,0.723,0.746,0.837,1.106,1.106,2.011,0.818,-1.21,0.796,3,88.461,12,6,4.48256177692071,"E. Asia",0.29,0.288046429,0.734,0.746,0.7592,0.7751,0.7198,0.7048,0.6318,0.6448,0.6539,0.6605,0.6238,0.619,1,"democracy",1,0,0,13,2.56494935746154,"Presidential",3,0.43204805,0.091596641,0,"KMT",NA,"NPSU",NA,"PFP",NA,0,0,"DPP",NA,NA,0,NA,0,"KMT",NA,1,1,0.199326,0.188571,0.1957,1.006668,71.7,95.6,0.278,0.263,1.404,0.020076,0.047083,0.023183,23.9,"high edi","Liberal democracy",0.238663,0.2257855,0.79985,0.238663,0.2257855,0.79985
"7298","TWN 2012","Taiwan 2012","Taiwan",2012,0.262,0.262,0.262,1.327,1.327,1.327,0.548,0.548,0.548,1.757,1.757,1.757,0.793,0.793,0.747,1.334,1.334,1.106,0.818,-1.074,0.806,3,95.078,12,6,4.55469760735279,"E. Asia",0.29,0.288046429,0.7943,0.8081,0.8152,0.8187,0.7751,0.7592,0.6652,0.6621,0.6605,0.6593,0.6605,0.6539,1,"democracy",1,0,0,17,2.83321334405622,"Presidential",3,0.55704802,0.13895993,0,"KMT",NA,"PFP",NA,"NPSU",NA,0.13289036,0,"DPP",NA,"TSU",NA,NA,0,"KMT",NA,1,1,0.18678,0.114332,-0.102054,0.794664,56.6,92,0.33,0.202,1.404,0.029736,0.07611,-0.080004,35.4,"high edi","Liberal democracy",0.25839,0.158166,0.650973,0.25839,0.158166,0.650973
"7505","THA 1983","Thailand 1983","Thailand",1983,0.255,0.255,0.255,1.802,1.802,1.802,1.489,1.489,1.489,-1.28,-1.28,-1.28,0.756,0.756,0.756,0.768,0.768,0.768,0.256,-1.223,0.323,1,9.785,13,7,2.28085060084804,"S.E. Asia",0,0.571944217,0.4133,0.4124,0.4281,0.4368,0.4055,0.3893,0.4629,0.4703,0.4793,0.4879,0.4547,0.445,1,"democracy",1,1,1,1,0,"Parliamentary",5,0.74981081,1.110223e-16,0,"Chart Thai",NA,NA,0,NA,0,0.68503875,0,"Social Action",NA,"DP",NA,"Prachakorn",NA,"independent",NA,0,1,0.194068,0.016443,-0.890851,0.583828,20.3,82.4,NA,NA,NA,0.261948,0.075004,0.585232,41.2,"low edi","Autocratic",NA,NA,NA,0.194068,0.016443,-0.890851
"7508","THA 1986","Thailand 1986","Thailand",1986,0.255,0.255,0.255,1.802,1.802,1.802,1.489,1.489,1.489,-1.28,-1.28,-1.28,0.756,0.756,0.756,0.768,0.768,0.768,0.282,-1.223,0.334,1,10.992,13,7,2.39716773547999,"S.E. Asia",0,0.543517345,0.4368,0.4389,0.4588,0.4942,0.4281,0.4124,0.4879,0.4956,0.5063,0.5188,0.4793,0.4703,1,"democracy",1,0,1,4,1.38629436111989,"Parliamentary",5,0.84114456,0.68909538,0,"DP",NA,"Chart Thai",NA,"Social Action",NA,0.81613272,0,"United Demo. Party",NA,"Prachakorn",NA,"United Thai",NA,"independent",NA,0,0,0.423806,0.118385,-0.49179,1.144417,61.7,91.7,NA,NA,NA,NA,NA,NA,NA,"low edi","Autocratic",NA,NA,NA,0.423806,0.118385,-0.49179
"7510","THA 1988","Thailand 1988","Thailand",1988,0.255,0.255,0.255,1.802,1.802,1.802,1.489,1.489,1.489,-1.28,-1.28,-1.28,0.756,0.756,0.756,0.768,0.768,0.768,0.465,-1.541,0.354,1,12.759,13,7,2.54623690493961,"S.E. Asia",0,0.559772119,0.4588,0.4942,0.5485,0.6183,0.4389,0.4368,0.5063,0.5188,0.5324,0.546,0.4956,0.4879,1,"democracy",1,0,1,6,1.79175946922805,"Parliamentary",6,0.87607408,0.7324754,61.599998,"Chart Thai",24.4,"Social Action",15.1,"DP",13.4,0.84646487,38.299999,"United Thai",9.8000002,"Prachakorn",8.6999998,"People",5.3000002,"Chart Thai",NA,0,0,0.407119,0.074486,0.664605,0.996209,52.9,91.3,0.94,0.047,2.421,0.275163,0.059809,0.502536,38.4,"low edi","Autocratic",0.6735595,0.060743,1.5428025,0.407119,0.074486,0.664605
"7514","THA 1992","Thailand 1992","Thailand",1992,0.255,0.255,0.255,1.802,1.802,1.802,1.8,1.8,1.8,-1.28,-1.28,-1.28,0.761,0.761,0.755,0.768,0.768,0.768,0.434,-1.2,0.275,1,17.601,13,7,2.86795571861183,"S.E. Asia",0,0,0.6948,0.7172,0.7164,0.7133,0.6183,0.5485,0.5581,0.5651,0.5697,0.5739,0.546,0.5324,1,"democracy",1,1,2,1,0,"Parliamentary",7,0.83881152,0.67890716,0,"DP",NA,"NAP",NA,"Righteous F.",NA,0.67481118,0,"Chart Thai",NA,"National Dev. P.",NA,"Social Action",NA,"DP",NA,0,0,0.100265,0.145594,-0.371969,0.478494,36.1,93.4,0.227,0.386,1.436,0.255587,0.026545,0.604165,27.5,"low edi","Autocratic",0.1636325,0.265797,0.5320155,0.100265,0.145594,-0.371969
"7518","THA 1996","Thailand 1996","Thailand",1996,-0.025,-0.025,0.255,1.802,1.802,1.802,1.8,1.8,1.8,-1.28,-1.28,-1.28,0.761,0.761,0.761,0.768,0.768,0.768,0.491,-1.586,0.406,1,21.89,13,7,3.08602991153477,"S.E. Asia",0.57,0.565658096,0.7097,0.706,0.701,0.6936,0.7133,0.7164,0.5767,0.5783,0.5788,0.5788,0.5739,0.5697,1,"democracy",1,0,2,5,1.6094379124341,"Parliamentary",6,0.7717635,0.60569489,0,"DP",NA,"Chart Thai",NA,"Social Action",NA,0.46580493,0,"NAP",NA,"Chart Pattana",NA,"Muan Chon",NA,"DP",NA,0,0,0.181247,0.106108,0.046686,0.763403,46.3,91.3,0.197,0.301,1.436,0.147552,0.089994,-0.36729,31.8,"low edi","Autocratic",0.1891235,0.203554,0.741343,0.181247,0.106108,0.046686
"7523","THA 2001","Thailand 2001","Thailand",2001,-0.311,-0.311,-0.025,1.802,1.802,1.802,1.8,1.8,1.8,-0.242,-0.242,-0.242,0.761,0.761,0.761,0.768,0.768,0.768,0.73,1.272,0.55,2,21.558,13,7,3.07074697735944,"S.E. Asia",0.71,0.513518604,0.6689,0.6504,0.6254,0.5991,0.6811,0.6936,0.5739,0.5701,0.565,0.5594,0.5769,0.5788,1,"democracy",1,0,2,10,2.30258509299405,"Parliamentary",4,0.67372346,0.4384982,52.899998,"TRT",40.599998,"Chart Thai",5.3000002,"NAP",7,0.33742237,32.700001,"DP",26.6,"Chart Pattana",6.0999999,"Social Action",NA,"TRT",NA,0,0,0.122732,0.341798,0.38696,0.807314,65,96.4,0.051,0.633,-1.148,0.075008,0.06912,0.367616,25.6,"low edi","Electoral democracy",0.086866,0.487399,-0.38052,0.122732,0.341798,0.38696
"7527","THA 2005","Thailand 2005","Thailand",2005,-0.445,-0.862,-0.311,1.802,1.802,1.802,1.803,0.518,1.8,-0.242,-0.242,-0.242,0.765,0.728,0.761,1.253,0.559,0.768,0.613,1.445,0.514,2,26.061,13,7,3.26043994394589,"S.E. Asia",0.66,0.438653862,0.5622,0.5042,0.4769,0.4593,0.5991,0.6254,0.5536,0.5472,0.5439,0.541,0.5594,0.565,1,"democracy",1,0,2,14,2.63905732961526,"Parliamentary",3,0.39288977,0,0,"TRT",NA,NA,0,NA,0,0.35212582,0,"DP",NA,"Chart Thai",NA,"Mahachon",NA,"TRT",NA,0,0,0.125918,0.513474,-0.373147,0.865592,75.4,100,0.167,0.681,-1.148,0.18372,0.069742,0.396762,24.2,"low edi","Electoral democracy",0.146459,0.597237,-0.7605735,0.125918,0.513474,-0.373147
"7627","UGA 1980","Uganda 1980","Uganda",1980,-2.19,-2.19,-2.19,-2.481,-2.481,-2.481,-2.685,-2.685,-2.685,-0.962,-2.158,-2.158,0.073,0.073,0.068,-1.576,-1.576,-1.576,0.417,-1.267,0.15,1,2.265,8,4,0.817574758934997,"Sub-S. Africa",0,0,0.2807,0.3687,0.3782,0.3176,0.1789,0.1095,0.0396,0.0521,0.0619,0.0683,0.0291,0.0248,1,"democracy",1,1,0,1,0,"Parliamentary",3,0.49763969,0,47.18,"UPC",47.18,NA,0,NA,0,0.03846154,51.139999,"Dem. Party",47.040001,"UPM",4.0999999,NA,0,"UPC",NA,0,1,0.568225,0.274295,0.188485,0.099365,59.5,99.2,0.955,0.461,-0.167,0.310454,0.268372,0.133789,39.7,"low edi","Autocratic",0.7616125,0.3676475,0.0107425,0.568225,0.274295,0.188485
"7851","VEN 1978","Venezuela 1978","Venezuela",1978,-0.663,-0.663,-0.663,1.177,1.177,1.177,-0.497,-0.497,-0.497,-0.051,-0.29,-0.29,0.724,0.724,0.724,0.606,0.606,0.606,0.861,-1.495,0.729,2,31.299,18,2,3.44358614815394,"Latin Am.",0.49,0.488556262,0.5891,0.5862,0.5848,0.5834,0.5895,0.5906,0.6481,0.6432,0.6392,0.6366,0.6531,0.6558,1,"democracy",1,0,0,20,2.99573227355399,"Presidential",5,0.55485398,0,0,"COPEI",NA,NA,0,NA,0,0.19574468,0,"AD",NA,"MAS",NA,"MIR",NA,"COPEI",NA,0,1,0.028696,0.10128,-0.888484,0.17302,42.2,93.9,0.068,0.24,0.41,0.083197,0.281733,-0.391463,49.7,"high edi","Electoral democracy",0.048348,0.17064,-0.239242,0.048348,0.17064,-0.239242
"7856","VEN 1983","Venezuela 1983","Venezuela",1983,-0.663,-0.663,-0.663,1.177,1.177,1.177,-0.25,-0.25,-0.25,-0.051,-0.051,-0.051,0.724,0.724,0.724,0.606,0.606,0.606,0.858,-1.459,0.73,2,27.378,18,2,3.30973977117332,"Latin Am.",0.42,0.335466632,0.5862,0.5748,0.5673,0.5538,0.5858,0.5834,0.6401,0.6269,0.6199,0.6081,0.6397,0.6366,1,"democracy",1,0,0,25,3.2188758248682,"Presidential",2,0.59536362,0,0,"AD",NA,NA,0,NA,0,0.50638866,0,"COPEI",NA,"MAS",NA,"URD",NA,"AD",NA,0,1,0.105655,0.284195,0.50024,0.3503,56.5,91.5,0.187,0.503,-0.62,0.03405,0.11985,0.0591,35,"high edi","Electoral democracy",0.1463275,0.3935975,-0.05988,0.1463275,0.3935975,-0.05988
"7861","VEN 1988","Venezuela 1988","Venezuela",1988,-0.259,-0.663,-0.663,1.177,1.177,1.177,-0.25,-0.25,-0.25,1.502,-0.051,-0.051,0.671,0.683,0.703,0.606,0.606,0.606,0.846,-1.201,0.728,2,25.003,18,2,3.21899581766878,"Latin Am.",0.43,0.429975874,0.532,0.5202,0.5126,0.4985,0.5403,0.5538,0.5893,0.5769,0.5676,0.5495,0.597,0.6081,1,"democracy",1,0,0,30,3.40119738166216,"Presidential",5,0.64822143,0,43.299999,"AD",43.299999,NA,0,NA,0,0.54915047,53.900002,"COPEI",31.1,"MAS",10.2,"NGD",3.3,"AD",NA,0,0,0.072933,0.210105,0.478953,0.106743,48.3,90.6,0.151,0.435,-0.221,0.045594,0.159372,0.01287,42.3,"high edi","Electoral democracy",0.1119665,0.3225525,0.1289765,0.1119665,0.3225525,0.1289765
"7866","VEN 1993","Venezuela 1993","Venezuela",1993,-0.259,-0.259,-0.259,1.443,1.177,1.177,-0.25,-0.25,-0.25,1.502,1.502,1.502,0.685,0.676,0.769,0.603,0.603,1.197,0.894,-1.073,0.745,2,25.529,18,2,3.23981506088186,"Latin Am.",0.47,0.473289164,0.4663,0.4536,0.4466,0.4412,0.4857,0.4985,0.5086,0.4928,0.4805,0.4666,0.5314,0.5495,1,"democracy",1,0,0,35,3.55534806148941,"Presidential",5,0.75021577,1.110223e-16,0,"CN",NA,NA,0,NA,0,0.6647923,0,"AD",NA,"COPEI",NA,"CR",NA,"CN",NA,0,0,0.016384,0.064,0,0.074496,12.8,97.5,0.128,0.5,0.582,0.070262,0.153256,0.107465,53.2,"high edi","Electoral democracy",0.072192,0.282,0.291,0.072192,0.282,0.291
"7871","VEN 1998","Venezuela 1998","Venezuela",1998,-1.708,-0.527,-0.527,-0.74,1.077,1.077,-1.315,-0.32,-0.32,-1.087,1.048,1.502,0.32,0.577,0.644,-0.436,-0.202,0.369,0.894,-1.161,0.733,2,24.5,18,2,3.19867311755068,"Latin Am.",0.41,0.176465697,0.4192,0.401,0.3809,0.3606,0.4321,0.4412,0.4112,0.3706,0.3226,0.2851,0.4434,0.4666,1,"democracy",1,0,0,40,3.68887945411394,"Presidential",4,0.80192816,0.45424432,33.630001,"MVR",21.280001,"MAS",8.7200003,"PPT",3.6300001,0.68660969,51.93,"AD",21.74,"COPEI",10.68,"PRVZL",12.28,"MVR",NA,0,0,0.200073,0.25893,-0.181024,0.602303,28.5,80.3,0.945,0.994,-2.395,0.079117,0.111729,0.132388,51.8,"high edi","Electoral democracy",0.5725365,0.626465,-1.288012,0.5725365,0.626465,-1.288012
"7873","VEN 2000","Venezuela 2000","Venezuela",2000,-1.708,-1.708,-1.708,-0.74,-0.74,-0.74,-1.612,-1.315,-1.315,-1.087,-1.087,-1.087,0.32,0.32,0.32,-0.436,-0.436,-0.436,0.304,1.174,0.573,2,24.396,18,2,3.19441918443421,"Latin Am.",0,0.176465697,0.3809,0.3606,0.3393,0.3184,0.401,0.4192,0.3226,0.2851,0.2496,0.2109,0.3706,0.4112,1,"democracy",1,0,0,42,3.73766961828337,"Presidential",2,0.63963413,0.23805325,51.100002,"MVR",44.200001,"PRVZL",6.9000001,"MAS",NA,0.47575757,21.200001,"AD",16.1,"COPEI",5.0999999,"PJ",NA,"MVR",NA,0,1,0.576198,0.594252,0.65679,1.503144,63,86.6,0.985,0.994,-2.506,0.056712,0.083036,-0.006208,23.6,"low edi","Electoral democracy",0.780599,0.794126,-0.924605,0.780599,0.794126,-0.924605
"7989","BEN 1991","Benin 1991","Benin",1991,0.01,-0.881,-0.881,0.556,0.556,0.556,0.447,0.447,-0.491,1.726,1.726,-0.528,0.675,0.675,0.581,0.599,0.599,0.599,0.868,1.272,0.47,1,3.869,6,4,1.35299607571838,"Sub-S. Africa",0,0,0.4268,0.4674,0.4759,0.4767,0.3603,0.279,0.4576,0.5035,0.5238,0.5355,0.3877,0.3197,1,"democracy",1,1,0,1,0,"Presidential",3,0.94290125,0,18.9,"UTDR",18.9,NA,0,NA,0,NA,0,NA,0,NA,0,NA,0,"independent",NA,0,1,0.07802,0.051136,0.01752,0.058092,18.8,89.2,NA,NA,NA,0.190748,0.22032,0.208675,70.4,"low edi","Autocratic",NA,NA,NA,NA,NA,NA
"7993","BEN 1995","Benin 1995","Benin",1995,0.01,0.01,0.01,0.556,0.556,0.556,0.447,0.447,0.447,1.726,1.726,1.726,0.675,0.675,0.675,0.599,0.599,0.599,0.928,1.272,0.624,2,3.937,6,4,1.3704190119616,"Sub-S. Africa",0.6,0.599567014,0.4698,0.4624,0.4635,0.4574,0.4767,0.4759,0.5378,0.5374,0.5396,0.5372,0.5355,0.5238,1,"democracy",1,0,0,5,1.6094379124341,"Presidential",3,0.86419749,0.78741497,0,"PRD",NA,"FARD- Alafia",NA,"PSD",NA,0.61931819,0,"RB",NA,"UDSN",NA,"NG",NA,"independent",52.5,0,0,0.121234,0.116884,0.14749,0.276689,44.5,79.4,NA,NA,NA,0.08855,0.065274,0.324852,25.3,"high edi","Electoral democracy",NA,NA,NA,NA,NA,NA
"7997","BEN 1999","Benin 1999","Benin",1999,0.01,0.01,0.01,0.556,0.556,0.556,0.447,0.447,0.447,1.726,1.726,1.726,0.675,0.675,0.675,0.599,0.599,0.599,0.898,1.478,0.61,2,4.295,6,4,1.45745155543622,"Sub-S. Africa",0.57,0.5685464,0.4456,0.4296,0.4193,0.4124,0.4574,0.4635,0.5305,0.5229,0.5141,0.5061,0.5372,0.5396,1,"democracy",1,0,0,9,2.19722457733622,"Presidential",3,0.84969145,0.83773786,26.93,"PRD",12.17,"FARD- Alafia",5.4899998,"PSD",9.2700005,0.51686907,22.690001,"RB",22.690001,"Alliance Etoile",NA,"MERCI",NA,"independent",52.5,0,0,0.112978,0.104591,-0.305203,0.202661,36.1,75.8,NA,NA,NA,0.130961,0.094146,0.506868,39.7,"high edi","Electoral democracy",NA,NA,NA,NA,NA,NA
"8001","BEN 2003","Benin 2003","Benin",2003,0.488,0.01,0.01,1.381,0.556,0.556,0.353,0.353,0.353,1.726,1.726,1.726,0.684,0.675,0.675,0.599,0.599,0.599,0.923,1.188,0.606,2,4.678,6,4,1.54287066816199,"Sub-S. Africa",0.57,0.565215839,0.4007,0.3824,0.3734,0.3662,0.4124,0.4193,0.4991,0.4899,0.4857,0.4846,0.5061,0.5141,1,"democracy",1,0,0,13,2.56494935746154,"Presidential",2,0.80123425,0.58069384,0,"UBF",NA,"PRD",NA,"MADEP",NA,0.74107528,0,"RB",NA,"FC",NA,"Alliance Etoile",NA,"independent",84.059998,0,0,0.25121,0.171648,0.100224,0.36444,61.4,85.5,NA,NA,NA,0.078737,0.066858,0.220284,24.1,"high edi","Electoral democracy",NA,NA,NA,NA,NA,NA
"8005","BEN 2007","Benin 2007","Benin",2007,-0.522,-0.522,-0.522,1.227,1.227,1.227,0.353,0.353,0.353,1.726,1.726,1.726,0.677,0.677,0.677,0.599,0.599,0.599,0.891,1.065,0.653,2,4.817,6,4,1.57215132764808,"Sub-S. Africa",0.53,0.534065295,0.378,0.3868,0.4024,0.4215,0.3662,0.3734,0.4919,0.5012,0.5138,0.5286,0.4846,0.4857,1,"democracy",1,0,0,17,2.83321334405622,"Presidential",3,0.76919127,0.62096155,0,"FCBE",NA,"ADD",NA,"AR",NA,0.47354499,0,"PRD",NA,"FC",NA,"UPR",NA,"independent",74.519997,0,0,0.227467,0.121141,-0.165572,0.37813,59.1,80.6,NA,NA,NA,0.05375,0.056545,0.186835,21.5,"high edi","Electoral democracy",NA,NA,NA,NA,NA,NA
"8009","BEN 2011","Benin 2011","Benin",2011,-0.729,-0.715,-0.715,1.278,1.227,1.227,-0.265,0.375,0.174,1.726,1.726,1.726,0.65,0.677,0.677,0.852,0.599,0.599,0.891,1.199,0.604,2,4.877,6,4,1.58453027672792,"Sub-S. Africa",0.5,0.501543344,0.4334,0.4424,0.4487,0.4541,0.4215,0.4024,0.5426,0.5548,0.5649,0.5713,0.5286,0.5138,1,"democracy",1,0,0,21,3.04452243772342,"Presidential",3,0.62944466,0.29931974,0,"FCBE",NA,"Amana",NA,"Cauris",NA,0.22103387,0,"UN",NA,"UPR",NA,"G13",NA,"independent",NA,0,0,0.18525,0.13091,-0.358944,0.048906,49.4,92.7,NA,NA,NA,0.081586,0.21299,0.227069,36.1,"high edi","Electoral democracy",NA,NA,NA,NA,NA,NA
"8563","IDN 1999","Indonesia 1999","Indonesia",1999,0.166,0.166,0.166,1.189,1.189,0.584,0.44,0.44,0.44,1.422,1.422,1.422,0.725,0.725,0.691,0.94,0.94,0.94,0.728,-0.723,0.558,2,11.487,13,7,2.44121596116327,"S.E. Asia",0.25,0.418970263,0.2964,0.3182,0.3393,0.3619,0.2621,0.2336,0.1947,0.2182,0.241,0.2689,0.1612,0.1368,1,"democracy",1,1,1,1,0,"Assembly-Elected President",2,0.56949675,0.52402371,62.200001,"PDI-P",37.450001,"PKB",17.440001,"PAN",7.3099999,0.56949675,35.639999,"Golkar",20.889999,"PPP",10.68,"PBB",1.8200001,"PKB",NA,0,0,0.1396,0.336268,-0.092345,0.545853,51.9,90.7,0.308,0.508,-0.826,0.274032,0.0824,-0.129396,38.8,"low edi","Electoral democracy",0.2238,0.422134,-0.4591725,0.1396,0.336268,-0.092345
"8568","IDN 2004","Indonesia 2004","Indonesia",2004,0.166,0.166,0.166,1.189,1.189,1.189,0.44,0.44,0.44,1.422,1.422,1.422,0.733,0.733,0.733,1.122,1.122,1.122,0.768,-1.172,0.696,2,12.856,13,7,2.55381062843521,"S.E. Asia",0.5,0.499277645,0.4002,0.4106,0.4207,0.4168,0.3808,0.3619,0.3222,0.3364,0.3493,0.3522,0.2985,0.2689,1,"democracy",1,0,1,6,1.79175946922805,"Presidential",4,0.86923808,0.59149808,18.66,"PD",7.4499998,"PKS",7.3400002,"PBB",2.6199999,0.81554365,70.979996,"Golkar",21.57,"PDI-P",18.530001,"PPP",8.1499996,"PD",60.619999,0,0,0.098914,0.068682,0.533081,0.095638,18.4,90.9,0.407,0.355,0.194,0.281286,0.192294,-0.290286,53.4,"high edi","Electoral democracy",0.252957,0.211841,0.3635405,0.252957,0.211841,0.3635405
"8573","IDN 2009","Indonesia 2009","Indonesia",2009,-0.212,-0.212,-0.463,1.528,1.528,1.189,0.44,0.44,0.44,1.4,1.524,0.726,0.77,0.785,0.731,1.082,1.082,1.082,0.757,0.531,0.69,2,16.931,13,7,2.82914626114609,"S.E. Asia",0.57,0.093092914,0.416,0.4243,0.4401,0.4592,0.4149,0.4168,0.3784,0.4126,0.4487,0.4859,0.3598,0.3522,1,"democracy",1,0,1,11,2.39789527279837,"Presidential",3,0.84002256,0.772358,0,"PD",NA,"Golkar",NA,"PKS",NA,0.49032053,0,"PDI-P",NA,"Gerinda",NA,"Hanura",NA,"PD",NA,0,0,0.33633,0.142605,0.473698,0.189564,55.8,96.9,0.479,0.276,0.194,0.093964,0.132944,-0.259486,22,"high edi","Electoral democracy",0.407665,0.2093025,0.333849,0.407665,0.2093025,0.333849
"8578","IDN 2014","Indonesia 2014","Indonesia",2014,0.921,0.921,0.241,1.433,1.433,1.55,0.495,0.714,0.265,1.53,1.53,1.53,0.773,0.773,0.745,0.963,0.963,0.963,0.801,0.523,0.665,2,21.438,13,7,3.06516504826933,"S.E. Asia",0.56,0.560267385,0.4827,0.4804,NA,NA,0.4745,0.4592,0.54,0.5431,NA,NA,0.5199,0.4859,1,"democracy",1,0,1,16,2.77258872223978,"Presidential",4,0.87923795,0.63969797,37.529999,"PDI-P",18.950001,"PKB",9,"NasDem",6.7199998,0.81941044,61.529999,"Golkar",14.75,"Gerinda",13.04,"PD",10.89,"PDI-P",NA,0,0,0.122619,0.186336,-3.361,0.279873,34.2,100.2,0.329,0.669,-0.96,0.373289,0.196581,-0.152973,50.1,"high edi","Electoral democracy",0.2258095,0.427668,-2.1605,0.2258095,0.427668,-2.1605
"8683","MOZ 1994","Mozambique 1994","Mozambique",1994,1.414,1.414,1.414,0.335,0.335,0.335,0.22,0.22,0.22,1.006,1.006,1.006,0.604,0.604,0.6,0.621,0.621,0.621,0.392,-1.266,0.246,1,1.808,8,4,0.592221261969985,"Sub-S. Africa",0,0,0.2913,0.2919,0.2912,0.2924,0.2929,0.2964,0.3857,0.3915,0.3963,0.4018,0.3806,0.3741,1,"democracy",1,1,0,1,0,"Presidential",3,0.53387952,0,44.330002,"Frelimo",44.330002,NA,0,NA,0,0.13884297,42.93,"Renamo",37.779999,"Udemo",5.1500001,NA,0,"Frelimo",NA,1,1,0.36894,0.045408,0.072224,0.556248,51.6,100,0.715,0.088,-1.078,0.273404,0.315484,0.613868,48.4,"low edi","Autocratic",0.54197,0.066704,-0.502888,0.54197,0.066704,-0.502888
"8688","MOZ 1999","Mozambique 1999","Mozambique",1999,1.414,1.414,1.414,1.012,1.012,0.335,0.439,0.439,0.22,1.006,1.006,1.006,0.71,0.71,0.604,0.621,0.621,0.621,0.412,-1.266,0.458,1,2.238,8,4,0.805582609889734,"Sub-S. Africa",0,0.355937475,0.2964,0.299,0.3021,0.3042,0.2948,0.2924,0.4105,0.4145,0.4174,0.4205,0.4065,0.4018,1,"democracy",1,0,0,6,1.79175946922805,"Presidential",3,0.49995181,0,48.5,"Frelimo",48.5,NA,0,NA,0,0,38.799999,"Renamo",38.799999,NA,0,NA,0,"Frelimo",NA,1,1,0.40432,0.042028,0.059558,0.449008,53.2,100,0.76,0.079,-0.844,0.279864,0.320112,0.624312,46.8,"low edi","Autocratic",0.58216,0.060514,-0.392221,0.58216,0.060514,-0.392221
"8916","NPL 1991","Nepal 1991","Nepal",1991,0.601,0.601,0.311,1.824,1.824,1.824,1.084,1.084,1.084,-1.029,-1.029,-1.279,0.789,0.789,0.788,0.444,0.444,0.444,0.748,0.679,0.38,1,2.902,14,8,1.065400154462,"S. Asia",0,0.25740113,0.4455,0.469,0.4744,0.4749,0.4166,0.3717,0.3779,0.3916,0.4006,0.4074,0.3611,0.3407,1,"democracy",1,1,0,1,0,"Parliamentary",4,0.59834528,0,37.700001,"NC",37.700001,NA,0,NA,0,0.46167973,56.799999,"UML",28,"People's Front",4.8000002,"NGP",4.0999999,"NC",NA,0,1,0.287832,0.2148,0.015717,0.155193,53.7,95.3,0.536,0.4,0.289,0.280721,0.284428,-0.683436,33.7,"low edi","Autocratic",0.411916,0.3074,0.1523585,0.287832,0.2148,0.015717
"8919","NPL 1994","Nepal 1994","Nepal",1994,0.228,0.228,0.228,1.824,1.824,1.824,1.084,1.084,1.084,-1.029,-1.029,-1.029,0.791,0.784,0.789,0.444,0.444,0.444,0.753,0.966,0.403,1,3.184,14,8,1.15813826798214,"S. Asia",0.4,0.496712464,0.4749,0.4754,0.4731,0.4679,0.4744,0.469,0.4074,0.4124,0.4168,0.4203,0.4006,0.3916,1,"democracy",1,0,0,4,1.38629436111989,"Parliamentary",5,0.64475131,0,30.799999,"UML",30.799999,NA,0,NA,0,0.46945918,62.5,"NC",33.400002,"RPP",17.9,"NWPP",1,"UML",NA,0,1,0.299871,0.354354,-0.021808,0.870012,42.9,93.2,0.699,0.826,-2.028,0.292282,0.211392,-0.102937,50.3,"low edi","Autocratic",0.4994355,0.590177,-1.024904,0.299871,0.354354,-0.021808
"8924","NPL 1999","Nepal 1999","Nepal",1999,0.106,0.106,0.228,1.824,1.824,1.824,1.084,1.084,1.084,-1.029,-1.029,-1.029,0.769,0.801,0.791,0.993,0.993,0.444,0.736,1.185,0.385,1,3.517,14,8,1.25760835349185,"S. Asia",0.43,0.502663068,0.4508,0.4281,0.3921,0.3363,0.464,0.4679,0.4258,0.4267,0.4237,0.4192,0.4234,0.4203,1,"democracy",1,0,0,9,2.19722457733622,"Parliamentary",3,0.58467662,0.23047619,50.799999,"NC",37.169998,"NDP",10.43,"NSP",3.2,0.17549549,36.310001,"UML",31.610001,"People's Front",3.2,"SJN",0.89999998,"NC",NA,0,1,0.318354,0.2188,-0.01374,0.149331,54.7,94,0.582,0.4,0.273,0.24674,0.271414,-0.5746,33.8,"low edi","Autocratic",0.450177,0.3094,0.12963,0.318354,0.2188,-0.01374
"8933","NPL 2008","Nepal 2008","Nepal",2008,1.101,0.881,0.881,1.902,1.902,1.902,1.824,1.824,1.824,-0.7,-0.598,-0.711,0.784,0.784,0.801,0.652,0.652,0.652,0.89,0.839,0.473,1,4.323,14,8,1.46394960568549,"S. Asia",0.48,0.476214286,0.4624,0.4775,0.4868,0.5028,0.4362,0.392,0.4384,0.4418,0.4444,0.4487,0.4343,0.4283,1,"democracy",1,1,1,1,0,"Parliamentary",3,0.79493606,0.60705793,0,"CPN-M",NA,"CPN (UML)",NA,"MJF",NA,0.59931743,0,"NC",NA,"TMLP",NA,"RPP",NA,"CPN-M",NA,0,0,0.175998,0.197337,0.295704,0.158136,25.8,80.7,NA,NA,NA,0.114924,0.0732,0.093696,18.3,"low edi","Autocratic",NA,NA,NA,0.175998,0.197337,0.295704
"8937","NPL 2012","Nepal 2012","Nepal",2012,1.052,1.052,0.862,1.923,1.923,2.15,1.958,1.958,1.824,-0.427,-0.186,-0.661,0.762,0.768,0.814,0.716,0.716,0.716,0.917,0.822,0.391,1,5.169,14,8,1.6426792462139,"S. Asia",0,0.457449737,0.5159,0.5241,0.531,0.5341,0.5028,0.4868,0.4509,0.4516,0.4525,0.4535,0.4487,0.4444,1,"democracy",1,0,1,5,1.6094379124341,"Parliamentary",3,0.79493606,0.60705793,0,"CPN-M",NA,"CPN (UML)",NA,"MJF",NA,0.59931743,0,"NC",NA,"TMLP",NA,"RPP",NA,"CPN-M",NA,0,0,0.177444,0.177354,0.105787,0.134208,25.8,80.7,NA,NA,NA,0.114924,0.0732,0.041724,18.3,"low edi","Autocratic",NA,NA,NA,0.177444,0.177354,0.105787
"9096","NIC 1984","Nicaragua 1984","Nicaragua",1984,-1.228,-1.228,-1.228,-1.191,-1.191,-1.191,-0.945,-0.945,-0.945,-1.452,-1.452,-1.452,0.261,0.261,0.261,-1.376,-1.376,-1.376,NA,-0.818,0.198,1,8.193,17,2,2.10328013115968,"Latin Am.",0,0.377942873,0.1814,0.1909,0.1979,0.2144,0.1727,0.1538,0.1097,0.1226,0.1363,0.1563,0.0986,0.0832,1,"democracy",1,1,0,1,0,"Presidential",3,0.56688595,0,66.5,"FSLN",66.5,NA,0,NA,0,0.75630254,32.799999,"PCD",13.9,"PLI",9.3000002,"PPSC",5.6999998,"FSLN",NA,0,1,0.625475,0.561975,0.528912,1.7907,63.5,93.8,0.985,0.885,-2.82,0.146802,0.115266,0.256066,30.3,"low edi","Autocratic",0.8052375,0.7234875,-1.145544,0.8052375,0.7234875,-1.145544
"9102","NIC 1990","Nicaragua 1990","Nicaragua",1990,-0.188,-0.188,-0.188,0.314,0.314,0.314,0.381,0.381,0.381,-0.177,-0.177,-0.177,0.457,0.457,0.455,-0.908,-0.908,-0.908,0.742,1.038,0.634,2,5.666,17,2,1.73448340140832,"Latin Am.",0.38,0.377942873,0.3109,0.3357,0.3715,0.3987,0.2776,0.2431,0.2526,0.2803,0.3056,0.3216,0.2164,0.1839,1,"democracy",1,0,0,7,1.94591014905531,"Presidential",2,0.51839465,0,53.880001,"UNO",53.880001,NA,0,NA,0,0.096341461,43.400002,"FSLN",40.84,"PSCN",1.5700001,"MUR",0.99000001,"UNO",NA,0,1,0.143486,0.306916,0.180128,0.821028,55.4,97.8,0.259,0.554,1.482,0.361672,0.371424,-1.19568,42.4,"high edi","Electoral democracy",0.201243,0.430458,0.831064,0.201243,0.430458,0.831064
"9108","NIC 1996","Nicaragua 1996","Nicaragua",1996,-0.188,-0.188,-0.188,-0.568,-0.568,-0.568,0.404,0.404,0.685,1.581,1.581,1.581,0.283,0.283,0.324,-0.908,-0.908,-0.908,0.756,0.73,0.682,2,5.881,17,2,1.77172681547782,"Latin Am.",0.35,0.345454443,0.4996,0.518,0.5246,0.5267,0.4603,0.42,0.3371,0.334,0.3299,0.3242,0.3346,0.3274,1,"democracy",1,0,0,13,2.56494935746154,"Presidential",4,0.63531303,0,46.029999,"AL",46.029999,NA,0,NA,0,0.46846506,50.049999,"FSLN",36.549999,"CCN",3.73,"PCN",2.1199999,"AL",NA,0,0,0.348382,0.122354,-0.351127,0.954081,46.7,86.7,0.746,0.262,2.043,0.292,0.35,-0.7888,40,"high edi","Electoral democracy",0.547191,0.192177,0.8459365,0.547191,0.192177,0.8459365
"9113","NIC 2001","Nicaragua 2001","Nicaragua",2001,-0.309,-0.309,-0.188,-0.585,-0.585,-0.585,-0.374,0.654,0.404,-0.109,-0.109,-0.109,0.247,0.247,0.247,-0.862,-0.862,-0.862,0.732,1.278,0.592,2,6.782,17,2,1.91427204370345,"Latin Am.",0.42,0.420934245,0.5082,0.4962,0.4847,0.4747,0.5224,0.5267,0.3072,0.2986,0.2919,0.2857,0.3177,0.3242,1,"democracy",1,0,0,18,2.89037175789616,"Presidential",2,0.52580029,0,53.200001,"PLC",53.200001,NA,0,NA,0,0.086868688,44.199997,"FSLN",42.099998,"PCN",2.0999999,NA,0,"PLC",NA,0,1,0.428532,0.198809,0.011155,1.074528,53.3,95.7,0.804,0.373,2.016,0.308248,0.37312,-0.83316,42.4,"low edi","Electoral democracy",0.616266,0.2859045,1.0135775,0.616266,0.2859045,1.0135775
"9118","NIC 2006","Nicaragua 2006","Nicaragua",2006,-0.546,-0.655,-0.723,-1.614,-1.614,-1.193,-1.489,-1.402,-0.937,-0.562,-0.426,-0.109,0.062,0.084,0.121,-2.007,-1.696,-1.901,0.642,-1.653,0.56,2,7.584,17,2,2.02604076495272,"Latin Am.",0.34,0.342422447,0.466,0.4669,0.4662,0.4673,0.4688,0.4747,0.2765,0.28,0.2838,0.2876,0.2813,0.2857,1,"democracy",1,0,0,23,3.13549421592915,"Presidential",4,0.68938822,0,37.470001,"FSLN",37.470001,NA,0,NA,0,0.59200603,61.98,"PLC",27.629999,"ALN",26.09,"MRS",8.2600002,"FSLN",NA,0,0,0.33453,0.298186,-0.25945,0.352702,41.3,98.9,0.81,0.722,-0.854,0.310798,0.189926,1.005824,57.6,"low edi","Electoral democracy",0.572265,0.510093,-0.556725,0.572265,0.510093,-0.556725
"9123","NIC 2011","Nicaragua 2011","Nicaragua",2011,-0.356,-0.65,-0.419,-1.614,-1.614,-1.614,-1.477,-1.489,-1.489,-0.709,-0.709,-0.709,0.041,0.056,0.06,-2.204,-2.007,-2.007,0.244,-1.216,0.427,1,8.552,17,2,2.14616517372274,"Latin Am.",0,0.459615156,0.4833,0.4896,0.4844,0.4815,0.4726,0.4673,0.301,0.3118,0.3238,0.3321,0.2933,0.2876,1,"democracy",1,0,0,28,3.3322045101752,"Presidential",2,0.44644195,0,60.75,"FSLN",60.75,NA,0,NA,0,0.13756613,37.959999,"PLI",31.450001,"PLC",6.5100002,NA,0,"FSLN",NA,0,1,0.665135,0.46169,0.187915,0.22879,68.5,100,0.971,0.674,-0.334,0.149016,0.129465,0.482504,31.5,"low edi","Autocratic",0.8180675,0.567845,-0.0730425,0.8180675,0.567845,-0.0730425
"9208","NER 1993","Niger 1993","Niger",1993,-1.699,-1.699,-1.699,1.86,1.86,1.86,-0.834,-0.834,-0.834,0.244,0.244,0.244,0.769,0.769,0.769,-0.034,-0.034,-0.034,0.675,1.507,0.533,2,2.049,6,4,0.717351869256763,"Sub-S. Africa",0,0.161434264,0.3976,0.382,0.3379,0.2456,0.374,0.3291,0.5394,0.551,0.5486,0.5287,0.5117,0.4849,1,"democracy",1,1,0,1,0,"Presidential",3,0.75830156,0.71879536,0,"CDS-R",NA,"PNDS",NA,"ANDP-Z",NA,0,0,"MNSD-N",NA,NA,0,NA,0,"CDS-R",54.419998,0,1,0.121518,0.122303,0.241844,0.006908,15.7,90.4,NA,NA,NA,0.270824,0.255119,0.014658,34.9,"low edi","Electoral democracy",NA,NA,NA,NA,NA,NA
"9210","NER 1995","Niger 1995","Niger",1995,-1.562,-1.562,-1.699,1.021,1.86,1.86,-0.834,-0.834,-0.834,0.244,0.244,0.244,0.607,0.703,0.769,-0.034,-0.034,-0.034,0.675,1.507,0.541,2,1.952,6,4,0.668854487990901,"Sub-S. Africa",0,0.508792213,0.3379,0.2456,0.1993,0.2084,0.382,0.3976,0.5486,0.5287,0.5085,0.5074,0.551,0.5394,1,"democracy",1,0,0,3,1.09861228866811,"Presidential",3,0.75830156,0.71879536,0,"CDS-R",NA,"PNDS",NA,"ANDP-Z",NA,0,0,"MNSD-N",NA,NA,0,NA,0,"CDS-R",54.419998,0,1,0.11223,0.112955,0.6579,0.152975,14.5,89.1,NA,NA,NA,0.270824,0.271522,-0.364356,34.9,"low edi","Electoral democracy",NA,NA,NA,NA,NA,NA
"9214","NER 1999","Niger 1999","Niger",1999,-1.659,-1.659,-1.562,1.123,1.123,1.021,0.085,-1.029,-0.834,0.244,0.244,0.244,0.631,0.631,0.669,-0.034,-0.034,-0.034,0.058,1.507,0.255,1,1.918,6,4,0.651282976461246,"Sub-S. Africa",0,0.350100764,0.2649,0.3147,0.34,0.3522,0.2084,0.1993,0.5242,0.5517,0.5717,0.5857,0.5074,0.5085,1,"democracy",1,1,1,1,0,"Presidential",3,0.70819861,0.43501684,0,"MNSD",NA,"CDS-R",NA,NA,0,0.5925926,0,"PNDS",NA,"RDP",NA,"ANDP-Z",NA,"MNSD",59.889999,0,0,0.354492,0.335714,-0.397548,0.456168,45.8,95.2,0.774,0.733,-0.996,0.149575,0.128345,-0.197053,19.3,"low edi","Autocratic",0.564246,0.534357,-0.696774,0.564246,0.534357,-0.696774
"9219","NER 2004","Niger 2004","Niger",2004,-1.659,-1.659,-1.659,1.123,1.123,1.123,0.085,0.085,0.085,0.244,0.244,0.244,0.631,0.631,0.631,-0.034,-0.034,-0.034,0.699,-1.6,0.546,2,1.907,6,4,0.645531326618282,"Sub-S. Africa",0,0.472156039,0.3447,0.3308,0.3321,0.3481,0.3494,0.3522,0.598,0.5985,0.5982,0.5966,0.5942,0.5857,1,"democracy",1,0,1,6,1.79175946922805,"Presidential",3,0.73802936,0.63706231,0,"MNSD",NA,"CDS-R",NA,"RSD",NA,0.07692308,0,"PNDS",NA,"PSDN-A",NA,NA,0,"MNSD",65.529999,0,0,0.321984,0.325312,-0.166458,0.414336,41.6,89.4,0.774,0.782,-0.996,0.171275,0.162877,-0.225641,22.1,"low edi","Electoral democracy",0.547992,0.553656,-0.581229,0.547992,0.553656,-0.581229
"9226","NER 2011","Niger 2011","Niger",2011,-1.106,-1.554,-1.554,0.836,0.799,0.763,0.324,0.324,0.001,1.196,1.196,1.196,0.637,0.6,0.559,0.769,-0.28,-0.363,0.687,-1.6,0.542,2,2.093,6,4,0.738598443463863,"Sub-S. Africa",0,0.542273214,0.3542,0.3359,0.3037,0.2837,0.3591,0.3485,0.5455,0.5341,0.5252,0.5205,0.5583,0.5764,1,"democracy",1,1,2,1,0,"Presidential",3,0.77828699,0.65034962,68.010002,"PNDS",33.02,"MODEN",19.77,"RDP",6.6999998,0.40672269,28.66,"MNSD-N",20.43,"ANDP",7.3000002,"UNI",0.93000001,"PNDS",NA,0,0,0.392074,0.312114,0.054077,0.346884,50.5,91.2,0.778,0.654,-1.044,0.31501,0.279644,-0.279371,40.7,"low edi","Electoral democracy",0.585037,0.483057,-0.4949615,0.585037,0.483057,-0.4949615
"9340","ZMB 2011","Zambia 2011","Zambia",2011,0.728,0.411,0.411,0.769,1,1,0.761,0.388,0.544,1.107,1.107,1.107,0.757,0.792,0.792,0.717,0.609,0.609,0.875,-0.872,0.502,2,5.979,8,4,1.78825332989877,"Sub-S. Africa",0.44,0.436710872,0.455,0.4599,0.4609,0.4621,0.4513,0.458,0.4965,0.4963,0.4975,0.4975,0.4967,0.4984,1,"democracy",1,0,0,4,1.38629436111989,"Presidential",4,0.66602319,0,0,"PF",NA,NA,0,NA,0,0.47815126,0,"MMD",NA,"UPND",NA,"ADD",NA,"PF",NA,0,0,0.3,0.2188,-0.217556,0.1516,40,95.4,0.75,0.547,-0.379,0.45711,0.195278,-0.00886800000000003,55.4,"low edi","Electoral democracy",0.525,0.3829,-0.298278,0.525,0.3829,-0.298278
"9988","CAN 1979","Canada 1979","Canada",1979,1.034,1.034,1.034,2.436,2.436,2.436,1.912,1.912,1.912,1.841,1.841,0.785,0.943,0.943,0.943,2.204,2.204,2.204,0.873,-1.121,0.828,3,64.068,16,5,4.15994501930605,"W. Europe, N. Am.",0.41,0.412531005,0.9776,0.9792,0.98,0.9808,0.9754,0.9735,0.9795,0.9794,0.9796,0.9798,0.9797,0.9792,1,"democracy",1,0,0,113,4.72738781871234,"Parliamentary",5,0.59990913,0,35.900002,"PCP",35.900002,NA,0,NA,0,0.36566955,62.599998,"LPC",40.099998,"NDP",17.9,"Social Credit",4.5999999,"PCP",NA,0,1,0.025064,0.116644,0.524666,0.290164,48.2,97.8,0.052,0.242,0.602,0.02322,0.119216,-0.339688,49.6,"high edi","Liberal democracy",0.038532,0.179322,0.563333,0.025064,0.116644,0.524666
"9989","CAN 1980","Canada 1980","Canada",1980,1.034,1.034,1.034,2.436,2.436,2.436,1.912,1.912,1.912,1.841,1.841,1.841,0.943,0.943,0.943,2.204,2.204,2.204,0.886,-0.801,0.829,3,64.941,16,5,4.17347916538583,"W. Europe, N. Am.",0.46,0.456948133,0.9792,0.98,0.9808,0.9817,0.9776,0.9754,0.9794,0.9796,0.9798,0.9805,0.9795,0.9797,1,"democracy",1,0,0,114,4.7361984483945,"Parliamentary",4,0.59025633,0,44.299999,"LPC",44.299999,NA,0,NA,0,0.38790849,54,"PCP",32.5,"NDP",19.799999,"Social Credit",1.7,"LPC",NA,0,1,0.024487,0.094301,0.497598,0.293323,52.1,99.9,0.047,0.181,-0.563,0.024178,0.133628,-0.041187,47.8,"high edi","Liberal democracy",0.0357435,0.1376505,-0.032701,0.024487,0.094301,0.497598
"9993","CAN 1984","Canada 1984","Canada",1984,1.034,1.034,1.034,2.436,2.436,2.436,1.912,1.912,1.912,1.841,1.841,1.841,0.943,0.943,0.943,2.204,2.204,2.204,0.875,-0.801,0.837,3,69.387,16,5,4.23969953008147,"W. Europe, N. Am.",0.41,0.406297576,0.9826,0.9833,0.9839,0.9844,0.9817,0.9808,0.9815,0.9819,0.982,0.9809,0.9805,0.9798,1,"democracy",1,0,0,118,4.77068462446567,"Parliamentary",4,0.41016129,0,50,"PCP",50,NA,0,NA,0,0.51106638,47.299999,"LPC",28,"NDP",18.799999,"independent",0.5,"PCP",NA,0,0,0.040392,0.17204,-0.422048,0.450296,74.8,99.6,0.054,0.23,0.602,0.011974,0.078596,-0.32978,24.8,"high edi","Liberal democracy",0.047196,0.20102,0.089976,0.040392,0.17204,-0.422048
"9997","CAN 1988","Canada 1988","Canada",1988,1.034,1.034,1.034,2.395,1.626,2.436,1.286,1.912,1.912,1.841,1.841,1.841,0.934,0.903,0.943,2.204,2.204,2.204,0.875,-0.801,0.835,3,76.157,16,5,4.33279699895097,"W. Europe, N. Am.",0.37,0.367580995,0.9847,0.9853,0.9853,0.9854,0.9844,0.9839,0.9804,0.9794,0.9801,0.9803,0.9809,0.982,1,"democracy",1,0,0,122,4.80402104473326,"Parliamentary",4,0.57622534,0,43.009998,"PCP",43.009998,NA,0,NA,0,0.46181726,52.459999,"LPC",31.91,"NDP",20.379999,"independent",0.17,"PCP",NA,0,0,0.030942,0.115746,-0.26598,0.344946,57.3,100,0.054,0.202,0.602,0.022496,0.151388,-0.554805,42.7,"high edi","Liberal democracy",0.042471,0.158873,0.16801,0.030942,0.115746,-0.26598
"10002","CAN 1993","Canada 1993","Canada",1993,1.034,1.034,1.034,2.395,2.395,2.395,2.112,2.112,2.112,1.841,1.841,1.841,0.934,0.934,0.934,2.204,2.204,2.204,0.875,-0.801,0.832,3,76.552,16,5,4.33797024847696,"W. Europe, N. Am.",0.44,0.4375754,0.9867,0.9874,0.9879,0.9877,0.9864,0.9854,0.9813,0.9821,0.9829,0.9827,0.9805,0.9803,1,"democracy",1,0,0,127,4.84418708645859,"Parliamentary",4,0.57639223,0,41.23,"LPC",41.23,NA,0,NA,0,0.59528464,55.120003,"BQ",13.52,"Reform P.",18.690001,"NDP",6.8699999,"LPC",NA,0,0,0.0282,0.1068,0.196836,0.0876,60,99.7,0.047,0.178,0.146,0.049286,0.278855,-0.034242,39,"high edi","Liberal democracy",0.0376,0.1424,0.171418,0.0282,0.1068,0.196836
"10006","CAN 1997","Canada 1997","Canada",1997,1.034,1.034,1.034,2.395,2.395,2.395,2.112,2.112,2.112,1.841,1.841,1.841,0.934,0.934,0.934,2.204,2.204,2.204,0.875,-0.801,0.844,3,80.919,16,5,4.39344865433886,"W. Europe, N. Am.",0.44,0.441791286,0.9875,0.9875,0.9876,0.9878,0.9877,0.9879,0.9824,0.9827,0.9826,0.9834,0.9827,0.9829,1,"democracy",1,0,0,131,4.87519732320115,"Parliamentary",4,0.66664451,0,38.369999,"LPC",38.369999,NA,0,NA,0,0.7015326,59.990002,"Reform P.",19.35,"BQ",10.67,"NDP",11.05,"LPC",NA,0,1,0.024205,0.09167,0.216939,0.20291,51.5,99.6,0.047,0.178,0.394,0.053015,0.309996,0.064285,48.1,"high edi","Liberal democracy",0.0356025,0.134835,0.3054695,0.024205,0.09167,0.216939
"10009","CAN 2000","Canada 2000","Canada",2000,1.034,1.034,1.034,2.395,2.395,2.395,2.112,2.112,2.112,1.841,1.841,1.841,0.934,0.934,0.934,2.204,2.204,2.204,0.875,-0.801,0.843,3,87.745,16,5,4.47443488066557,"W. Europe, N. Am.",0.48,0.480503961,0.9878,0.9879,0.9877,0.9873,0.9876,0.9875,0.9834,0.9833,0.983,0.9824,0.9826,0.9827,1,"democracy",1,0,0,134,4.89783979995091,"Parliamentary",4,0.60801768,0,40.82,"LPC",40.82,NA,0,NA,0,0.63759691,56.900002,"Canadian Alliance",25.48,"BQ",10.69,"NDP",8.5200005,"LPC",NA,0,1,0.026837,0.101638,0.058576,0.224974,57.1,99.9,0.047,0.178,0.394,0.046477,0.293735,0.154335,38.8,"high edi","Liberal democracy",0.0369185,0.139819,0.226288,0.026837,0.101638,0.058576
"10013","CAN 2004","Canada 2004","Canada",2004,1.034,1.034,1.034,2.395,2.395,2.395,1.865,2.112,2.112,1.841,1.841,1.841,0.934,0.934,0.934,2.204,2.204,2.204,0.9,-1.238,0.83,3,94.384,16,5,4.54737156726072,"W. Europe, N. Am.",0.44,0.435858905,0.9868,0.9868,0.9866,0.9861,0.9873,0.9877,0.9815,0.9812,0.9805,0.9801,0.9824,0.983,1,"democracy",1,0,0,138,4.9272536851572,"Parliamentary",5,0.67219424,0,36.73,"LPC",36.73,NA,0,NA,0,0.56119949,57.700001,"CPC",29.629999,"BQ",12.39,"NDP",15.68,"LPC",NA,0,0,0.0219,0.077964,-0.069225,0.123516,43.8,99.6,0.05,0.178,-0.282,0.059964,0.296438,0.059558,55.8,"high edi","Liberal democracy",0.03595,0.127982,-0.1756125,0.0219,0.077964,-0.069225
"10015","CAN 2006","Canada 2006","Canada",2006,1.034,1.034,1.034,2.395,2.395,2.395,1.562,1.865,1.865,1.841,1.841,1.841,0.934,0.934,0.934,2.204,2.204,2.204,0.905,-1.238,0.834,3,98.833,16,5,4.5934315570827,"W. Europe, N. Am.",0.46,0.462224237,0.9866,0.9861,0.9855,0.9851,0.9868,0.9868,0.9805,0.9801,0.9801,0.9801,0.9812,0.9815,1,"democracy",1,0,0,140,4.9416424226093,"Parliamentary",5,0.69203436,0,36.299999,"CPC",36.299999,NA,0,NA,0,0.58361858,58.189999,"LPC",30.23,"BQ",10.48,"NDP",17.48,"CPC",NA,0,0,0.043927,0.245427,0.084384,0.558155,40.3,99.7,0.109,0.609,1.385,0.04215,0.203672,-0.502956,59.4,"high edi","Liberal democracy",0.0764635,0.4272135,0.734692,0.043927,0.245427,0.084384
"10017","CAN 2008","Canada 2008","Canada",2008,1.214,1.034,1.034,2.174,2.395,2.395,1.87,1.87,1.562,1.675,1.841,1.841,0.929,0.934,0.934,2.204,2.204,2.204,0.905,-1.238,0.832,3,100.847,16,5,4.61360451680853,"W. Europe, N. Am.",0.46,0.464025529,0.9855,0.9851,0.9851,0.9851,0.9861,0.9866,0.9801,0.9801,0.9794,0.9788,0.9801,0.9805,1,"democracy",1,0,0,142,4.95582705760126,"Parliamentary",5,0.68233591,0,37.599998,"CPC",37.599998,NA,0,NA,0,0.63886994,54.400002,"LPC",26.200001,"BQ",10,"NDP",18.200001,"CPC",NA,0,0,0.050576,0.268656,-0.305775,0.64264,46.4,99.3,0.109,0.579,1.385,0.035257,0.205381,-0.569331,52.9,"high edi","Liberal democracy",0.079788,0.423828,0.5396125,0.050576,0.268656,-0.305775
"10020","CAN 2011","Canada 2011","Canada",2011,0.846,0.737,0.95,2.174,2.174,2.174,1.87,1.87,1.87,1.675,1.675,1.675,0.921,0.929,0.929,2.204,2.204,2.204,0.905,-0.759,0.818,3,101.336,16,5,4.61844172818133,"W. Europe, N. Am.",0.49,0.487961854,0.9851,0.9847,0.9841,0.9832,0.9851,0.9851,0.9788,0.9776,0.9768,0.9745,0.9794,0.9801,1,"democracy",1,0,0,145,4.97673374242057,"Parliamentary",4,0.58587503,0,39.599998,"CPC",39.599998,NA,0,NA,0,0.42066869,59.400002,"NDP",30.6,"LPC",18.9,"BQ",6,"CPC",NA,0,1,0.058751,0.312081,-0.021012,0.746515,53.9,99.6,0.109,0.579,1.385,0.023425,0.254835,-0.831379,45.7,"high edi","Liberal democracy",0.0838755,0.4455405,0.681994,0.058751,0.312081,-0.021012
"10220","AUS 1975","Australia 1975","Australia",1975,1.102,1.102,1.102,3.116,3.116,3.116,1.928,1.928,1.928,1.831,1.831,1.831,0.989,0.989,0.989,2.998,2.998,2.998,0.901,-0.426,0.869,3,52.87,15,5,3.96783607024736,"W. Europe, N. Am.",0.46,0.459540778,0.9752,0.976,0.9767,0.9772,0.9745,0.9735,0.9934,0.9935,0.9935,0.9936,0.9934,0.9934,1,"democracy",1,0,0,75,4.31748811353631,"Parliamentary",4,0.60492438,0.38192919,53.099998,"LPA",41.799999,"NPA",11.3,NA,0,0,42.799999,"ALP",42.799999,NA,0,NA,0,"LPA",NA,0,0,0.025488,0.054693,-0.358561,0.751972,70.8,99.1,0.036,0.034,0.937,0.007358,0.111785,-0.358561,28.3,"high edi","Liberal democracy",0.030744,0.0443465,0.2892195,0.025488,0.054693,-0.358561
"10222","AUS 1977","Australia 1977","Australia",1977,1.228,1.228,1.102,3.116,3.116,3.116,1.928,1.928,1.928,1.831,1.831,1.831,0.989,0.989,0.989,2.998,2.998,2.998,0.926,-1.083,0.865,3,55.001,15,5,4.00735136688537,"W. Europe, N. Am.",0.43,0.45824094,0.9767,0.9772,0.9779,0.979,0.976,0.9752,0.9935,0.9936,0.9936,0.9938,0.9935,0.9934,1,"democracy",1,0,0,77,4.34380542185368,"Parliamentary",4,0.59546292,0.34829003,48.099998,"LPA",38.099998,"NPA",10,NA,0,0,39.599998,"ALP",39.599998,NA,0,NA,0,"LPA",NA,0,0,0.02466,0.048955,0,0.716085,68.5,99.1,0.036,0.034,0.937,0.007956,0.12087,-0.255204,30.6,"high edi","Liberal democracy",0.03033,0.0414775,0.4685,0.02466,0.048955,0
"10225","AUS 1980","Australia 1980","Australia",1980,1.228,1.228,1.228,3.116,3.116,3.116,1.928,1.928,1.928,1.831,1.831,1.831,0.989,0.989,0.989,2.998,2.998,2.998,0.943,-1.083,0.876,3,58.251,15,5,4.06476125968043,"W. Europe, N. Am.",0.42,0.455447061,0.979,0.9804,0.9819,0.9826,0.9779,0.9772,0.9938,0.9938,0.9938,0.9938,0.9936,0.9936,1,"democracy",1,0,0,80,4.38202663467388,"Parliamentary",5,0.62632257,0.39985192,46.300003,"LPA",37.400002,"NPA",8.8999996,NA,0,0,45.099998,"ALP",45.099998,NA,0,NA,0,"LPA",NA,0,0,0.021312,0.048448,0.697468,0.636624,59.2,100,0.036,0.034,0.937,0.010608,0.16116,-0.340272,40.8,"high edi","Liberal democracy",0.028656,0.041224,0.817234,0.021312,0.048448,0.697468
"10228","AUS 1983","Australia 1983","Australia",1983,1.109,0.998,0.998,3.116,3.116,3.116,2.627,1.123,1.123,1.831,1.831,1.831,0.989,0.989,0.989,2.998,2.998,2.998,0.943,-1.122,0.873,3,60.508,15,5,4.10277558769995,"W. Europe, N. Am.",0.41,0.486640143,0.9826,0.9834,0.9837,0.9844,0.9819,0.9804,0.9938,0.9938,0.9938,0.9937,0.9938,0.9938,1,"democracy",1,0,0,83,4.4188406077966,"Parliamentary",4,0.55625808,0,49.5,"ALP",49.5,NA,0,NA,0,0.45795918,43.600002,"LPA",34.400002,"NPA",9.1999998,NA,0,"ALP",NA,0,0,0.0156,0.1902,-0.73925,0.5004,60,100,0.026,0.317,-0.834,0.0144,0.037672,0.444432,40,"high edi","Liberal democracy",0.0208,0.2536,-0.786625,0.0156,0.1902,-0.73925
"10229","AUS 1984","Australia 1984","Australia",1984,1.109,1.109,0.998,3.116,3.116,3.116,2.627,2.627,1.123,1.831,1.831,1.831,0.989,0.989,0.989,2.998,2.998,2.998,0.943,-1.122,0.879,3,62.314,15,5,4.13218611964898,"W. Europe, N. Am.",0.39,0.458614337,0.9834,0.9837,0.9844,0.9853,0.9826,0.9819,0.9938,0.9938,0.9937,0.9939,0.9938,0.9938,1,"democracy",1,0,0,84,4.43081679884331,"Parliamentary",4,0.55625808,0,49.5,"ALP",49.5,NA,0,NA,0,0.45795918,43.600002,"LPA",34.400002,"NPA",9.1999998,NA,0,"ALP",NA,0,0,0.020498,0.175618,0.204875,0.462036,55.4,99.3,0.037,0.317,-0.834,0.015804,0.073088,0.484047,43.9,"high edi","Liberal democracy",0.028749,0.246309,-0.3145625,0.020498,0.175618,0.204875
"10232","AUS 1987","Australia 1987","Australia",1987,1.109,1.109,1.109,3.116,3.116,3.116,2.627,2.627,2.627,1.831,1.831,1.831,0.989,0.989,0.989,2.998,2.998,2.998,0.943,-1.122,0.885,3,67.007,15,5,4.2047970915455,"W. Europe, N. Am.",0.5,0.497615854,0.9853,0.9861,0.9864,0.9867,0.9844,0.9837,0.9939,0.9939,0.9939,0.9939,0.9937,0.9938,1,"democracy",1,0,0,87,4.46590811865458,"Parliamentary",4,0.56526935,0,45.830002,"ALP",45.830002,NA,0,NA,0,0.43204653,45.850002,"LPA",34.330002,"NPA",11.52,NA,0,"ALP",NA,0,0,0.021497,0.184177,0.355466,0.484554,58.1,100,0.037,0.317,-0.834,0.015084,0.07219,0.599565,41.9,"high edi","Liberal democracy",0.0292485,0.2505885,-0.239267,0.021497,0.184177,0.355466
"10235","AUS 1990","Australia 1990","Australia",1990,0.825,1.109,1.109,3.116,3.116,3.116,2.627,2.627,2.627,1.831,1.831,1.831,0.989,0.989,0.989,2.998,2.998,2.998,0.943,-1.122,0.89,3,70.534,15,5,4.25609486306721,"W. Europe, N. Am.",0.5,0.498388442,0.9867,0.9872,0.9873,0.9876,0.9864,0.9861,0.9939,0.994,0.994,0.994,0.9939,0.9939,1,"democracy",1,0,0,90,4.49980967033027,"Parliamentary",4,0.57905865,0,39.439999,"ALP",39.439999,NA,0,NA,0,0.34741202,48.07,"LPA",34.740002,"NPA",8.4499998,"independent",4.8800001,"ALP",NA,0,0,0.019499,0.167059,-0.300634,0.439518,52.7,99.4,0.037,0.317,-0.834,0.016812,0.067267,0.667011,46.7,"high edi","Liberal democracy",0.0282495,0.2420295,-0.567317,0.019499,0.167059,-0.300634
"10238","AUS 1993","Australia 1993","Australia",1993,0.969,0.825,0.825,3.116,3.116,3.116,2.627,2.627,2.627,1.831,1.831,1.831,0.989,0.989,0.989,2.998,2.998,2.998,0.943,-1.122,0.889,3,73.047,15,5,4.2911030695916,"W. Europe, N. Am.",0.51,0.508134948,0.9876,0.9875,0.9875,0.9874,0.9873,0.9872,0.994,0.9941,0.9941,0.9941,0.994,0.994,1,"democracy",1,0,0,93,4.53259949315326,"Parliamentary",4,0.5846613,0,44.919998,"ALP",44.919998,NA,0,NA,0,0.4133876,51,"LPA",36.77,"NPA",7.1700001,"independent",7.0599999,"ALP",NA,0,0,0.020128,0.172448,-0.013794,0.453696,54.4,98.6,0.037,0.317,-0.834,0.015912,0.067235,0.478953,44.2,"high edi","Liberal democracy",0.028564,0.244724,-0.423897,0.020128,0.172448,-0.013794
"10241","AUS 1996","Australia 1996","Australia",1996,1.091,0.617,0.709,3.116,3.116,3.116,2.627,2.627,2.627,1.831,1.831,1.831,0.989,0.989,0.989,2.998,2.998,2.998,0.943,-1.525,0.889,3,80.124,15,5,4.38357543466373,"W. Europe, N. Am.",0.5,0.49550834,0.9874,0.9877,0.9876,0.9874,0.9875,0.9875,0.9941,0.9943,0.9945,0.9946,0.9941,0.9941,1,"democracy",1,0,0,96,4.56434819146784,"Parliamentary",4,0.62171233,0.32601234,46.900002,"LPA",38.700001,"NPA",8.1999998,NA,0,0.17508417,43.599998,"ALP",38.799999,"independent",0.40000001,"independent",NA,"LPA",NA,0,0,0.022644,0.148923,0.287113,0.890634,62.9,96,0.036,0.197,1.408,0.012247,0.104927,-0.276054,33.1,"high edi","Liberal democracy",0.029322,0.1729615,0.8475565,0.022644,0.148923,0.287113
"10243","AUS 1998","Australia 1998","Australia",1998,1.091,1.091,1.091,3.116,3.116,3.116,2.627,2.627,2.627,1.831,1.831,1.831,0.989,0.989,0.989,2.998,2.998,2.998,0.943,-1.525,0.885,3,85.367,15,5,4.44695960925446,"W. Europe, N. Am.",0.37,0.522742996,0.9876,0.9874,0.9878,0.9877,0.9877,0.9874,0.9945,0.9946,0.9947,0.9947,0.9943,0.9941,1,"democracy",1,0,0,98,4.58496747867057,"Parliamentary",5,0.60038608,0.32405064,39.419998,"LPA",34.09,"NPA",5.3299999,NA,0,0.029411765,40.049999,"ALP",40.049999,"independent",NA,NA,0,"LPA",NA,0,0,0.01944,0.121176,0.436029,0.764748,54,99.3,0.036,0.18,1.408,0.016761,0.179841,-0.377802,45.3,"high edi","Liberal democracy",0.02772,0.150588,0.9220145,0.01944,0.121176,0.436029
"10246","AUS 2001","Australia 2001","Australia",2001,1.091,1.091,1.091,3.116,3.116,3.116,2.627,2.627,2.627,1.831,1.831,1.831,0.989,0.989,0.989,2.998,2.998,2.998,0.943,-1.525,0.882,3,92.287,15,5,4.52490328651879,"W. Europe, N. Am.",0.37,0.512705639,0.9877,0.9876,0.9874,0.9869,0.9878,0.9874,0.9947,0.9948,0.9948,0.9948,0.9947,0.9946,1,"democracy",1,0,0,101,4.61512051684126,"Parliamentary",5,0.59668905,0.27009937,42.690002,"LPA",37.080002,"NPA",5.6100001,NA,0,0.085601404,37.84,"ALP",37.84,"independent",NA,NA,0,"LPA",NA,0,0,0.021354,0.125121,-0.093982,0.763887,54,97.3,0.036,0.199,1.408,0.016021,0.171901,-0.361122,43.3,"high edi","Liberal democracy",0.028677,0.1620605,0.657009,0.021354,0.125121,-0.093982
"10249","AUS 2004","Australia 2004","Australia",2004,1.091,1.091,1.091,3.116,3.116,3.116,2.627,2.627,2.627,1.831,1.831,1.831,0.989,0.989,0.989,2.998,2.998,2.998,0.943,-1.525,0.877,3,99.329,15,5,4.59843757272466,"W. Europe, N. Am.",0.37,0.51151772,0.9869,0.9865,0.9862,0.9854,0.9874,0.9876,0.9948,0.9947,0.9946,0.9945,0.9948,0.9948,1,"democracy",1,0,0,104,4.64439089914137,"Parliamentary",5,0.59400445,0.24295485,46.809998,"LPA",40.889999,"NPA",5.9200001,NA,0,0.032786883,37.669998,"ALP",37.669998,NA,0,NA,0,"LPA",NA,0,0,0.022388,0.130267,-0.229354,0.810064,57.3,97.3,0.036,0.199,1.408,0.0148,0.184,-0.3336,40,"high edi","Liberal democracy",0.029194,0.1646335,0.589323,0.022388,0.130267,-0.229354
"10252","AUS 2007","Australia 2007","Australia",2007,1.254,1.147,1.091,3.116,3.116,3.116,2.627,2.627,2.627,1.831,1.831,1.831,0.989,0.989,0.989,2.998,2.998,2.998,0.943,-1.239,0.881,3,105.39,15,5,4.65766775494585,"W. Europe, N. Am.",0.37,0.504600024,0.9854,0.9847,0.9839,0.9836,0.9862,0.9865,0.9945,0.9943,0.9942,0.994,0.9946,0.9947,1,"democracy",1,0,0,107,4.67282883446191,"Parliamentary",4,0.55856824,0,52.700001,"ALP",52.700001,NA,0,NA,0,0.26442307,42.099998,"LPA",36.599998,"NPA",5.5,NA,0,"ALP",NA,0,0,0.020461,0.216223,-0.289822,0.461202,55.3,98.7,0.037,0.391,-0.834,0.015624,0.090381,0.444999,43.4,"high edi","Liberal democracy",0.0287305,0.3036115,-0.561911,0.020461,0.216223,-0.289822
"10255","AUS 2010","Australia 2010","Australia",2010,1.262,0.784,1.254,3.116,3.116,3.116,2.627,2.627,2.627,1.831,1.831,1.831,0.991,0.991,0.991,3.322,3.322,3.322,0.949,1.568,0.898,3,109.397,15,5,4.69498346730841,"W. Europe, N. Am.",0.49,0.489032525,0.9836,0.983,0.982,0.9808,0.9839,0.9847,0.994,0.9938,0.9935,0.9934,0.9942,0.9943,1,"democracy",1,0,0,110,4.70048036579242,"Parliamentary",4,0.5832662,0,0,"ALP",NA,NA,0,NA,0,0.22213995,0,"LPA",NA,"NPA",NA,"CLP",NA,"ALP",NA,0,0,0.01776,0.18768,0.101215,0.40032,48,92,0.037,0.391,-0.834,0.010548,0.057135,0.414302,29.3,"high edi","Liberal democracy",0.02738,0.28934,-0.3663925,0.01776,0.18768,0.101215
"10258","AUS 2013","Australia 2013","Australia",2013,1.272,1.177,1.177,2.775,2.775,2.826,2.385,2.385,2.926,1.831,1.831,1.831,0.982,0.982,0.982,2.461,2.461,2.461,0.965,-1.42,0.863,3,112.16,15,5,4.71992642328628,"W. Europe, N. Am.",0.49,0.489032525,0.9808,0.9797,0.9787,NA,0.982,0.983,0.9934,0.9933,0.9932,NA,0.9935,0.9938,1,"democracy",1,0,0,113,4.72738781871234,"Parliamentary",5,0.67924708,0.51136082,0,"LPA",NA,"LNP",NA,"NPA",NA,0,0,"ALP",NA,NA,0,NA,0,"LPA",NA,0,0,0.019077,0.134706,-0.5769,0.755811,53.4,91.5,0.036,0.195,1.414,0.013579,0.143497,-0.485541,36.7,"high edi","Liberal democracy",0.0275385,0.164853,0.41855,0.019077,0.134706,-0.5769
"10349","BWA 1979","Botswana 1979","Botswana",1979,2.355,2.355,2.355,1.192,1.192,1.192,2.016,2.016,2.016,0.54,0.54,0.54,0.901,0.903,0.903,1.848,1.969,1.969,0.712,-0.294,0.626,2,6.284,9,4,1.83800672039337,"Sub-S. Africa",0.19,0.192213911,0.5505,0.5764,0.603,0.6258,0.5304,0.5149,0.6736,0.6777,0.682,0.6867,0.6697,0.6658,1,"democracy",1,0,0,14,2.63905732961526,"Parliamentary",3,0.17943549,0,75.400002,"BDP",75.400002,NA,0,NA,0,0.66666669,20.6,"BNF",13.1,"BPP",7.5,NA,0,"BDP",NA,0,1,0.256398,0.144054,0.657017,0.899658,90.6,100,0.283,0.159,0.993,0.027185,0.074751,-0.224505,9.4,"high edi","Electoral democracy",0.269699,0.151527,0.8250085,0.256398,0.144054,0.657017
"10354","BWA 1984","Botswana 1984","Botswana",1984,2.355,2.355,2.355,1.576,1.192,1.192,2.016,2.016,2.016,0.54,0.54,0.54,0.906,0.901,0.901,1.848,1.848,1.848,0.76,-0.294,0.655,2,9.044,9,4,2.20210155441572,"Sub-S. Africa",0.12,0.119629637,0.6676,0.6875,0.7044,0.7185,0.6486,0.6258,0.6957,0.7001,0.7039,0.7073,0.6912,0.6867,1,"democracy",1,0,0,19,2.94443897916644,"Parliamentary",3,0.38324422,0,68,"BDP",68,NA,0,NA,0,0.25,27,"BNF",20.4,"BPP",6.5999999,NA,0,"BDP",NA,0,1,0.1683,0.05202,-0.104118,0.759645,76.5,100,0.22,0.068,0.993,0.069111,0.18939,-0.612182,23.5,"high edi","Electoral democracy",0.19415,0.06001,0.444441,0.1683,0.05202,-0.104118
"10359","BWA 1989","Botswana 1989","Botswana",1989,2.355,2.355,2.355,1.576,1.576,1.576,2.016,2.016,2.016,0.54,0.54,0.54,0.906,0.906,0.906,1.848,1.848,1.848,0.791,-0.294,0.666,2,13.98,9,4,2.63762773680566,"Sub-S. Africa",0.24,0.242436364,0.7386,0.7441,0.7468,0.7495,0.7291,0.7185,0.714,0.7174,0.7203,0.7228,0.7106,0.7073,1,"democracy",1,0,0,24,3.17805383034795,"Parliamentary",3,0.1657754,0,64.779999,"BDP",64.779999,NA,0,NA,0,0,26.950001,"BNF",26.950001,NA,0,NA,0,"BDP",NA,0,1,0.20064,0.062016,0.789837,0.703152,91.2,100,0.22,0.068,0.771,0.02552,0.071192,-0.20724,8.8,"high edi","Electoral democracy",0.21032,0.065008,0.7804185,0.20064,0.062016,0.789837
"10364","BWA 1994","Botswana 1994","Botswana",1994,2.355,2.355,2.355,1.576,1.576,1.576,2.016,2.016,2.016,0.54,0.54,0.54,0.906,0.906,0.906,1.848,1.848,1.848,0.839,-0.294,0.679,2,16.903,9,4,2.82749112096804,"Sub-S. Africa",0.11,0.11052246,0.7753,0.8053,0.8345,0.8706,0.7584,0.7495,0.7274,0.7303,0.733,0.7357,0.7253,0.7228,1,"democracy",1,0,0,29,3.36729582998647,"Parliamentary",4,0.45000002,0,54.43,"BDP",54.43,NA,0,NA,0,0,37.07,"BNF",37.07,NA,0,NA,0,"BDP",NA,0,1,0.1728,0.0459,0.796727,0.520425,67.5,100,0.256,0.068,0.771,0.092625,0.2613,-0.5954,32.5,"high edi","Electoral democracy",0.2144,0.05695,0.7838635,0.1728,0.0459,0.796727
"10369","BWA 1999","Botswana 1999","Botswana",1999,2.355,2.355,2.355,1.576,1.576,1.576,2.016,2.016,2.016,0.54,0.54,0.54,0.888,0.888,0.888,1.646,1.646,1.646,0.839,-0.294,0.702,3,20.419,9,4,3.0164658399409,"Sub-S. Africa",0.28,0.276342319,0.9105,0.9187,0.925,0.9302,0.8961,0.8706,0.7402,0.7419,0.7435,0.745,0.7379,0.7357,1,"democracy",1,0,0,34,3.52636052461616,"Parliamentary",3,0.30384615,0,57,"BDP",57,NA,0,NA,0,0.2857143,38,"BNF",26,"BCP",12,NA,0,"BDP",NA,0,1,0.20295,0.0561,-0.478272,0.471075,82.5,100,0.246,0.068,0.571,0.045925,0.135675,-0.307925,17.5,"high edi","Liberal democracy",0.224475,0.06205,0.046364,0.20295,0.0561,-0.478272
"10374","BWA 2004","Botswana 2004","Botswana",2004,2.355,2.355,2.355,1.576,1.576,1.576,2.016,2.016,2.016,0.54,0.54,0.54,0.888,0.888,0.888,1.646,1.646,1.646,0.839,-0.294,0.71,3,23.347,9,4,3.1504684962033,"Sub-S. Africa",0.18,0.17971913,0.9317,0.9313,0.9296,0.9266,0.933,0.9302,0.7469,0.7476,0.748,0.7479,0.7461,0.745,1,"democracy",1,0,0,39,3.66356164612965,"Parliamentary",3,0.36591479,0,51.73,"BDP",51.73,NA,0,NA,0,0.15384616,42.68,"BNF",26.059999,"BCP",16.620001,NA,0,"BDP",NA,0,1,0.191456,0.052496,-0.352988,0.579,77.2,100.1,0.248,0.068,0.75,0.064518,0.181113,-0.409578,22.9,"high edi","Liberal democracy",0.219728,0.060248,0.198506,0.191456,0.052496,-0.352988
"10379","BWA 2009","Botswana 2009","Botswana",2009,2.355,2.355,2.355,1.576,1.576,1.576,1.822,1.822,2.016,1.269,1.269,0.54,0.894,0.894,0.888,1.733,1.733,1.646,0.848,-0.294,0.713,3,26.424,9,4,3.27427268808849,"Sub-S. Africa",0.32,0.321231285,0.9142,0.9096,0.9031,0.8962,0.9206,0.9266,0.7465,0.7461,0.7452,0.744,0.7473,0.7479,1,"democracy",1,0,0,44,3.78418963391826,"Parliamentary",2,0.36654139,0,53.259998,"BDP",53.259998,NA,0,NA,0,0.61818182,43.360001,"BNF",21.940001,"BCP",19.15,"BAM",2.27,"BDP",NA,0,1,0.310077,0.119928,-0.413992,0.767697,78.9,96.4,0.393,0.152,0.973,0.028735,0.12705,-0.27279,17.5,"high edi","Liberal democracy",0.3515385,0.135964,0.279504,0.310077,0.119928,-0.413992
"10384","BWA 2014","Botswana 2014","Botswana",2014,2.355,2.355,2.355,1.201,1.201,1.323,1.152,1.152,1.822,0.83,0.83,1.269,0.821,0.821,0.844,1.248,1.248,1.459,0.864,-0.294,0.707,3,31.474,9,4,3.44916180817867,"Sub-S. Africa",0.24,0.24437312,0.8829,0.8762,NA,NA,0.889,0.8962,0.7439,0.7445,NA,NA,0.7436,0.744,1,"democracy",1,0,0,49,3.89182029811063,"Parliamentary",2,0.49561402,0,46.459999,"BDP",46.459999,NA,0,NA,0,0.26842105,50.440002,"UDC",30.01,"BCP",20.43,NA,0,"BDP",NA,0,1,0.200541,0.096052,0,0.502326,64.9,100,0.309,0.148,0.774,0.055451,0.224632,-0.4032,35.1,"high edi","Liberal democracy",0.2547705,0.122026,0.387,0.200541,0.096052,0
"10484","BDI 2005","Burundi 2005","Burundi",2005,1.089,1.089,1.089,-0.418,-0.418,-0.418,-1.217,-1.217,-1.217,-2.89,-3.148,-2.961,0.238,0.238,0.238,-1.851,-1.851,-1.851,0.402,-1.286,0.299,1,1.935,8,4,0.660107326481745,"Sub-S. Africa",0,0,0.2274,0.2656,0.2964,0.3221,0.1897,0.1623,0.355,0.353,0.3505,0.3484,0.3587,0.3626,1,"democracy",1,1,0,1,0,"Presidential",1,0.60900074,0.34506172,67.900002,"CNDD-FDD",58.549999,"UPRONA",7.21,"MRC",2.1400001,0.21390374,25.82,"Frodebu",21.68,"CNDD",4.1399999,NA,0,"CNDD-FDD",NA,1,1,0.428141,0.441491,0.204816,0.576012,68.7,94.8,0.683,0.703,-0.776,0.178002,0.13311,-0.275877,26.1,"low edi","Autocratic",0.5555705,0.5722455,-0.285592,0.5555705,0.5722455,-0.285592
"10489","BDI 2010","Burundi 2010","Burundi",2010,0.37,0.37,0.37,-0.35,-0.35,-0.35,-1.476,-1.323,-1.323,-2.395,-2.537,-2.537,0.217,0.218,0.218,-1.838,-1.838,-1.838,0.398,-0.978,0.321,1,1.908,8,4,0.646055573026095,"Sub-S. Africa",0,0.474780412,0.373,0.4015,0.4268,0.4384,0.3474,0.3221,0.3442,0.3408,0.3368,0.3316,0.3464,0.3484,1,"democracy",1,0,0,6,1.79175946922805,"Presidential",1,0.35541594,0.35541594,98.840004,"CNDD-FDD",81.900002,"UPRONA",11.06,"Frodebu-Nyakuri",5.8800001,NA,0,NA,0,NA,0,NA,0,"CNDD-FDD",NA,1,1,0.698352,0.552156,-0.42801,0.572008,85.2,89.5,0.939,0.708,0.58,NA,NA,NA,NA,"low edi","Autocratic",0.818676,0.630078,0.075995,0.818676,0.630078,0.075995
"10595","CPV 1991","Cape Verde 1991","Cape Verde",1991,1.818,1.818,1.818,2.072,2.072,2.072,1.534,1.534,1.534,1.633,1.633,1.633,0.921,0.921,0.915,1.352,1.352,1.352,0.833,-1.33,0.663,2,4.783,6,4,1.56506796469816,"Sub-S. Africa",0,0,0.5384,0.553,0.5795,0.5991,0.5244,0.5034,0.706,0.7013,0.7012,0.7,0.7132,0.7139,1,"democracy",1,1,0,1,0,"Presidential",3,0.41804612,0,62,"MPD",62,NA,0,NA,0,0,32,"PAICV",32,NA,0,NA,0,"MPD",NA,0,1,0.233261,0.26233,0.324852,0.791953,70.9,100,0.329,0.37,1.117,0.088464,0.136188,-0.49179,29.1,"high edi","Electoral democracy",0.2811305,0.316165,0.720926,0.2811305,0.316165,0.720926
"10599","CPV 1995","Cape Verde 1995","Cape Verde",1995,1.818,1.818,1.818,2.072,2.072,2.072,1.534,1.534,1.534,1.655,1.655,0.96,0.921,0.921,0.921,1.352,1.352,1.352,0.908,-0.536,0.731,2,5.993,6,4,1.79059212147605,"Sub-S. Africa",0.28,0.278711327,0.6066,0.6072,0.6008,0.5832,0.5991,0.5795,0.6981,0.6961,0.6922,0.6862,0.7,0.7012,1,"democracy",1,0,0,5,1.6094379124341,"Presidential",1,0.43857586,1.110223e-16,61.299999,"MPD",61.299999,NA,0,NA,0,0.090909094,36.459999,"PAICV",29.75,"PCD",6.71,NA,0,"MPD",NA,0,1,0.230408,0.229714,0.297972,0.950086,69.4,100,0.332,0.331,1.369,0.08142,0.122812,-0.463614,30.6,"high edi","Electoral democracy",0.281204,0.280357,0.833486,0.281204,0.280357,0.833486
"10605","CPV 2001","Cape Verde 2001","Cape Verde",2001,1.818,1.818,1.818,2.072,2.072,2.072,1.534,1.534,1.534,1.615,1.615,1.615,0.927,0.927,0.927,1.609,1.609,1.609,0.888,-0.536,0.762,2,8.941,6,4,2.19064743975318,"Sub-S. Africa",0.29,0.292398552,0.711,0.7713,0.8162,0.8496,0.6263,0.5915,0.7033,0.714,0.7228,0.7295,0.6903,0.6855,1,"democracy",1,0,0,11,2.39789527279837,"Presidential",3,0.49689442,0,49.869999,"PAICV",49.869999,NA,0,NA,0,0,40.84,"MPD",40.84,NA,0,NA,0,"PAICV",50.009998,1,0,0.081653,0.122194,0.812879,0.793119,57.1,100,0.143,0.214,-1.389,0.079365,0.129129,0.388674,42.9,"high edi","Electoral democracy",0.1123265,0.168097,-0.2880605,0.1123265,0.168097,-0.2880605
"10610","CPV 2006","Cape Verde 2006","Cape Verde",2006,1.818,1.818,1.818,2.072,2.072,2.072,1.534,1.534,1.534,1.726,1.726,1.726,0.927,0.927,0.927,1.609,1.609,1.609,0.888,-0.536,0.778,2,11.422,6,4,2.43554132024267,"Sub-S. Africa",0.35,0.349521909,0.9041,0.9156,0.9193,0.9151,0.8779,0.8496,0.7391,0.7404,0.7393,0.7377,0.7341,0.7295,1,"democracy",1,0,0,16,2.77258872223978,"Presidential",3,0.51995301,0,52.279999,"PAICV",52.279999,NA,0,NA,0,0.12473118,46.66,"MPD",44.02,"UCID",2.6400001,NA,0,"PAICV",NA,1,1,0.077384,0.093316,-0.331892,0.474546,56.9,97.2,0.136,0.164,-0.834,0.046345,0.121303,0.333684,40.3,"high edi","Electoral democracy",0.106692,0.128658,-0.582946,0.106692,0.128658,-0.582946
"10615","CPV 2011","Cape Verde 2011","Cape Verde",2011,1.818,1.818,1.818,2.032,2.072,2.072,2.328,2.328,2.328,1.722,1.722,1.222,0.928,0.927,0.927,1.609,1.609,1.609,0.888,-0.423,0.792,2,13.552,6,4,2.6065341379097,"Sub-S. Africa",0.35,0.3466527,0.9029,0.8975,0.8875,0.8764,0.91,0.9151,0.7315,0.7279,0.7252,0.7256,0.735,0.7377,1,"democracy",1,0,0,21,3.04452243772342,"Presidential",4,0.52540541,0,44.02,"MPD",44.02,NA,0,NA,0,0.090808414,54.919998,"PAICV",52.279999,"UCID",2.6400001,NA,0,"MPD",54.18,1,0,0.054612,0.146076,-0.001476,0.459984,44.4,97.2,0.123,0.329,1.036,0.070752,0.086592,-0.445104,52.8,"high edi","Electoral democracy",0.088806,0.237538,0.517262,0.088806,0.237538,0.517262
"10702","CAF 1993","Central African Republic 1993","Central African Republic",1993,0.961,0.961,0.961,1.115,1.115,1.115,1.173,0.353,1.18,-0.787,-0.965,-0.811,0.369,0.369,0.36,-1.445,-1.445,-1.575,0.728,1.469,0.345,1,2.301,7,4,0.833343811053229,"Sub-S. Africa",0,0,0.2204,0.2517,0.2747,0.2888,0.1792,0.1564,0.288,0.2966,0.3038,0.3074,0.2773,0.274,1,"democracy",1,1,0,1,0,"Presidential",3,0.7526316,0.56240928,0,"MLPC",NA,"PLD",NA,"ADP",NA,0.59683794,0,"CFD",NA,"RDC",NA,"PSD",NA,"MLPC",52.470001,0,1,0.297211,0.430089,-0.454574,1.036398,61.8,88.1,0.55,0.745,-2.031,0.166322,0.183649,0.03488,26.3,"low edi","Autocratic",0.4236055,0.5875445,-1.242787,0.4236055,0.5875445,-1.242787
"10707","CAF 1998","Central African Republic 1998","Central African Republic",1998,1.045,1.045,1.045,1.115,1.115,1.115,1.609,1.226,1.226,-0.796,-0.796,-0.796,0.369,0.369,0.369,-1.445,-1.445,-1.445,0.728,1.469,0.352,1,2.251,7,4,0.811374561924595,"Sub-S. Africa",0,0.532612997,0.2997,0.2921,0.2782,0.2603,0.2966,0.2888,0.3077,0.302,0.294,0.2858,0.3082,0.3074,1,"democracy",1,0,0,6,1.79175946922805,"Presidential",3,0.76342803,0.39180326,0,"MLPC",NA,"FPP",NA,"ADP",NA,0.69149798,0,"RDC",NA,"MDD",NA,"PSD",NA,"MLPC",NA,0,0,0.343138,0.220837,0.2907,0.987419,50.4,76.6,0.727,0.388,-2.031,0.135144,0.158702,0.098111,26.2,"low edi","Autocratic",0.535069,0.3044185,-0.87015,0.535069,0.3044185,-0.87015
"10938","CHL 1993","Chile 1993","Chile",1993,0.951,0.951,0.951,2.294,2.294,2.294,1.155,1.155,1.155,1.959,1.959,1.959,0.943,0.943,0.943,1.579,1.579,1.579,0.94,0.529,0.814,2,27.1,18,2,3.29953372788566,"Latin Am.",0.4,0.397195304,0.6008,0.6167,0.6471,0.6653,0.5895,0.5805,0.7982,0.8223,0.8459,0.8583,0.7652,0.7132,1,"democracy",1,0,2,4,1.38629436111989,"Presidential",4,0.80028003,0.62153208,0,"PDC",NA,"PPD",NA,"PSCH",NA,0.58204079,0,"PRN",NA,"UDI",NA,"UCC",NA,"CPD",NA,0,0,0.012624,0.117723,-0.059868,0.119406,43.3,94.2,0.0305,0.3475,-0.58125,0.056165,0.018627,0.789837,36.7,"high edi","Electoral democracy",0.021562,0.2326115,-0.320559,0.021562,0.2326115,-0.320559
"10942","CHL 1997","Chile 1997","Chile",1997,0.951,0.951,0.951,2.294,2.294,2.294,1.155,1.155,1.155,1.959,1.959,1.959,0.943,0.943,0.943,1.579,1.579,1.579,0.94,0.529,0.853,3,33.012,18,2,3.49687113173044,"Latin Am.",0.65,0.652624709,0.685,0.717,0.7609,0.8109,0.6653,0.6471,0.8726,0.8886,0.9115,0.9358,0.8583,0.8459,1,"democracy",1,0,2,8,2.07944154167984,"Presidential",4,0.81559873,0.61821944,49.93,"PDC",22.98,"PPD",12.55,"PSCH",11.1,0.67785716,36.23,"PRN",16.780001,"UDI",14.43,"UCC",0.36000001,"CPD",NA,0,0,0.012815,0.114907,-0.235028,0.125634,45,90.9,0.03775,0.3415,-0.51375,0.031764,0.07578,0.586921,45.9,"high edi","Liberal democracy",0.0252825,0.2282035,-0.374389,0.0252825,0.2282035,-0.374389
"10946","CHL 2001","Chile 2001","Chile",2001,1.337,1.337,1.337,2.294,2.294,2.294,1.155,1.155,1.155,1.959,1.959,1.959,0.943,0.943,0.943,1.579,1.579,1.579,0.94,0.529,0.879,3,34.455,18,2,3.53965412480917,"Latin Am.",0.4,0.145263723,0.8353,0.8693,0.8914,0.9044,0.8109,0.7609,0.9405,0.9498,0.9533,0.9527,0.9358,0.9115,1,"democracy",1,0,2,12,2.484906649788,"Presidential",2,0.51162463,0,47.959999,"CPD",47.959999,NA,0,NA,0,0,44.299999,"Alianza por Chile",44.299999,NA,0,NA,0,"CPD",51.299999,0,1,0.014851,0.151938,0.188606,0.240469,49.2,90,0.0305,0.334,-0.5165,0.026964,0.03642,0.926052,40.8,"high edi","Liberal democracy",0.0226755,0.242969,-0.163947,0.0226755,0.242969,-0.163947
"10950","CHL 2005","Chile 2005","Chile",2005,1.337,1.337,1.337,2.294,2.294,2.294,1.155,1.155,1.155,1.959,1.959,1.959,0.943,0.943,0.943,1.579,1.579,1.579,0.97,0.529,0.877,3,39.873,18,2,3.68569940310731,"Latin Am.",0.4,0.661173505,0.9125,0.9238,0.9257,0.9245,0.9044,0.8914,0.9515,0.9564,0.9581,0.9567,0.9527,0.9533,1,"democracy",1,0,2,16,2.77258872223978,"Presidential",2,0.50826335,0,51.779999,"CPD",51.779999,NA,0,NA,0,0,38.700001,"Alianza por Chile",38.700001,NA,0,NA,0,"CPD",53.490002,0,1,0.015591,0.178938,0.89213,0.312585,52.5,95.8,0.0295,0.3455,-0.646,0.017554,0.038379,0.983927,43.3,"high edi","Liberal democracy",0.0225455,0.262219,0.123065,0.0225455,0.262219,0.123065
"10954","CHL 2009","Chile 2009","Chile",2009,0.48,0.587,1.337,2.294,2.294,2.294,1.155,1.155,1.155,1.959,1.959,1.959,0.947,0.947,0.943,1.579,1.579,1.579,0.982,0.536,0.887,3,44.891,18,2,3.80423732922204,"Latin Am.",0.38,0.148440059,0.9161,0.9082,0.9008,0.8916,0.9245,0.9257,0.9547,0.9547,0.9551,0.9514,0.9567,0.9581,1,"democracy",1,0,2,20,2.99573227355399,"Presidential",5,0.54453784,0,44.360001,"CPD",44.360001,NA,0,NA,0,0.09508197,48.84,"CC",43.439999,"CLVF",5.4000001,NA,0,"CPD",51.610001,0,0,0.013102,0.15458,0.05142,0.275336,44.2,90,0.0295,0.35675,-0.69525,0.018636,0.040612,1.057002,45.8,"high edi","Liberal democracy",0.021301,0.255665,-0.321915,0.021301,0.255665,-0.321915
"10958","CHL 2013","Chile 2013","Chile",2013,1.662,1.662,0.715,2.87,2.87,2.87,1.155,1.155,1.155,1.959,1.959,1.959,0.964,0.968,0.969,1.594,1.932,1.932,0.969,0.832,0.894,3,51.633,18,2,3.94416100295595,"Latin Am.",0.38,0.348385989,0.8865,0.8792,0.8681,NA,0.8916,0.9008,0.9453,0.936,0.9157,NA,0.9514,0.9551,1,"democracy",1,0,2,24,3.17805383034795,"Presidential",2,0.52563024,0.029411765,53.18,"New Majority",47.73,"If You Want It, Chile Changes",5.4499998,NA,0,0,36.169998,"Alliance",36.169998,NA,0,NA,0,"New Majority",62.169998,0,1,0.0251,0.212225,0.113423,0.45915,52.5,92.5,0.068,0.451,-0.9396,0.017452,0.060504,0.8975,40,"high edi","Liberal democracy",0.04655,0.3316125,-0.4130885,0.04655,0.3316125,-0.4130885
"11110","CRI 1978","Costa Rica 1978","Costa Rica",1978,1.554,1.554,1.554,2.518,2.518,2.518,1.302,1.302,1.302,1.955,1.955,1.955,0.942,0.942,0.942,1.527,1.527,1.527,0.866,-0.948,0.826,2,18.319,17,2,2.90793877260332,"Latin Am.",0.46,0.460758208,0.7744,0.7849,0.7983,0.8109,0.764,0.7554,0.9,0.9061,0.913,0.9185,0.8942,0.8892,1,"democracy",1,0,0,30,3.40119738166216,"Presidential",4,0.59022558,0,0,"PUO",NA,NA,0,NA,0,0.30344829,0,"PLN",NA,"PU",NA,"FP",NA,"PUO",NA,0,0,0.237474,0.209508,-0.894096,0.334644,47.4,96.6,0.501,0.442,0.706,0.196658,0.203511,-0.33649,49.2,"high edi","Electoral democracy",0.369237,0.325754,-0.0940480000000001,0.369237,0.325754,-0.0940480000000001
"11114","CRI 1982","Costa Rica 1982","Costa Rica",1982,1.554,1.554,1.554,2.518,2.518,2.518,1.302,1.302,1.302,1.955,1.955,1.955,0.944,0.944,0.944,1.646,1.646,1.646,0.898,-0.948,0.862,2,16.983,17,2,2.83221284372263,"Latin Am.",0.39,0.393503383,0.8193,0.825,0.828,0.83,0.8109,0.7983,0.9228,0.9252,0.9281,0.9316,0.9185,0.913,1,"democracy",1,0,0,34,3.52636052461616,"Presidential",2,0.5695489,0,55.150002,"PLN",55.150002,NA,0,NA,0,0.42391303,40.419998,"CU",29.08,"PU",6.4299998,"MN",3.5999999,"PLN",NA,0,0,0.224073,0.220599,-0.346122,0.396615,57.9,96.5,0.387,0.381,-0.685,0.16333,0.163852,0.175846,38.6,"high edi","Electoral democracy",0.3055365,0.3007995,-0.515561,0.3055365,0.3007995,-0.515561
"11118","CRI 1986","Costa Rica 1986","Costa Rica",1986,1.554,1.554,1.554,3.127,3.127,2.518,1.302,1.302,1.302,1.955,1.955,1.955,0.964,0.964,0.944,1.646,1.646,1.646,0.898,-0.476,0.868,2,17.691,17,2,2.87305603568648,"Latin Am.",0.38,0.379718233,0.8322,0.8356,0.8384,0.8413,0.83,0.828,0.9355,0.9399,0.9453,0.9524,0.9316,0.9281,1,"democracy",1,0,0,38,3.63758615972639,"Presidential",2,0.55764413,0,0,"PLN",NA,NA,0,NA,0,0.20634921,0,"PUSC",NA,"PU",NA,"Popular Alliance",NA,"PLN",NA,0,1,0.185785,0.192911,-0.729445,0.320161,50.9,94.8,0.365,0.379,0.629,0.194038,0.203257,0.453926,43.9,"high edi","Electoral democracy",0.2753925,0.2859555,-0.0502225,0.2753925,0.2859555,-0.0502225
"11122","CRI 1990","Costa Rica 1990","Costa Rica",1990,1.554,1.554,1.554,3.127,3.127,3.127,1.106,1.106,1.106,1.955,1.955,1.955,0.969,0.969,0.969,1.946,1.946,1.946,0.938,-0.476,0.894,3,18.898,17,2,2.93905609636043,"Latin Am.",0.37,0.371781328,0.8447,0.8481,0.8512,0.8529,0.8413,0.8384,0.9576,0.9621,0.9658,0.9683,0.9524,0.9453,1,"democracy",1,0,0,42,3.73766961828337,"Presidential",2,0.55764413,0,0,"PUSC",NA,NA,0,NA,0,0.20634921,0,"PLN",NA,"PVP",NA,"PUG",NA,"PUSC",NA,0,1,0.209199,0.271806,-0.097545,0.789968,50.9,94.8,0.411,0.534,1.552,0.160235,0.166381,0.115457,43.9,"high edi","Liberal democracy",0.3100995,0.402903,0.7272275,0.3100995,0.402903,0.7272275
"11126","CRI 1994","Costa Rica 1994","Costa Rica",1994,1.554,1.554,1.554,3.127,3.127,3.127,1.106,1.106,1.106,1.955,1.955,1.955,0.969,0.969,0.969,1.946,1.946,1.946,0.934,-0.476,0.896,3,21.381,17,2,3.06250267718784,"Latin Am.",0.37,0.371781328,0.8531,0.8531,0.8524,0.8491,0.8529,0.8512,0.97,0.9693,0.9684,0.9677,0.9683,0.9658,1,"democracy",1,0,0,46,3.8286413964891,"Presidential",4,0.58862668,0,43.150002,"PLN",43.150002,NA,0,NA,0,0.30574712,53.57,"PUSC",39.049999,"PVP",1.0700001,"FD",5.1399999,"PLN",NA,0,0,0.176295,0.183057,-0.04032,0.467544,48.3,94.8,0.365,0.379,0.968,0.187205,0.181428,0.37026,46.5,"high edi","Liberal democracy",0.2706475,0.2810285,0.46384,0.2706475,0.2810285,0.46384
"11130","CRI 1998","Costa Rica 1998","Costa Rica",1998,1.612,1.554,1.554,2.502,2.502,2.502,1.106,1.106,1.106,1.955,1.955,1.955,0.954,0.954,0.954,1.946,1.946,1.946,0.948,-1.461,0.894,3,22.997,17,2,3.13536377263918,"Latin Am.",0.38,0.383060088,0.8471,0.8463,0.847,0.8478,0.8491,0.8524,0.9659,0.9644,0.9632,0.9621,0.9677,0.9684,1,"democracy",1,0,0,50,3.91202300542815,"Presidential",4,0.61904764,0,41.18,"PUSC",41.18,NA,0,NA,0,0.40919539,48.480003,"PLN",34.830002,"FD",5.77,"PML",3.0799999,"PUSC",NA,0,0,0.226572,0.253116,0.425206,0.718584,47.4,93.1,0.478,0.534,1.516,0.177507,0.199438,0.112649,45.7,"high edi","Liberal democracy",0.352286,0.393558,0.970603,0.352286,0.393558,0.970603
"11134","CRI 2002","Costa Rica 2002","Costa Rica",2002,1.612,1.612,1.612,2.502,2.502,2.502,1.106,1.106,1.106,1.955,1.955,1.955,0.954,0.954,0.954,1.946,1.946,1.946,0.948,1.525,0.896,3,24.472,17,2,3.1975296068486,"Latin Am.",0.41,0.413554511,0.8503,0.8549,0.8629,0.8668,0.8478,0.847,0.961,0.9616,0.9618,0.963,0.9621,0.9632,1,"democracy",1,0,0,54,3.98898404656427,"Presidential",4,0.74122804,0,29.780001,"PUSC",29.780001,NA,0,NA,0,0.63663661,58.370003,"PLN",27.110001,"PAC",21.93,"PML",9.3299999,"PUSC",58,0,0,0.125874,0.15651,0.060188,0.504828,33.3,98.2,0.378,0.47,1.516,0.22753,0.363981,0.157569,64.9,"high edi","Liberal democracy",0.251937,0.313255,0.788094,0.251937,0.313255,0.788094
"11138","CRI 2006","Costa Rica 2006","Costa Rica",2006,1.645,1.645,1.645,2.502,2.502,2.502,1.106,1.106,1.106,1.955,1.955,1.955,0.95,0.95,0.95,1.743,1.743,1.743,0.948,1.261,0.905,3,27.228,17,2,3.3042458555857,"Latin Am.",0.49,0.494176754,0.8692,0.868,0.8664,0.8598,0.8668,0.8629,0.9616,0.9604,0.962,0.9647,0.963,0.9618,1,"democracy",1,0,0,58,4.06044301054642,"Presidential",3,0.70300752,0.32258064,45.709999,"PLN",36.540001,"PML",9.1700001,NA,0,0.51076925,33.16,"PAC",25.34,"PUSC",7.8200002,"PUN",NA,"PLN",NA,0,0,0.210388,0.221721,-0.028512,0.831712,54.4,93,0.352,0.324,1.393,0.10886,0.293432,-0.201842,38.6,"high edi","Liberal democracy",0.281194,0.2728605,0.682244,0.281194,0.2728605,0.682244
"11142","CRI 2010","Costa Rica 2010","Costa Rica",2010,1.645,1.645,1.645,2.502,2.502,2.502,0.556,1.106,1.106,1.955,1.955,1.955,0.954,0.954,0.954,1.953,1.953,1.953,0.948,1.261,0.911,3,30.585,17,2,3.42050969269453,"Latin Am.",0.47,0.474125627,0.8523,0.8419,0.8378,0.8356,0.8598,0.8664,0.965,0.9633,0.9631,0.9627,0.9647,0.962,1,"democracy",1,0,0,62,4.12713438504509,"Presidential",3,0.7568922,0.40909091,51.639999,"PLN",37.16,"PML",14.48,NA,0,0.72463769,34.900002,"PAC",17.68,"PUSC",8.0500002,"PASE",9.1700001,"PLN",NA,0,0,0.156186,0.25601,0.4208,0.447522,57.9,93,0.228,0.324,0.276,0.0743,0.237627,0.026183,35.1,"high edi","Liberal democracy",0.192093,0.290005,0.3484,0.192093,0.290005,0.3484
"11146","CRI 2014","Costa Rica 2014","Costa Rica",2014,1.913,1.913,1.913,2.502,2.502,2.502,1.37,1.37,0.705,1.955,1.955,1.955,0.954,0.954,0.954,2.032,1.953,1.953,0.953,1.256,0.905,3,33.275,17,2,3.50480636428118,"Latin Am.",0.5,0.50462005,0.8336,0.8335,NA,NA,0.8356,0.8378,0.9598,0.9565,NA,NA,0.9627,0.9631,1,"democracy",1,0,0,66,4.18965474202643,"Presidential",2,0.81077695,0.67356324,46.639999,"PAC",23.48,"FA",13.14,"PUSC",10.02,0.54415953,46.959999,"PLN",25.709999,"ML",7.9400001,"PRC",4.0599999,"PAC",77.809998,0,0,0.10221,0.37359,0,0.60092,52.6,91.2,0.144,0.608,0,0.098718,0.155374,0.346818,38.6,"high edi","Liberal democracy",0.123105,0.490795,0,0.123105,0.490795,0
"11436","ECU 1984","Ecuador 1984","Ecuador",1984,-0.951,-0.951,-0.951,-0.511,-0.511,-0.511,0.047,0.047,0.047,0.004,0.004,0.004,0.355,0.355,0.429,-0.462,-0.462,0.538,0.638,1.627,0.689,2,14.872,18,2,2.69948025041914,"Latin Am.",0.48,0.480182738,0.5141,0.4996,0.4977,0.5086,0.5539,0.5645,0.3002,0.3008,0.3013,0.3021,0.2994,0.2981,1,"democracy",1,0,1,6,1.79175946922805,"Presidential",4,0.92769611,0.66206896,0,"CFP",NA,"ID",NA,"DP",NA,0.83363974,0,"PC",NA,"PLR",NA,"PSC",NA,"DP",52.200001,0,0,0.083233,0.221067,-0.554805,0.389039,43.7,90.1,NA,NA,NA,0.102743,0.032385,0.286385,12.7,"high edi","Electoral democracy",NA,NA,NA,NA,NA,NA
"11438","ECU 1986","Ecuador 1986","Ecuador",1986,-0.951,-0.951,-0.951,-0.511,-0.511,-0.511,0.047,0.047,0.047,0.004,0.004,0.004,0.355,0.355,0.355,-0.462,-0.462,-0.462,0.638,1.343,0.677,2,14.511,18,2,2.67490698250896,"Latin Am.",0.57,0.101413521,0.4977,0.5086,0.5185,0.5126,0.4996,0.5141,0.3013,0.3021,0.3031,0.304,0.3008,0.3002,1,"democracy",1,0,1,8,2.07944154167984,"Presidential",4,0.86183769,0.64166665,0,"PSC",NA,"PLR",NA,"PC",NA,0.75482994,0,"ID",NA,"CFP",NA,"FRA",NA,"PSC",52.200001,0,0,0.159373,0.050235,-1.19568,0.444235,19.7,94.2,0.809,0.255,2.255,0.096156,0.200203,-0.293838,38,"high edi","Electoral democracy",0.4841865,0.1526175,0.52966,0.4841865,0.1526175,0.52966
"11440","ECU 1988","Ecuador 1988","Ecuador",1988,-0.951,-0.951,-0.951,-0.511,-0.511,-0.511,0.047,0.047,0.047,0.004,0.004,0.004,0.419,0.419,0.355,0.531,0.531,-0.462,0.638,1.343,0.7,2,14.119,18,2,2.64752140802739,"Latin Am.",0.33,0.336435332,0.5185,0.5126,0.5024,0.4844,0.5086,0.4977,0.3031,0.304,0.3045,0.3048,0.3021,0.3013,1,"democracy",1,0,1,10,2.30258509299405,"Presidential",4,0.8566106,0.69444448,0,"PSC",NA,"CFP",NA,"FRA",NA,0.7256006,0,"ID",NA,"DP",NA,"PRE",NA,"PSC",52.200001,0,0,0.15488,0.105117,-0.05635,0.338078,22.6,95.8,0.809,0.255,2.255,0.125559,0.263884,-0.377666,52.1,"high edi","Electoral democracy",0.48194,0.1800585,1.099325,0.48194,0.1800585,1.099325
"11442","ECU 1990","Ecuador 1990","Ecuador",1990,-0.951,-0.951,-0.951,-0.511,-0.511,-0.511,0.047,0.047,0.047,0.004,0.004,0.004,0.419,0.419,0.419,0.531,0.531,0.531,0.638,1.343,0.721,2,14.373,18,2,2.66535144656909,"Latin Am.",0.33,0.336435332,0.5024,0.4844,0.4749,0.4829,0.5126,0.5185,0.3045,0.3048,0.305,0.305,0.304,0.3031,1,"democracy",1,0,1,12,2.484906649788,"Presidential",3,0.82682765,0.63768119,0,"ID",NA,"DP",NA,"CFP",NA,0.8599034,0,"PSC",NA,"PRE",NA,"PSE",NA,"ID",46,0,0,0.036438,0.106406,-0.512655,0.209732,23.6,91.7,0.051,0.382,-0.883,0.391579,0.2885,0.267775,50,"high edi","Electoral democracy",0.043719,0.244203,-0.6978275,0.043719,0.244203,-0.6978275
"11444","ECU 1992","Ecuador 1992","Ecuador",1992,-0.951,-0.951,-0.951,-0.511,-0.511,-0.511,0.047,0.047,0.047,0.004,0.004,0.004,0.366,0.366,0.419,-0.467,-0.467,0.531,0.638,1.343,0.718,2,14.873,18,2,2.69954748861046,"Latin Am.",0.58,0.091032199,0.4749,0.4829,0.4881,0.4968,0.4844,0.5024,0.305,0.305,0.3053,0.3053,0.3048,0.3045,1,"democracy",1,0,1,14,2.63905732961526,"Presidential",4,0.87066513,0.71264368,0,"ID",NA,"DP",NA,"CFP",NA,0.76498318,0,"PSC",NA,"PRE",NA,"PSE",NA,"ID",46,0,0,0.013975,0.048581,-0.276054,0.103727,11.7,100.1,0.051,0.371,-0.883,0.412776,0.271479,0.503178,50.7,"high edi","Electoral democracy",0.0324875,0.2097905,-0.579527,0.0324875,0.2097905,-0.579527
"11446","ECU 1994","Ecuador 1994","Ecuador",1994,-0.951,-0.951,-0.951,-0.511,-0.511,-0.511,0.047,0.047,0.047,0.004,0.004,0.004,0.361,0.366,0.366,-0.467,-0.467,-0.467,0.638,1.343,0.704,2,15.122,18,2,2.71615063713608,"Latin Am.",0.54,0.123724573,0.4881,0.4968,0.495,0.4865,0.4829,0.4749,0.3053,0.3053,0.3052,0.305,0.305,0.305,1,"democracy",1,0,1,16,2.77258872223978,"Presidential",5,0.86286736,0.47058824,0,"PUR",NA,"PCE",NA,NA,0,0.81282878,0,"PSC",NA,"PRE",NA,"ID",NA,"PUR",58,0,0,0.04667,0.019084,0.45489,0.272831,13,96.2,0.156,0.2,1.811,0.398476,0.249938,0.659815,57.2,"high edi","Electoral democracy",0.101335,0.109542,1.132945,0.101335,0.109542,1.132945
"11448","ECU 1996","Ecuador 1996","Ecuador",1996,-0.951,-0.951,-0.951,-0.511,-0.511,-0.511,0.047,0.047,0.047,0.004,0.004,0.004,0.416,0.416,0.361,0.569,0.569,-0.467,0.65,1.343,0.704,2,15.235,18,2,2.72359541243767,"Latin Am.",0.54,0.123724573,0.495,0.4865,0.4696,0.4419,0.4968,0.4881,0.3052,0.305,0.3048,0.3045,0.3053,0.3053,1,"democracy",1,0,1,18,2.89037175789616,"Presidential",3,0.84259647,0.50897437,0,"PSC",NA,"PRE",NA,"PUR",NA,0.8835398,0,"ID",NA,"MPD",NA,"PCE",NA,"PUR",58,0,0,0.466479,0.297086,0.16093,0.777623,56.1,92.6,NA,NA,NA,0.023176,0.034427,-0.106555,7.3,"high edi","Electoral democracy",NA,NA,NA,NA,NA,NA
"11449","ECU 1997","Ecuador 1997","Ecuador",1997,-0.951,-0.951,-0.951,-0.511,-0.511,-0.511,0.047,0.047,0.047,0.004,0.004,0.004,0.406,0.416,0.416,0.569,0.569,0.569,0.65,1.343,0.703,2,15.341,18,2,2.73052898286264,"Latin Am.",0.54,0.124080278,0.4865,0.4696,0.4419,0.4224,0.495,0.4968,0.305,0.3048,0.3045,0.304,0.3052,0.3053,1,"democracy",1,0,1,19,2.94443897916644,"Presidential",4,0.81141651,0,0,"PRE",NA,NA,0,NA,0,0.76687878,0,"PSC",NA,"DP",NA,"MNPP",NA,"PRE",54.5,0,0,0.0929,0.089,0.64256,0.0278,10,78.6,0.929,0.89,0.278,0.009867,0.039468,-0.003003,14.3,"high edi","Electoral democracy",0.51095,0.4895,0.46028,0.51095,0.4895,0.46028
"11450","ECU 1998","Ecuador 1998","Ecuador",1998,-0.951,-0.951,-0.951,-0.511,-0.511,-0.511,0.047,0.047,0.047,0.004,0.004,0.004,0.349,0.406,0.416,-0.46,0.569,0.569,0.65,1.343,0.694,2,15.301,18,2,2.72791818573968,"Latin Am.",0.54,0.123668735,0.4696,0.4419,0.4224,0.4056,0.4865,0.495,0.3048,0.3045,0.304,0.3037,0.305,0.3052,1,"democracy",1,0,1,20,2.99573227355399,"Presidential",4,0.8201102,0,9.4700003,"DP",9.4700003,NA,0,NA,0,0.79315627,37.779999,"PSC",11.87,"PRE",8.8800001,"ID",7.6900001,"DP",51.200001,0,0,0.018216,0.072864,-0.024987,0.10032,26.4,92.5,0.069,0.276,0.38,0.384312,0.326435,0.262863,61.9,"high edi","Electoral democracy",0.043608,0.174432,0.1775065,0.043608,0.174432,0.1775065
"11458","ECU 2006","Ecuador 2006","Ecuador",2006,-2.337,-1.479,-0.887,-0.881,-0.458,-0.346,-0.991,-0.562,-0.058,-0.378,-0.378,-0.432,0.246,0.353,0.376,-0.559,0.16,0.174,0.618,1.343,0.703,2,18.369,18,2,2.91066446116393,"Latin Am.",0.63,0.03569202,0.4165,0.4074,0.3959,0.3729,0.4127,0.4036,0.3042,0.3042,0.3038,0.3033,0.3042,0.3039,1,"democracy",1,0,2,4,1.38629436111989,"Presidential",3,0.87375885,0.38709676,0,"PSC",NA,"PSP",NA,NA,0,0.76829273,0,"ID",NA,"PRIAN",NA,"MNPP",NA,"independent",NA,-999,NA,0.2823,0.20741,-0.040439,0.39225,37,96,NA,NA,NA,0.19211,0.16109,0.38696,39,"high edi","Electoral democracy",NA,NA,NA,NA,NA,NA
"11459","ECU 2007","Ecuador 2007","Ecuador",2007,-2.337,-2.337,-1.479,-0.881,-0.881,-0.458,-0.991,-0.991,-0.562,-1.035,-0.378,-0.378,0.244,0.246,0.353,-0.562,-0.559,0.16,0.416,1.627,0.671,2,18.825,18,2,2.93518577368596,"Latin Am.",0,0.114071532,0.4074,0.3959,0.3729,0.3559,0.4165,0.4127,0.3042,0.3038,0.3033,0.3028,0.3042,0.3042,1,"democracy",1,0,2,5,1.6094379124341,"Presidential",4,0.84050691,0.5,7.8400002,"PAIS",0,"MNPP",3.8,"MPD",4.04,0.81071055,83.549995,"PRIAN",27.799999,"PSP",18.559999,"PSC",15.29,"PAIS",57.07,0,0,0.58671,0.600855,0,1.08486,61.5,82.3,0.954,0.977,-1.764,0.143982,0.126012,0.09616,20.8,"high edi","Electoral democracy",0.770355,0.7889275,-0.882,0.770355,0.7889275,-0.882
"11461","ECU 2009","Ecuador 2009","Ecuador",2009,-2.265,-2.265,-2.337,-0.848,-0.848,-0.881,-1.701,-1.253,-0.991,-1.302,-1.06,-1.035,0.223,0.223,0.244,-1.026,-1.026,-0.562,0.252,-0.88,0.612,2,19.852,18,2,2.98830475772519,"Latin Am.",0,0.114071532,0.3729,0.3559,0.3342,0.3262,0.3959,0.4074,0.3033,0.3028,0.3024,0.3021,0.3038,0.3042,1,"democracy",1,0,2,7,1.94591014905531,"Presidential",4,0.84050691,0.5,7.8400002,"PAIS",0,"MNPP",3.8,"MPD",4.04,0.81071055,83.549995,"PRIAN",27.799999,"PSP",18.559999,"PSC",15.29,"PAIS",57.07,0,0,0.502148,0.487128,-0.035637,0.930864,51.6,83.8,0.983,0.968,-1.764,0.208833,0.147462,0.278557,29.8,"high edi","Electoral democracy",0.742574,0.727564,-0.8998185,0.742574,0.727564,-0.8998185
"11465","ECU 2013","Ecuador 2013","Ecuador",2013,-2.265,-2.265,-2.265,-1.139,-1.139,-1.139,-1.228,-1.228,-1.228,-1.156,-1.156,-1.302,0.176,0.176,0.194,-1.515,-1.515,-1.194,0.155,-0.161,0.541,2,22.799,18,2,3.12671667534941,"Latin Am.",0,0.176947391,0.3109,0.3033,0.3016,NA,0.3262,0.3342,0.3022,0.3023,0.3024,NA,0.3021,0.3024,1,"democracy",1,0,2,11,2.39789527279837,"Presidential",4,0.76696998,0,0,"PAIS",NA,NA,0,NA,0,0.89309472,0,"PSP",NA,"PSC",NA,"PRIAN",NA,"PAIS",NA,0,0,0.72489,0.70153,-0.318874,1.1753,73,97,0.993,0.961,-1.61,0.057096,0.036162,0.109446,8.7,"low edi","Electoral democracy",0.858945,0.831265,-0.964437,0.858945,0.831265,-0.964437
"11666","FRA 1978","France 1978","France",1978,1.656,1.656,1.656,2.154,2.154,2.154,1.202,1.202,1.202,1.347,1.347,1.347,0.912,0.912,0.912,0.725,0.725,0.725,0.868,-0.505,0.855,3,56.632,1,5,4.03657419647189,"W. Europe, N. Am.",0.52,0.37213653,0.5359,0.5594,0.5859,0.6107,0.5134,0.4985,0.8167,0.8275,0.8378,0.8474,0.8037,0.7935,1,"democracy",1,0,2,33,3.49650756146648,"Parliamentary",5,0.75449878,0.49596137,49.300003,"RPR",26.110001,"UDF",23.190001,NA,0,0.56427515,50.700001,"PS",30.65,"Communist",18.620001,NA,0,"UDF",50.799999,0,1,0.030098,0.108178,0.12903,0.882434,56.2,95.8,0.029,0.169,1.307,0.072664,0.213955,-1.086957,39.6,"high edi","Liberal democracy",0.029549,0.138589,0.718015,0.030098,0.108178,0.12903
"11669","FRA 1981","France 1981","France",1981,0.703,0.703,0.703,2.154,2.154,2.154,1.202,1.202,1.202,1.347,1.347,1.347,0.932,0.932,0.932,1.575,1.575,1.575,0.868,0.09,0.864,3,59.139,1,5,4.07989060525195,"W. Europe, N. Am.",0.5,0.367602243,0.6107,0.6302,0.6484,0.6678,0.5859,0.5594,0.8474,0.8526,0.8579,0.8603,0.8378,0.8275,1,"democracy",1,0,2,36,3.58351893845611,"Parliamentary",4,0.60846251,0.2506603,56.759998,"PS/MRG",49.189999,"Communists",6.9699998,NA,0,0.54220754,43.220001,"RPR",22.41,"UDF",18.620001,NA,0,"PS",51.799999,0,1,0.034465,0.219785,-0.32978,1.2882,56.5,95.6,0.061,0.389,-2.28,0.016474,0.058136,0.475417,30,"high edi","Liberal democracy",0.0477325,0.3043925,-1.30489,0.034465,0.219785,-0.32978
"11674","FRA 1986","France 1986","France",1986,0.703,0.703,0.703,2.154,2.154,2.154,1.202,1.202,1.202,1.347,1.347,1.347,0.932,0.932,0.932,1.575,1.575,1.575,0.868,0.422,0.868,3,62.906,1,5,4.14164154866426,"W. Europe, N. Am.",0.4,0.310611089,0.6973,0.7068,0.7138,0.722,0.6823,0.6678,0.8639,0.8651,0.8668,0.8683,0.8623,0.8603,1,"democracy",1,0,2,41,3.71357206670431,"Parliamentary",16,0.78095853,0.6310882,40.98,"RPR/UDF joint",21.459999,"RPR",11.21,"UDF",8.3100004,0.49761698,55.970001,"PS",31.040001,"Nat. Front",9.6499996,"Communists",9.7799997,"RPR",51.799999,0,0,0.026395,0.094889,-0.226006,0.77401,49.3,97,0.075,0.213,1.8,0.010324,0.123532,-0.285512,35.6,"high edi","Liberal democracy",0.0506975,0.1539445,0.786997,0.026395,0.094889,-0.226006
"11676","FRA 1988","France 1988","France",1988,1.613,0.703,0.703,2.154,2.154,2.154,1.202,1.202,1.202,1.347,1.347,1.347,0.932,0.932,0.932,1.575,1.575,1.575,0.868,0.745,0.876,3,66.152,1,5,4.19195512441987,"W. Europe, N. Am.",0.52,0.35705753,0.7138,0.722,0.7315,0.7391,0.7068,0.6973,0.8668,0.8683,0.8685,0.8683,0.8651,0.8639,1,"democracy",1,0,2,43,3.76120011569356,"Parliamentary",9,NA,0.091519572,48.670002,"PS",45.310001,"MRG",1.28,"independent",NA,NA,47.920002,"UDF",21.18,"RPR",23.09,"Nat. Front",1.0700001,"PS",54.299999,0,0,0.013572,0.162396,-0.010764,0.375336,46.8,96.9,0.029,0.347,-0.802,0.025074,0.086832,0.705438,45.6,"high edi","Liberal democracy",0.021286,0.254698,-0.406382,0.013572,0.162396,-0.010764
"11681","FRA 1993","France 1993","France",1993,1.585,1.585,0.665,1.999,1.999,1.32,1.202,1.202,1.202,1.347,1.347,1.347,0.926,0.926,0.91,1.575,1.575,1.575,0.868,0.397,0.876,3,71.337,1,5,4.26741512690187,"W. Europe, N. Am.",0.46,0.356438993,0.7574,0.7614,0.764,0.7562,0.7509,0.7391,0.8596,0.8731,0.8807,0.8793,0.8671,0.8683,1,"democracy",1,0,2,48,3.87120101090789,"Parliamentary",5,0.66944689,0.49835181,54.110001,"RPR",28.27,"UDF",25.84,NA,0,0.70954907,39.84,"PS",28.25,"PLF",4.6100001,"MRG",1.15,"RPR",54.299999,0,0,0.045678,0.154627,0.586921,1.261511,80.3,94,0.075,0.213,1.8,0.002755,0.032965,-0.07619,9.5,"high edi","Liberal democracy",0.060339,0.1838135,1.1934605,0.045678,0.154627,0.586921
"11685","FRA 1997","France 1997","France",1997,1.256,2.302,2.302,1.999,1.999,1.999,1.202,1.202,1.202,1.347,1.347,1.347,0.926,0.926,0.926,1.575,1.575,1.575,0.868,0.734,0.876,3,75.856,1,5,4.32883680615976,"W. Europe, N. Am.",0.42,0.532457645,0.741,0.7262,0.7166,0.7076,0.7562,0.764,0.8719,0.8647,0.8593,0.854,0.8793,0.8807,1,"democracy",1,0,2,52,3.95124371858143,"Parliamentary",5,0.7329458,0.4146606,48.25,"PS",38.049999,"Communists",3.8399999,"MRG",2.1900001,0.55693299,51.75,"RPR",22.82,"UDF",20.77,"Nat. Front",5.5999999,"PS",53,0,0,0.012673,0.151639,-0.01236,0.530081,43.7,96.4,0.029,0.347,-1.213,0.024987,0.083781,0.776136,43.3,"high edi","Liberal democracy",0.0208365,0.2493195,-0.61268,0.012673,0.151639,-0.01236
"11690","FRA 2002","France 2002","France",2002,1.94,1.94,1.94,1.999,1.999,1.999,1.202,1.202,1.202,1.347,1.347,1.347,0.926,0.926,0.926,1.575,1.575,1.575,0.868,1.208,0.875,3,83.616,1,5,4.4262348893382,"W. Europe, N. Am.",0.46,0.442830549,0.6978,0.6944,0.6949,0.6898,0.7021,0.7076,0.8521,0.852,0.8544,0.8548,0.8526,0.854,1,"democracy",1,0,2,57,4.04305126783455,"Parliamentary",3,0.55930459,0.13999945,51.18,"UMP",47.259998,"UDF",3.9200001,NA,0,0.46070811,47.759998,"PS",35.259998,"Communist",3.26,"PRG",2.1500001,"UMP",82.199997,0,1,0.026531,0.115996,0,1.345677,61.7,86.1,0.043,0.188,2.181,0.007076,0.084668,-0.295972,24.4,"high edi","Liberal democracy",0.0347655,0.151998,1.0905,0.026531,0.115996,0
"11695","FRA 2007","France 2007","France",2007,1.397,1.397,1.564,1.999,1.999,1.999,1.202,1.202,1.202,1.347,1.347,1.347,0.926,0.926,0.926,1.575,1.575,1.575,0.889,-1.582,0.878,3,88.278,1,5,4.48049092594387,"W. Europe, N. Am.",0.37,0.540488454,0.6773,0.6738,0.6712,0.6687,0.6826,0.6898,0.848,0.844,0.8375,0.8292,0.8517,0.8548,1,"democracy",1,0,2,62,4.12713438504509,"Parliamentary",4,0.6042102,0.12308517,38.149998,"UMP",33.299999,"NC",4.8499999,NA,0,0.41793033,42.330002,"PS",24.110001,"PCF",4.8200002,"PRG",1.54,"UMP",NA,0,1,0.026016,0.101896,0.948702,0.837932,54.2,86.9,0.048,0.188,1.546,0.009338,0.129122,-0.340676,32.2,"high edi","Liberal democracy",0.037008,0.144948,1.247351,0.026016,0.101896,0.948702
"11700","FRA 2012","France 2012","France",2012,2.061,2.061,2.218,1.999,1.999,1.999,1.202,1.202,1.202,1.506,1.506,1.347,0.932,0.932,0.926,1.575,1.575,1.575,0.889,-1.582,0.891,3,88.64,1,5,4.48458322299897,"W. Europe, N. Am.",0.4,0.521011232,0.6647,0.6758,0.6824,0.685,0.6633,0.6687,0.8039,0.7858,0.7756,0.7699,0.8182,0.8292,1,"democracy",1,0,2,67,4.20469261939097,"Parliamentary",5,0.64979792,0,40.91,"PS",40.91,NA,0,NA,0,0.5646742,57.280003,"UMP",37.950001,"FN",3.6600001,NA,0,"PS",51.639999,0,0,0.014065,0.194485,-0.014202,0.401095,48.5,87,0.029,0.401,-0.827,0.021903,0.08967,0.519531,33.9,"high edi","Liberal democracy",0.0215325,0.2977425,-0.420601,0.014065,0.194485,-0.014202
"11896","DEU 1976","Germany 1976","Germany",1976,1.786,1.786,1.786,1.947,1.947,1.947,1.886,1.886,1.886,1.893,1.893,1.893,0.952,0.952,0.952,2.561,2.561,2.561,0.976,-0.315,0.859,3,49.295,1,5,3.897822656027,"W. Europe, N. Am.",0.38,0.382364072,0.9288,0.9326,0.9365,0.9375,0.9224,0.9135,0.9401,0.9448,0.9482,0.95,0.9365,0.9329,1,"democracy",1,0,0,28,3.3322045101752,"Parliamentary",5,0.56769454,0.25809425,50.5,"SPD",42.599998,"FDP",7.9000001,NA,0,1.110223e-16,48.599998,"CDU/CSU",48.599998,NA,0,NA,0,"SPD",NA,0,0,0.012908,0.07133,-0.480448,0.596959,51,100,0.025,0.16,-1.096,0.029766,0.029231,0.34695,49,"high edi","Liberal democracy",0.018954,0.115665,-0.788224,0.012908,0.07133,-0.480448
"11900","DEU 1980","Germany 1980","Germany",1980,2.016,2.016,2.016,1.947,1.947,1.947,1.886,1.886,1.886,1.893,1.893,1.893,0.952,0.952,0.952,2.561,2.561,2.561,0.976,-0.315,0.868,3,55.042,1,5,4.00809653017421,"W. Europe, N. Am.",0.38,0.379214137,0.9383,0.9385,0.9393,0.9391,0.9375,0.9365,0.9509,0.95,0.9497,0.9488,0.95,0.9482,1,"democracy",1,0,0,32,3.46573590279973,"Parliamentary",5,0.66404885,0.3158125,53.5,"SPD",42.900002,"FDP",10.6,NA,0,0.35587022,44.5,"CDU",34.200001,"CSU",10.3,NA,0,"SPD",NA,0,0,0.017269,0.065987,0.00688,0.651809,54.6,100.1,0.033,0.143,-1.096,0.027685,0.02716,0.321265,45.5,"high edi","Liberal democracy",0.0251345,0.1044935,-0.54456,0.017269,0.065987,0.00688
"11903","DEU 1983","Germany 1983","Germany",1983,2.016,2.016,2.016,1.947,1.947,1.947,1.886,1.886,1.886,1.893,1.893,1.893,0.952,0.952,0.952,2.561,2.561,2.561,0.976,-0.557,0.87,3,56.499,1,5,4.03422293888072,"W. Europe, N. Am.",0.39,0.3937801,0.9391,0.9368,0.9338,0.9302,0.9393,0.9385,0.9488,0.9475,0.9464,0.9446,0.9497,0.95,1,"democracy",1,0,0,35,3.55534806148941,"Parliamentary",5,0.68515515,0.4783783,55.800003,"CDU",38.200001,"CSU",10.6,"FDP",7,0.21631382,43.799999,"SPD",38.200001,"Green",5.5999999,NA,0,"CDU",NA,0,0,0.031526,0.031268,-0.002905,0.453326,55.8,100,0.059,0.059,0.743,0.01714,0.06299,-0.495934,44.2,"high edi","Liberal democracy",0.045263,0.045134,0.3700475,0.031526,0.031268,-0.002905
"11907","DEU 1987","Germany 1987","Germany",1987,2.016,2.016,2.016,1.947,1.947,1.947,1.886,1.886,1.886,1.893,1.893,1.893,0.952,0.952,0.952,2.561,2.561,2.561,0.976,-0.557,0.87,3,62.488,1,5,4.134974538308,"W. Europe, N. Am.",0.4,0.402256825,0.9215,0.9184,0.9141,0.9089,0.9302,0.9338,0.9417,0.9416,0.9367,0.9316,0.9446,0.9464,1,"democracy",1,0,0,39,3.66356164612965,"Parliamentary",5,0.713377,0.52111191,53.400002,"CDU",34.5,"CSU",9.8000002,"FDP",9.1000004,0.30187804,45.299999,"SPD",37,"Green",8.3000002,NA,0,"CDU",NA,0,0,0.029351,0.029578,-0.135782,0.463033,54.2,100.1,0.058,0.059,0.743,0.01751,0.065416,-0.521169,45.9,"high edi","Liberal democracy",0.0436755,0.044289,0.303609,0.029351,0.029578,-0.135782
"11910","DEU 1990","Germany 1990","Germany",1990,2.289,2.289,2.289,1.947,1.947,1.947,1.886,1.886,1.886,1.893,1.893,1.893,0.952,0.952,0.952,2.561,2.561,2.561,0.976,-0.313,0.895,3,67.053,1,5,4.20548335145607,"W. Europe, N. Am.",0.43,0.426578494,0.9868,0.987,0.9872,0.9865,0.9862,0.9852,0.9492,0.9578,0.9603,0.9607,0.9208,0.8955,1,"democracy",1,0,1,1,0,"Parliamentary",4,0.68582344,0.49199396,54.799999,"CDU",36.700001,"FDP",11,"CSU",7.0999999,0.17602834,37.099998,"SPD",33.5,"PDS",2.4000001,"Green",1.2,"CDU",NA,0,0,0.031743,0.031834,0.079086,0.531684,60.1,98.8,0.058,0.058,0.743,0.019016,0.061061,-0.541324,38.7,"high edi","Liberal democracy",0.0448715,0.044917,0.411043,0.031743,0.031834,0.079086
"11914","DEU 1994","Germany 1994","Germany",1994,2.813,1.2,1.368,1.947,1.947,1.947,1.886,1.886,1.886,1.893,1.893,1.893,0.952,0.952,0.952,2.561,2.561,2.561,0.976,-0.313,0.896,3,70.882,1,5,4.26101652260303,"W. Europe, N. Am.",0.42,0.423719166,0.9863,0.9859,0.9859,0.9867,0.9865,0.9872,0.9632,0.9649,0.9627,0.9642,0.9607,0.9603,1,"democracy",1,0,1,5,1.6094379124341,"Parliamentary",5,0.71085709,0.44881836,48.400002,"CDU",34.200001,"CSU",7.3000002,"FDP",6.9000001,0.39143091,48.100002,"SPD",36.400002,"Green",7.3000002,"PDS",4.4000001,"CDU",NA,0,0,0.027832,0.028105,-0.146902,0.422191,50.7,100,0.058,0.059,0.743,0.02115,0.06948,-0.512655,42,"high edi","Liberal democracy",0.042916,0.0435525,0.298049,0.027832,0.028105,-0.146902
"11918","DEU 1998","Germany 1998","Germany",1998,2.813,2.813,2.813,1.947,1.947,1.947,1.886,1.886,1.886,1.893,1.893,1.893,0.952,0.952,0.952,2.561,2.561,2.561,0.976,-0.313,0.896,3,75.987,1,5,4.33056227302358,"W. Europe, N. Am.",0.44,0.437724247,0.9873,0.9871,0.9872,0.9867,0.9867,0.9859,0.9666,0.9658,0.9685,0.9669,0.9642,0.9627,1,"democracy",1,0,1,9,2.19722457733622,"Parliamentary",4,0.69813287,0.23602965,47.619999,"SPD",40.93,"Alliance90/Greens",6.6900001,NA,0,0.57732296,46.5,"CDU",28.41,"CSU",6.7399998,"FDP",6.25,"SPD",NA,0,0,0.018895,0.07551,-0.037113,0.25815,51.5,99.9,0.039,0.142,-0.442,0.02069,0.023724,0.380546,43,"high edi","Liberal democracy",0.0289475,0.108755,-0.2395565,0.018895,0.07551,-0.037113
"11922","DEU 2002","Germany 2002","Germany",2002,2.813,2.813,2.813,1.947,1.947,1.947,1.886,1.886,1.886,1.893,1.893,1.893,0.952,0.952,0.952,2.561,2.561,2.561,0.976,-0.303,0.896,3,82.509,1,5,4.41290737829975,"W. Europe, N. Am.",0.44,0.437654837,0.9864,0.9871,0.9863,0.9862,0.9867,0.9872,0.9663,0.9677,0.9678,0.9659,0.9669,0.9685,1,"democracy",1,0,1,13,2.56494935746154,"Parliamentary",4,0.70496356,0.29583201,47.099998,"SPD",38.5,"Alliance90/Greens",8.6000004,NA,0,0.529302,49.900002,"CDU",29.5,"CSU",9,"FDP",7.4000001,"SPD",NA,0,0,0.017901,0.051805,-0.311919,0.155675,50.7,99.9,0.038,0.088,-0.227,0.023736,0.026877,0.436029,48.9,"high edi","Liberal democracy",0.0279505,0.0699025,-0.2694595,0.017901,0.051805,-0.311919
"11925","DEU 2005","Germany 2005","Germany",2005,2.813,2.813,2.813,1.947,1.947,1.947,1.886,1.886,1.886,1.893,1.893,1.893,0.952,0.952,0.952,2.561,2.561,2.561,0.982,-0.529,0.897,3,86.164,1,5,4.45625245702585,"W. Europe, N. Am.",0.43,0.429520345,0.9862,0.9854,0.9855,0.9853,0.9863,0.9871,0.9659,0.9612,0.9597,0.9611,0.9678,0.9677,1,"democracy",1,0,1,16,2.77258872223978,"Parliamentary",5,0.71044314,0.50107861,69.400002,"CDU/CSU",35.200001,"SPD",34.200001,NA,0,0.6687842,26.6,"FDP",9.8000002,"Left",8.6999998,"Alliance90/Greens",8.1000004,"CDU",NA,0,0,0.032245,0.053207,0.414302,0.410641,73,100,0.048,0.057,1.02,0.004681,0.016416,0.09868,18.2,"high edi","Liberal democracy",0.0401225,0.0551035,0.717151,0.032245,0.053207,0.414302
"11929","DEU 2009","Germany 2009","Germany",2009,2.813,2.813,2.813,1.947,1.947,1.947,1.886,1.886,1.886,1.893,1.893,1.893,0.952,0.952,0.952,2.561,2.561,2.561,0.975,-0.529,0.901,3,91.272,1,5,4.51384405929407,"W. Europe, N. Am.",0.47,0.473652424,0.9845,0.9844,0.9841,0.9834,0.9853,0.9855,0.9607,0.9605,0.9575,0.9557,0.9611,0.9597,1,"democracy",1,0,1,20,2.99573227355399,"Parliamentary",5,0.74922723,0.40452445,48.360001,"CDU/CSU",33.799999,"FDP",14.56,NA,0,0.62503278,45.68,"SPD",23.08,"Left",11.89,"Alliance90/Greens",10.71,"CDU",NA,0,0,0.023736,0.026748,-0.152973,0.523146,53.4,100,0.049,0.057,0.785,0.019132,0.09173,-0.69462,46.6,"high edi","Liberal democracy",0.036368,0.041874,0.3160135,0.023736,0.026748,-0.152973
"11933","DEU 2013","Germany 2013","Germany",2013,2.635,2.376,2.376,1.947,1.947,1.947,2.599,1.886,1.886,1.893,1.893,1.893,0.952,0.952,0.952,2.561,2.561,2.561,0.974,-0.372,0.895,3,97.564,1,5,4.58050857291723,"W. Europe, N. Am.",0.53,0.529646273,0.9831,0.9823,0.9815,NA,0.9834,0.9841,0.9524,0.9463,0.9277,NA,0.9557,0.9575,1,"democracy",1,0,1,24,3.17805383034795,"Parliamentary",6,0.64429355,0.47353181,67.270004,"CDU/CSU",41.540001,"SPD",25.73,NA,0,0.50393701,17.040001,"Left",8.5900002,"Alliance90/Greens",8.4499998,NA,0,"CDU",NA,0,0,0.036369,0.076992,-0.041472,0.616581,79.9,100,0.049,0.058,0.785,0.008663,0.050129,-0.410498,20.1,"high edi","Liberal democracy",0.0426845,0.067496,0.371764,0.036369,0.076992,-0.041472
"12146","GTM 1990","Guatemala 1990","Guatemala",1990,-2.056,0.068,0.068,0.878,0.878,0.878,1.012,1.012,1.012,1.089,1.089,1.089,0.624,0.624,0.624,0.8,0.8,0.8,0.518,1.593,0.369,1,10.675,17,2,2.36790455911469,"Latin Am.",0,0.452278505,0.2873,0.2914,0.2929,0.2943,0.2845,0.2807,0.4309,0.4297,0.4287,0.4278,0.4321,0.4334,1,"democracy",1,0,3,5,1.6094379124341,"Presidential",2,0.68010098,0,38.700001,"PDCG",38.700001,NA,0,NA,0,0.73767006,59.5,"UCN",20.200001,"PR/PDCN",13.8,"MLN",6.3000002,"PDCG",68,0,0,0.040542,0.142829,-0.093195,0.007456,23.3,98.1,0.174,0.613,-0.032,0.27251,0.175672,0.492288,59.3,"low edi","Autocratic",0.107271,0.3779145,-0.0625975,0.107271,0.3779145,-0.0625975
"12150","GTM 1994","Guatemala 1994","Guatemala",1994,-0.054,-0.054,-0.054,0.813,0.813,0.878,1.012,1.012,1.012,1.089,1.089,1.089,0.665,0.665,0.624,0.8,0.8,0.8,0.623,1.334,0.402,1,11.479,17,2,2.44051927908336,"Latin Am.",0,0.237839607,0.301,0.3138,0.3363,0.3524,0.2943,0.2929,0.427,0.4265,0.4263,0.426,0.4278,0.4287,1,"democracy",1,0,3,9,2.19722457733622,"Assembly-Elected President",3,0.72183543,0.39024389,0,"FRG",NA,"UCN",NA,"MLN",NA,0.49644381,0,"PAN",NA,"PDCG",NA,"UD",NA,"independent",NA,0,0,0.336359,0.22049,-0.193476,0.889818,50.1,95.2,NA,NA,NA,0.12513,0.123808,0.494162,45.1,"low edi","Autocratic",NA,NA,NA,0.336359,0.22049,-0.193476
"12151","GTM 1995","Guatemala 1995","Guatemala",1995,-0.054,-0.054,-0.054,0.813,0.813,0.813,1.012,1.012,1.012,1.089,1.089,1.089,0.606,0.665,0.665,0.8,0.8,0.8,0.623,1.334,0.414,1,11.711,17,2,2.46052857106,"Latin Am.",0,0.237839607,0.3138,0.3363,0.3524,0.3566,0.301,0.2943,0.4265,0.4263,0.426,0.4257,0.427,0.4278,1,"democracy",1,0,3,10,2.30258509299405,"Presidential",2,0.6316455,0,34.299999,"PAN",34.299999,NA,0,NA,0,0.6081081,29.1,"FRG",20,"AN",NA,"FDNG",9.1000004,"PAN",NA,0,1,0.180768,0.045192,0.27741,0.88232,53.8,93.9,0.336,0.084,1.64,0.224597,0.186912,0.398423,33.8,"low edi","Autocratic",0.258384,0.064596,0.958705,0.258384,0.064596,0.958705
"12155","GTM 1999","Guatemala 1999","Guatemala",1999,-0.054,-0.054,-0.054,0.813,0.813,0.813,1.012,1.012,1.012,1.089,1.089,1.089,0.62,0.62,0.609,0.8,0.8,0.8,0.582,-1.344,0.493,1,12.523,17,2,2.5275669535819,"Latin Am.",0,0.426603608,0.3569,0.3604,0.3637,0.3691,0.3566,0.3524,0.4251,0.4249,0.4247,0.4248,0.4257,0.426,1,"democracy",1,0,3,14,2.63905732961526,"Presidential",2,0.58012009,0,0,"FRG",NA,NA,0,NA,0,0.42530614,0,"PAN",NA,"AN",NA,"PDCG",NA,"FRG",68.300003,0,1,0.44082,0.33759,-0.312745,0.578646,55.8,99.2,0.79,0.605,1.037,0.170216,0.10804,0.297972,42.5,"low edi","Autocratic",0.61541,0.471295,0.3621275,0.61541,0.471295,0.3621275
"12159","GTM 2003","Guatemala 2003","Guatemala",2003,-0.054,-0.054,-0.054,0.813,0.813,0.813,1.012,1.012,1.012,1.089,1.089,1.089,0.62,0.62,0.62,0.8,0.8,0.8,0.686,1.411,0.548,2,13.059,17,2,2.56947755123827,"Latin Am.",0.39,0.386871429,0.3728,0.3778,0.379,0.374,0.3691,0.3637,0.4249,0.4251,0.4253,0.4257,0.4248,0.4247,1,"democracy",1,0,3,18,2.89037175789616,"Presidential",3,0.78048331,0.61624235,52.43,"GANA",24.49,"UNE",17.6,"PAN",10.34,0.4922787,28.07,"FRG",19.43,"PU",5.73,"AN",2.9100001,"GANA",54.099998,0,0,0.210623,0.214914,-0.18666,0.675493,60.8,96.2,0.301,0.17,1.041,0.220502,0.195492,0.602026,35.4,"low edi","Electoral democracy",0.2558115,0.192457,0.42717,0.2558115,0.192457,0.42717
"12163","GTM 2007","Guatemala 2007","Guatemala",2007,-0.054,-0.054,-0.054,0.813,0.813,0.813,1.012,1.012,1.012,1.089,1.089,1.089,0.62,0.62,0.62,0.8,0.8,0.8,0.756,1.041,0.568,2,14.077,17,2,2.64454225984583,"Latin Am.",0.53,0.525329283,0.3713,0.3708,0.3743,0.3773,0.374,0.379,0.4263,0.4271,0.4284,0.4299,0.4257,0.4253,1,"democracy",1,0,3,22,3.09104245335832,"Presidential",3,0.80510092,0.49247605,39.380001,"UNE",22.84,"GANA",16.540001,NA,0,0.77999479,56.099998,"PP",15.66,"FRG",9.71,"PU",6.0999999,"UNE",52.810001,0,0,0.215681,0.280092,-0.463806,0.54463,55.7,93.1,0.391,0.744,-0.932,0.222722,0.086922,0.718618,31.7,"low edi","Electoral democracy",0.3033405,0.512046,-0.697903,0.3033405,0.512046,-0.697903
"12167","GTM 2011","Guatemala 2011","Guatemala",2011,-0.584,-0.057,-0.318,0.813,0.813,0.813,1.198,1.012,1.012,1.35,1.089,1.089,0.699,0.609,0.609,1.52,0.858,0.858,0.725,0.964,0.583,2,14.801,17,2,2.69469474605505,"Latin Am.",0.53,0.533553511,0.3734,0.3711,0.3632,0.3577,0.3773,0.3743,0.4309,0.4319,0.433,0.4338,0.4299,0.4284,1,"democracy",1,0,3,26,3.25809653802148,"Presidential",4,0.76712632,0.17768377,34.209999,"PP",26.370001,"VIVA-EG",7.8400002,NA,0,0.70760238,62.439999,"UNE-GANA",22.24,"UCN",9.4799995,"LIDER",8.6599998,"PP",53.740002,0,0,0.281754,0.07833,-0.306259,0.900822,39.2,95,0.765,0.191,2.479,0.271027,0.262203,0.050333,48.2,"low edi","Electoral democracy",0.523377,0.134665,1.0863705,0.523377,0.134665,1.0863705
"12580","IRL 1977","Ireland 1977","Ireland",1977,1.251,1.251,1.251,2.856,2.856,2.856,2.782,2.782,2.782,1.8,1.8,0.256,0.973,0.973,0.973,2.366,2.366,2.366,0.748,0.599,0.831,3,29.997,2,5,3.40109737666182,"W. Europe, N. Am.",0.41,0.410989209,0.8615,0.8657,0.8714,0.8781,0.8584,0.8549,0.8506,0.846,0.8408,0.8351,0.8549,0.8586,1,"democracy",1,0,0,56,4.02535169073515,"Parliamentary",4,0.56050897,0,49.790001,"Fianna Fail",49.790001,NA,0,NA,0,0.41299435,41.41,"Fine Gael",29.98,"Labour",11.43,NA,0,"Fianna Fail",NA,0,0,0.026696,0.13348,-1.086957,0.013064,56.8,97.4,0.047,0.235,0.023,0.016937,0.068583,-0.00370899999999996,40.6,"high edi","Liberal democracy",0.036848,0.18424,-0.5319785,0.026696,0.13348,-1.086957
"12584","IRL 1981","Ireland 1981","Ireland",1981,1.251,1.251,1.251,2.087,2.087,2.087,2.782,2.782,2.782,1.8,1.8,1.8,0.947,0.945,0.964,2.366,2.366,2.366,0.748,0.653,0.837,3,33.936,2,5,3.52447639782233,"W. Europe, N. Am.",0.39,0.389000267,0.8843,0.8892,0.893,0.896,0.8781,0.8714,0.8285,0.8226,0.818,0.8142,0.8351,0.8408,1,"democracy",1,0,0,60,4.0943445622221,"Parliamentary",6,0.58171409,0.30854431,46.349998,"Fine Gael",36.459999,"Labour",9.8900003,NA,0,0,45.259998,"Fianna Fail",45.259998,NA,0,NA,0,"Fine Gael",NA,0,0,0.020154,0.066486,-0.093094,0.114722,48.2,95.2,0.042,0.078,-0.061,0.02444,0.11045,0.0893,47,"high edi","Liberal democracy",0.031077,0.072243,-0.077047,0.020154,0.066486,-0.093094
"12585","IRL 1982","Ireland 1982","Ireland",1982,1.251,1.251,1.251,2.087,2.087,2.087,2.782,2.782,2.782,1.8,1.8,1.8,0.947,0.947,0.945,2.366,2.366,2.366,0.748,1.096,0.838,3,34.436,2,5,3.53910252879571,"W. Europe, N. Am.",0.41,0.413602278,0.8892,0.893,0.896,0.8996,0.8843,0.8781,0.8226,0.818,0.8142,0.8112,0.8285,0.8351,1,"democracy",1,0,0,61,4.11087386417331,"Parliamentary",6,0.61219424,0.30642954,48.580002,"Fine Gael",39.220001,"Labour",9.3599997,NA,0,0.12151898,51.400002,"Fianna Fail",45.200001,"Worker's Party",3.25,"independent",2.51,"Fine Gael",NA,0,0,0.023348,0.065886,0.14605,0.122606,51.8,97,0.046,0.069,-0.061,0.023052,0.10622,0.08588,45.2,"high edi","Liberal democracy",0.034674,0.067443,0.042525,0.023348,0.065886,0.14605
"12590","IRL 1987","Ireland 1987","Ireland",1987,1.251,1.251,1.251,2.087,2.087,2.087,2.782,2.782,2.782,1.8,1.8,1.8,0.947,0.947,0.947,2.366,2.366,2.366,0.789,1.088,0.849,3,38.972,2,5,3.6628434395631,"W. Europe, N. Am.",0.41,0.408003848,0.9137,0.9223,0.9307,0.9382,0.9052,0.8996,0.8097,0.8099,0.8099,0.8103,0.8097,0.8112,1,"democracy",1,0,0,66,4.18965474202643,"Parliamentary",5,0.65797734,0,44.150002,"Fianna Fail",44.150002,NA,0,NA,0,0.59551823,55.849998,"Fine Gael",27.07,"PDP",11.85,"Labour",6.4499998,"Fianna Fail",NA,0,0,0.028304,0.11468,-0.372243,0.09272,48.8,95.1,0.058,0.235,0.19,0.017226,0.068837,-0.016531,46.3,"high edi","Liberal democracy",0.043152,0.17484,-0.0911215,0.028304,0.11468,-0.372243
"12592","IRL 1989","Ireland 1989","Ireland",1989,1.251,1.251,1.251,2.087,2.087,2.087,2.782,2.782,2.782,1.8,1.8,1.8,0.952,0.944,0.947,2.421,1.957,2.366,0.789,0.63,0.849,3,43.546,2,5,3.77381785063013,"W. Europe, N. Am.",0.44,0.438673509,0.9307,0.9382,0.9453,0.9521,0.9223,0.9137,0.8099,0.8103,0.8108,0.8116,0.8099,0.8097,1,"democracy",1,0,0,68,4.21950770517611,"Parliamentary",6,0.66717786,0.13576256,48.700001,"Fianna Fail",43.700001,"PDP",5,NA,0,0.524831,51.400002,"Fine Gael",29.6,"Labour",8,"Worker's Party",5.5999999,"Fianna Fail",NA,0,0,0.021344,0.10904,0.273465,0.08816,46.4,96.3,0.046,0.235,0.19,0.016692,0.067715,-0.111001,42.1,"high edi","Liberal democracy",0.033672,0.17202,0.2317325,0.021344,0.10904,0.273465
"12595","IRL 1992","Ireland 1992","Ireland",1992,1.251,1.251,1.251,2.087,2.087,2.087,2.782,2.782,2.782,1.8,1.8,1.8,0.952,0.952,0.952,2.421,2.421,2.421,0.827,0.459,0.872,3,49.922,2,5,3.91046178736119,"W. Europe, N. Am.",0.44,0.442101434,0.9521,0.9588,0.9653,0.9702,0.9453,0.9382,0.8116,0.8126,0.8155,0.8183,0.8108,0.8103,1,"democracy",1,0,0,71,4.26267987704132,"Parliamentary",5,0.71865648,0.44435644,58.419998,"Fianna Fail",39.110001,"Labour",19.309999,NA,0,0.4966346,41.579998,"Fine Gael",24.469999,"PDP",4.6799998,"DLP",2.78,"Fianna Fail",NA,0,0,0.024209,0.171373,-0.010388,0.243468,60.9,88,0.044,0.235,0.19,0.011382,0.019512,0.0542,27.1,"high edi","Liberal democracy",0.0341045,0.2031865,0.089806,0.024209,0.171373,-0.010388
"12600","IRL 1997","Ireland 1997","Ireland",1997,1.251,1.251,1.251,2.087,2.087,2.087,2.782,2.782,2.782,1.8,1.8,1.8,0.952,0.952,0.952,2.421,2.421,2.421,0.864,-0.38,0.88,3,69.68,2,5,4.24391333254425,"W. Europe, N. Am.",0.48,0.479274297,0.974,0.9754,0.9763,0.9773,0.9722,0.9702,0.8193,0.8195,0.8201,0.821,0.8191,0.8183,1,"democracy",1,0,0,76,4.33073334028633,"Parliamentary",6,0.67104787,0.095061727,44.010002,"Fianna Fail",39.330002,"PDP",4.6799998,NA,0,0.43315315,40.860001,"Fine Gael",27.950001,"Labour",10.4,"DLP",2.51,"Fianna Fail",NA,0,0,0.020416,0.106256,0.367616,0.08816,46.4,89.1,0.044,0.229,0.19,0.016812,0.061854,-0.038428,42.7,"high edi","Liberal democracy",0.032208,0.167628,0.278808,0.020416,0.106256,0.367616
"12605","IRL 2002","Ireland 2002","Ireland",2002,1.251,1.251,1.251,2.087,2.087,2.087,2.782,2.782,2.782,1.8,1.8,1.8,0.952,0.952,0.952,2.421,2.421,2.421,0.864,-0.38,0.887,3,99.284,2,5,4.59798443017337,"W. Europe, N. Am.",0.45,0.446852085,0.9781,0.9786,0.9786,0.9777,0.978,0.9773,0.8218,0.822,0.8222,0.8219,0.8214,0.821,1,"democracy",1,0,0,81,4.39444915467244,"Parliamentary",6,0.71025914,0.16547498,45.5,"Fianna Fail",41.5,"PDP",4,NA,0,0.64157706,43.599998,"Fine Gael",22.5,"Labour",10.8,"Green",3.8,"Fianna Fail",NA,0,0,0.021472,0.089792,0.854224,0.183488,48.8,90.4,0.044,0.184,0.376,0.011791,0.062839,-0.091378,31.4,"high edi","Liberal democracy",0.032736,0.136896,0.615112,0.021472,0.089792,0.854224
"12610","IRL 2007","Ireland 2007","Ireland",2007,1.251,1.251,1.251,2.087,2.087,2.087,2.782,2.782,2.782,1.8,1.8,1.8,0.952,0.952,0.952,2.421,2.421,2.421,0.864,-0.38,0.896,3,113.463,2,5,4.73147679258535,"W. Europe, N. Am.",0.47,0.467675514,0.9757,0.9745,0.9745,0.9736,0.9764,0.9777,0.8198,0.8196,0.8201,0.8208,0.8207,0.8219,1,"democracy",1,0,0,86,4.45434729625351,"Parliamentary",5,0.67214316,0.17400821,48.980003,"Fianna Fail",41.560001,"Green",4.6900001,"PD",2.73,0.53449368,51.02,"Fine Gael",27.32,"Labour",10.13,"Sinn Fein",6.9400001,"Fianna Fail",NA,0,0,0.020548,0.110679,-0.352912,0.175592,46.7,92.1,0.044,0.237,0.376,0.021721,0.099791,-0.107334,45.4,"high edi","Liberal democracy",0.032274,0.1738395,0.011544,0.020548,0.110679,-0.352912
"12614","IRL 2011","Ireland 2011","Ireland",2011,1.251,1.251,1.251,2.087,2.087,2.087,2.782,2.782,2.782,1.8,1.8,1.8,0.952,0.952,0.952,2.421,2.421,2.421,0.864,-0.38,0.897,3,105.286,2,5,4.65668045683455,"W. Europe, N. Am.",0.44,0.441789758,0.9729,0.9708,0.9691,0.9666,0.9736,0.9745,0.8218,0.8237,0.8262,0.8278,0.8208,0.8201,1,"democracy",1,0,0,90,4.49980967033027,"Parliamentary",6,0.72259945,0.4443742,55.549999,"Fine Gael",36.099998,"Labour",19.450001,NA,0,0.59743953,29.550001,"Fianna Fail",17.450001,"Sinn Fein",9.9399996,"Socialist",1.21,"Fine Gael",NA,0,0,0.044827,0.135158,-0.29249,0.414763,68.5,97,0.071,0.11,0.407,0.025785,0.106425,-0.18504,20,"high edi","Liberal democracy",0.0579135,0.122579,0.057255,0.044827,0.135158,-0.29249
"12743","ITA 1976","Italy 1976","Italy",1976,1.499,1.499,1.499,1.204,1.204,1.204,0.797,0.797,0.797,0.799,0.799,0.799,0.837,0.837,0.837,1.05,1.05,1.05,0.903,0.745,0.764,3,41.197,3,5,3.71836543817032,"W. Europe, N. Am.",0.57,0.480790519,0.8888,0.9084,0.922,0.9341,0.8738,0.8593,0.5816,0.5993,0.6149,0.6314,0.5689,0.5602,1,"democracy",1,0,1,31,3.43398720448515,"Parliamentary",4,0.68376976,0,38.700001,"DC",38.700001,NA,0,NA,0,0.58006454,61.300003,"Communist",34.400002,"Socialists",9.6000004,"MSI",6.0999999,"DC",NA,0,0,0.136032,0.029952,0.428358,0.188864,41.6,92.4,0.327,0.072,0.454,0.13555,0.133328,-0.948216,50.8,"high edi","Liberal democracy",0.231516,0.050976,0.441179,0.136032,0.029952,0.428358
"12746","ITA 1979","Italy 1979","Italy",1979,1.296,1.296,1.499,1.204,1.204,1.204,0.797,0.797,0.797,1.854,1.854,0.799,0.837,0.837,0.837,1.05,1.05,1.05,0.903,0.745,0.767,3,46.282,3,5,3.83475311660348,"W. Europe, N. Am.",0.54,0.456428806,0.9341,0.9425,0.9465,0.9486,0.922,0.9084,0.6314,0.6518,0.6703,0.6815,0.6149,0.5993,1,"democracy",1,0,1,34,3.52636052461616,"Parliamentary",7,0.71836054,0.18433464,44,"DC",38.299999,"Social Dem.",3.8,"Liberals",1.9,0.62078273,56,"Communist",30.4,"Socialists",9.8000002,"MSI",5.9000001,"DC",NA,0,0,0.130624,0.029952,-0.348687,0.188864,41.6,88.1,0.314,0.072,0.454,0.118144,0.120265,-0.82646,46.5,"high edi","Liberal democracy",0.222312,0.050976,0.0526565,0.130624,0.029952,-0.348687
"12750","ITA 1983","Italy 1983","Italy",1983,1.296,1.296,1.296,1.204,1.204,1.204,0.797,0.797,0.797,1.854,1.854,1.854,0.837,0.837,0.837,1.05,1.05,1.05,0.903,0.745,0.81,3,49.702,3,5,3.90604517374161,"W. Europe, N. Am.",0.56,0.474440995,0.9509,0.9507,0.9504,0.9499,0.9486,0.9465,0.6903,0.6982,0.7039,0.7062,0.6815,0.6703,1,"democracy",1,0,1,38,3.63758615972639,"Parliamentary",4,0.75255066,0.57190287,56.400002,"DC",32.900002,"Socialists",11.4,"PRI",5.0999999,0.4114061,43.200001,"Communist",29.9,"MSI",6.8000002,"Radicals",2.2,"Socialists",NA,0,0,0.157117,0.04122,-0.369462,0.23668,51.9,90,0.363,0.106,-0.473,0.128467,0.11872,-0.667202,38.1,"high edi","Liberal democracy",0.2600585,0.07361,-0.421231,0.157117,0.04122,-0.369462
"12754","ITA 1987","Italy 1987","Italy",1987,1.296,1.296,1.296,1.204,1.204,1.204,0.797,0.797,0.797,1.854,1.854,1.854,0.837,0.837,0.837,1.05,1.05,1.05,0.903,0.745,0.824,3,55.737,3,5,4.02064419929214,"W. Europe, N. Am.",0.59,0.502172534,0.9489,0.9461,0.9439,0.9384,0.9499,0.9504,0.7077,0.7069,0.7041,0.6995,0.7062,0.7039,1,"democracy",1,0,1,42,3.73766961828337,"Parliamentary",5,0.76389319,0.44691139,50.700001,"DC",34.299999,"Socialists",14.3,"PLI",2.0999999,0.63161981,49.299999,"Communist",26.6,"MSI",5.9000001,"PRI",3.7,"DC",NA,0,0,0.171174,0.042059,-0.428451,0.238911,52,85.7,0.316,0.072,0.454,0.11155,0.104145,-0.605118,33.7,"high edi","Liberal democracy",0.243587,0.0570295,0.0127745,0.171174,0.042059,-0.428451
"12759","ITA 1992","Italy 1992","Italy",1992,-1.16,1.206,1.206,1.204,1.204,1.204,0.797,0.797,0.797,1.854,1.854,1.854,0.841,0.856,0.856,1.356,1.356,1.356,0.917,0.745,0.836,3,63.338,3,5,4.14848546498835,"W. Europe, N. Am.",0.62,0.548258063,0.9254,0.9243,0.9166,0.9087,0.9283,0.9384,0.6917,0.6947,0.6893,0.6861,0.6924,0.6995,1,"democracy",1,0,1,47,3.85014760171006,"Parliamentary",4,0.7593236,0.50422281,48,"DC",29.6,"Socialists",13.6,"PSDI",2.7,0.55694705,35.900002,"PDS",16.1,"MSI",5.3000002,"PRI",4.4000001,"Socialists",NA,0,0,0.162444,0.038582,0.249073,0.176928,47.3,84,0.378,0.103,-0.195,0.06024,0.0565,-0.20046,22.4,"high edi","Liberal democracy",0.270222,0.070791,0.0270365,0.162444,0.038582,0.249073
"12761","ITA 1994","Italy 1994","Italy",1994,0.886,-0.009,-1.16,1.204,1.204,1.204,0.797,0.797,0.797,1.854,1.854,1.854,0.859,0.859,0.841,1.356,1.356,1.356,0.927,0.236,0.836,3,64.827,3,5,4.17172218324345,"W. Europe, N. Am.",0.65,0.548258063,0.9166,0.9087,0.8999,0.8955,0.9243,0.9254,0.6893,0.6861,0.6813,0.6798,0.6947,0.6917,1,"democracy",1,0,1,49,3.89182029811063,"Parliamentary",3,0.54368609,0,46.400002,"Freedom Alliance",46.400002,NA,0,NA,0,0.31971568,57.100002,"Progressive All.",34.400002,"Pact of Italy",19.200001,NA,0,"Freedom Alliance",NA,0,1,0.365052,0.316257,0.02449,1.281741,58.1,90,0.4692,0.4356,1.8886,0.013467,0.030355,-0.211487,13.8,"high edi","Liberal democracy",0.417126,0.3759285,0.956545,0.365052,0.316257,0.02449
"12763","ITA 1996","Italy 1996","Italy",1996,0.695,0.695,0.886,1.204,1.204,1.204,0.797,0.797,0.797,1.854,1.854,1.854,0.859,0.859,0.859,1.356,1.356,1.356,0.927,-0.039,0.839,3,67.657,3,5,4.21445082302577,"W. Europe, N. Am.",0.51,0.362454508,0.8999,0.8955,0.895,0.8843,0.9087,0.9166,0.6813,0.6798,0.6817,0.6758,0.6861,0.6893,1,"democracy",1,0,1,51,3.93182563272433,"Parliamentary",4,NA,0,42.700001,"Ulivo Alliance",42.700001,NA,0,NA,0,NA,57.299999,"Polo per le Liberta",40.299999,"LN",9.8999996,"RC",2.7,"Ulivo Alliance",NA,0,1,0.033134,0.038158,-0.329511,0.614785,44.6,98.7,0.0625,0.10175,-0.88825,0.30199,0.252839,0.83999,54.1,"high edi","Liberal democracy",0.047817,0.069954,-0.6088805,0.033134,0.038158,-0.329511
"12768","ITA 2001","Italy 2001","Italy",2001,-1.53,-1.53,-0.798,1.204,1.204,1.204,0.797,0.797,0.797,1.854,1.854,1.854,0.867,0.859,0.846,1.626,1.626,1.356,0.927,-0.039,0.834,3,75.053,3,5,4.31819453063166,"W. Europe, N. Am.",0.59,0.56797786,0.8198,0.7826,0.747,0.7211,0.8553,0.8843,0.6419,0.6214,0.5998,0.5858,0.661,0.6758,1,"democracy",1,0,1,56,4.02535169073515,"Parliamentary",3,0.5116663,0,49.57,"Casa delle Liberta",49.57,NA,0,NA,0,0.14515515,44.139999,"L'Ulivo",34.919998,"Rifondazione Communista",5.04,"L'Ulivo-SVP",2.0899999,"Casa delle Liberta",NA,0,1,0.377304,0.25995,0.396762,1.007569,57.6,96.8,0.57175,0.40825,1.85925,0.025428,0.042294,-0.234495,37.5,"high edi","Liberal democracy",0.474527,0.3341,1.128006,0.377304,0.25995,0.396762
"12773","ITA 2006","Italy 2006","Italy",2006,-1.885,0.558,-1.104,1.204,1.204,1.204,1.558,1.558,1.558,1.854,1.854,1.854,0.855,0.873,0.878,1.363,1.363,1.626,0.944,-0.039,0.855,3,78.96,3,5,4.36894139512523,"W. Europe, N. Am.",0.42,0.340850569,0.6823,0.67,0.6632,0.6605,0.7004,0.7211,0.5634,0.5572,0.5548,0.5551,0.5737,0.5858,1,"democracy",1,0,1,61,4.11087386417331,"Parliamentary",3,0.49671689,1.110223e-16,49.799999,"L'Unione",49.799999,NA,0,NA,0,0,49.700001,"Casa delle Liberta",49.700001,NA,0,NA,0,"L'Unione",NA,0,0,0.042161,0.073966,-0.274219,0.727617,52.9,96.7,0.1095,0.253666666666667,-1.46666666666667,0.276685,0.17006,0.753467,43.8,"high edi","Liberal democracy",0.0758305,0.163816333333333,-0.870442833333333,0.042161,0.073966,-0.274219
"12775","ITA 2008","Italy 2008","Italy",2008,-1.777,-1.885,-1.885,1.204,1.204,1.204,1.558,1.558,1.558,1.854,1.854,1.854,0.875,0.867,0.855,1.64,1.64,1.363,0.922,-0.039,0.857,3,79.068,3,5,4.37030824171968,"W. Europe, N. Am.",0.66,0.53033161,0.6632,0.6605,0.6623,0.6717,0.67,0.6823,0.5548,0.5551,0.5604,0.5715,0.5572,0.5634,1,"democracy",1,0,1,63,4.14313472639153,"Parliamentary",4,0.67814875,0.3262594,0,"PdL",NA,"LN",NA,"MPA",NA,0.20882694,0,"PD",NA,"IdV",NA,NA,0,"PdL",NA,0,0,0.330984,0.268502,-0.134287,0.9222,53.3,99.3,0.593,0.469,1.555,0.027856,0.056494,-0.260106,39,"high edi","Liberal democracy",0.461992,0.368751,0.7103565,0.330984,0.268502,-0.134287
"12780","ITA 2013","Italy 2013","Italy",2013,0.536,0.536,0.787,1.352,1.352,1.352,1.157,1.157,1.157,1.854,1.854,1.854,0.87,0.87,0.87,1.391,1.391,1.391,0.948,0.15,0.864,3,73.637,3,5,4.29914761680608,"W. Europe, N. Am.",0.52,0.450604203,0.6805,0.6825,0.6843,NA,0.6797,0.6717,0.6091,0.6225,0.6285,NA,0.5879,0.5715,1,"democracy",1,0,1,68,4.21950770517611,"Parliamentary",4,0.7296406,0.24760701,0,"PD",NA,"SEL",NA,"CD",0,0.77325881,0,"PdL",NA,"LN",NA,"FdI-CN",NA,"PD",NA,0,0,0.033392,0.063728,-0.083592,0.54391,53,97.7,0.061,0.11,-0.837,0.116549,0.077715,0.317898,18.5,"high edi","Liberal democracy",0.047196,0.086864,-0.460296,0.033392,0.063728,-0.083592
"12918","LVA 1993","Latvia 1993","Latvia",1993,0.599,0.688,0.688,1.306,1.306,1.306,0.889,0.889,0.381,0.666,0.666,0.666,0.867,0.866,0.866,1.574,1.368,1.368,0.775,0.285,0.744,2,21.679,2,1,3.07634405004638,"E. Europe",0,0,0.649,0.6407,0.6329,0.6286,0.6559,0.6581,0.6889,0.6821,0.6863,0.7171,0.6993,0.6902,1,"democracy",1,1,1,1,0,"Parliamentary",5,0.81016839,0.38297874,43.02,"LC",32.380001,"LZS",10.64,NA,0,0.8162393,46.240002,"LNNK",13.35,"TSP",11.99,"Equality",5.77,"LC",NA,0,0,0.02208,0.15204,0.687438,0.34656,48,95,0.043,0.296,0.921,0.06035,0.15382,0.08459,28,"high edi","Electoral democracy",0.03254,0.22402,0.804219,0.02208,0.15204,0.687438
"12920","LVA 1995","Latvia 1995","Latvia",1995,0.716,0.716,0.599,2.651,2.651,1.306,0.889,0.889,0.889,0.666,0.666,0.666,0.922,0.922,0.867,1.911,1.911,1.574,0.744,0.285,0.8,2,20.688,2,1,3.0295538220295,"E. Europe",0.54,0.540094343,0.6329,0.6286,0.625,0.6231,0.6407,0.649,0.6863,0.7171,0.7354,0.7466,0.6821,0.6889,1,"democracy",1,0,1,3,1.09861228866811,"Parliamentary",2,0.87696975,0.8234399,61.099998,"DPS",15.3,"LC",14.7,"UFF",11.6,0.58689457,26.4,"PML",15.1,"NHP",5.5999999,"LSP",5.6999998,"independent",NA,0,0,0.08251,0.19448,0.624312,0.41747,49,100,NA,NA,NA,0.12987,0.31989,-0.19545,51,"high edi","Electoral democracy",NA,NA,NA,0.08251,0.19448,0.624312
"12923","LVA 1998","Latvia 1998","Latvia",1998,1.462,1.218,1.453,2.651,2.651,2.651,1.016,1.016,1.016,1.139,1.139,1.139,0.922,0.922,0.922,1.911,1.911,1.911,0.739,0.285,0.813,2,24.083,2,1,3.1815061973982,"E. Europe",0.58,0.584675697,0.6231,0.6221,0.6215,0.6221,0.625,0.6286,0.7466,0.7527,0.7528,0.7518,0.7354,0.7171,1,"democracy",1,0,1,6,1.79175946922805,"Parliamentary",5,0.82606059,0.49756098,35.84,"TP",21.190001,"TB/LNNK",14.65,NA,0,0.73758036,52.290001,"LC",18.049999,"TSP",14.12,"LSP",12.81,"TB/LNNK",NA,1,0,0.04774,0.12616,0.44639,0.37446,41,100,0.062,0.344,1.11,0.05323,0.26698,-0.31901,51,"high edi","Electoral democracy",0.05487,0.23508,0.778195,0.04774,0.12616,0.44639
"12927","LVA 2002","Latvia 2002","Latvia",2002,1.462,1.462,1.462,2.651,2.651,2.651,1.016,1.016,1.016,1.139,1.139,1.139,0.922,0.922,0.922,1.911,1.911,1.911,0.788,0.285,0.813,2,30.677,2,1,3.42351318814557,"E. Europe",0.55,0.550734606,0.6239,0.6251,0.6281,0.6326,0.6221,0.6215,0.7554,0.756,0.7614,0.7731,0.7518,0.7528,1,"democracy",1,0,1,10,2.30258509299405,"Parliamentary",5,0.80868685,0.72519755,59.579998,"JL",23.98,"TP",16.629999,"ZZS",9.4300003,0.35282257,24.400002,"LSP-NHP",19.030001,"LNNK",5.3699999,NA,0,"ZZS",NA,0,0,0.05994,0.21452,0.134072,0.66362,58,100,0.103,0.283,0.117,0.07697,0.21118,-0.29344,32,"high edi","Electoral democracy",0.08147,0.24876,0.125536,0.05994,0.21452,0.134072
"12931","LVA 2006","Latvia 2006","Latvia",2006,1.34,1.074,1.205,2.651,2.651,2.651,1.11,1.016,1.016,1.396,1.139,1.139,0.932,0.922,0.922,1.911,1.911,1.911,0.758,0.285,0.811,2,43.132,2,1,3.76426518101983,"E. Europe",0.54,0.539690283,0.6383,0.6433,0.6486,0.6546,0.6326,0.6281,0.7879,0.8047,0.8264,0.8598,0.7731,0.7614,1,"democracy",1,0,1,14,2.63905732961526,"Parliamentary",5,0.84181821,0.72004676,51.77,"TP",19.549999,"ZZS",16.700001,"LPP-LC",8.5799999,0.62926829,36.810001,"JL",16.370001,"SC",14.42,"PCTVL",6.02,"TP",NA,0,0,0.0486,0.15085,0.050333,0.30078,51,100,0.112,0.317,0.774,0.06525,0.23395,0.25604,49,"high edi","Electoral democracy",0.0803,0.233925,0.4121665,0.0486,0.15085,0.050333
"12935","LVA 2010","Latvia 2010","Latvia",2010,1.459,1.459,1.266,2.532,2.532,2.532,1.183,1.11,1.11,1.396,1.396,1.396,0.938,0.934,0.934,2.009,2.009,2.009,0.783,0.285,0.796,3,43.733,2,1,3.77810296586161,"E. Europe",0.56,0.561240182,0.6625,0.6685,0.6762,0.6815,0.6546,0.6486,0.8913,0.9132,0.9304,0.9398,0.8598,0.8264,1,"democracy",1,0,1,18,2.89037175789616,"Parliamentary",4,0.75333333,0.59703022,0,"UNITY",NA,"ZZS",NA,"TB/LNNK",NA,0.34834835,0,"SC",NA,"LPP-LC",NA,NA,NA,"JL",NA,0,0,0.04594,0.07842,-0.662987,0.13838,30,99,NA,NA,NA,0.05515,0.20823,-0.23573,32,"high edi","Liberal democracy",NA,NA,NA,0.04594,0.07842,-0.662987
"12936","LVA 2011","Latvia 2011","Latvia",2011,1.867,1.459,1.459,2.532,2.532,2.532,1.183,1.183,1.11,1.718,1.396,1.396,0.957,0.938,0.934,2.809,2.009,2.009,0.783,0.285,0.82,3,45.52,2,1,3.81815178981808,"E. Europe",0.5,0.502247333,0.6685,0.6762,0.6815,0.6855,0.6625,0.6546,0.9132,0.9304,0.9398,0.9411,0.8913,0.8598,1,"democracy",1,0,1,19,2.94443897916644,"Parliamentary",5,0.78686869,0.66753244,53.029999,"ZRP",20.82,"Unity",18.33,"NA-VL-TB/LNNK",13.88,0.42600423,40.580002,"SC",28.360001,"ZZS",12.22,NA,0,"Unity",NA,0,0,0.0621,0.17764,-0.360368,0.624,56,100,0.086,0.1,1.307,0.07374,0.23466,-0.25945,44,"high edi","Liberal democracy",0.07405,0.13882,0.473316,0.0621,0.17764,-0.360368
"12939","LVA 2014","Latvia 2014","Latvia",2014,1.867,1.867,1.867,2.532,2.532,2.532,1.183,1.183,1.183,1.718,1.718,1.718,0.954,0.954,0.954,2.809,2.809,2.809,0.821,0.285,0.837,3,50.785,2,1,3.92760103539146,"E. Europe",0.52,0.524605354,0.6855,0.6883,NA,NA,0.6815,0.6762,0.9411,0.9376,NA,NA,0.9398,0.9304,1,"democracy",1,0,1,22,3.09104245335832,"Parliamentary",5,0.81333333,0.67267758,58.010002,"UNITY",21.870001,"ZZS",19.530001,"NA-VL-TB/LNNK",16.610001,0.56140351,36.509998,"SC",23,"LRA",6.6599998,"NSL",6.8499999,"Unity",NA,0,0,0.05418,0.09296,-2.734,0.51099,61,100,NA,NA,NA,0.06333,0.26871,-0.17333,39,"high edi","Liberal democracy",NA,NA,NA,0.05418,0.09296,-2.734
"13052","LSO 2002","Lesotho 2002","Lesotho",2002,-0.657,-0.657,-0.657,1.18,1.18,1.18,1.052,1.052,1.052,0.028,0.028,0.028,0.731,0.731,0.731,0.986,0.986,0.986,0.586,1.557,0.501,2,4.994,9,4,1.60823719185758,"Sub-S. Africa",0.02,0.016878481,0.9191,0.922,0.9244,0.9262,0.9061,0.8721,0.7377,0.7455,0.7515,0.7564,0.7284,0.7168,1,"democracy",1,1,0,1,0,"Parliamentary",2,0.54232466,0,54.889999,"LCD",54.889999,NA,0,NA,0,0.71544719,40.189999,"BNP",22.41,"LPC",5.7800002,"NIP",5.4699998,"LCD",NA,0,1,0.447305,0.252711,0.444999,0.622962,65.3,91.5,0.685,0.387,-0.954,0.177742,0.092618,-0.069896,26.2,"low edi","Electoral democracy",0.5661525,0.3198555,-0.2545005,0.447305,0.252711,0.444999
"13057","LSO 2007","Lesotho 2007","Lesotho",2007,-0.657,-0.657,-0.657,1.18,1.18,1.18,1.052,1.052,1.052,0.028,0.028,0.028,0.731,0.731,0.731,0.986,0.986,0.986,0.586,1.557,0.577,2,5.76,9,4,1.7509374747078,"Sub-S. Africa",0.36,0.360730769,0.9015,0.9158,0.9123,0.9062,0.9209,0.9262,0.7619,0.7657,0.7684,0.7717,0.76,0.7564,1,"democracy",1,0,0,6,1.79175946922805,"Parliamentary",3,0.68335807,0,0,"LCD",NA,NA,0,NA,0,0.76216406,0,"NIP",NA,"ABC",NA,"LWP",NA,"LCD",NA,0,1,0.351405,0.198531,0.150079,0.489402,51.3,91.6,0.685,0.387,-0.954,0.274056,0.131402,-0.294295,40.3,"low edi","Electoral democracy",0.5182025,0.2927655,-0.4019605,0.351405,0.198531,0.150079
"13062","LSO 2012","Lesotho 2012","Lesotho",2012,-0.239,-0.239,-0.657,1.18,1.18,1.18,1.181,0.352,1.052,-0.089,-0.089,-0.089,0.798,0.798,0.748,1.136,1.136,0.986,0.713,0.264,0.587,2,6.794,9,4,1.91603986973839,"Sub-S. Africa",0.46,0.458939846,0.8872,0.869,0.8483,0.8271,0.8969,0.9062,0.7806,0.787,0.7919,0.7937,0.7757,0.7717,1,"democracy",1,0,0,11,2.39789527279837,"Parliamentary",4,0.73388481,0,0,"ABC",NA,NA,0,NA,0,0.63419163,0,"DC",NA,"LCD",NA,"BNP",NA,"ABC",NA,0,0,0.17225,0.06175,-0.350525,0.13225,25,90.9,0.689,0.247,-0.529,0.453499,0.249291,-0.599022,65.9,"low edi","Electoral democracy",0.430625,0.154375,-0.4397625,0.17225,0.06175,-0.350525
"13265","LBR 2011","Liberia 2011","Liberia",2011,1.408,1.131,1.131,0.419,0.419,0.419,1.415,1.332,1.332,0.557,1.046,1.046,0.581,0.581,0.596,0.19,0.19,0.19,0.811,-1.561,0.645,2,2.479,6,4,0.907855253053053,"Sub-S. Africa",0.39,0.086762452,0.3772,0.3839,0.3753,0.3676,0.3551,0.3356,0.4492,0.46,0.4667,0.4692,0.4351,0.4241,1,"democracy",1,0,0,6,1.79175946922805,"Presidential",4,0.85643619,0,0,"UP",NA,NA,0,NA,0,0.87014651,0,"CDC",NA,"LP",NA,"NUDP",NA,"UP",90.709999,0,0,0.090804,0.033229,0.222828,0.284585,32.9,84.9,0.276,0.101,-0.865,0.154759,0.162285,0.026933,23.3,"high edi","Electoral democracy",0.183402,0.0671145,-0.321086,0.183402,0.0671145,-0.321086
"13373","MWI 1994","Malawi 1994","Malawi",1994,0.801,0.801,1.07,1.225,1.225,0.079,0.774,0.774,0.774,1.04,1.04,1.04,0.767,0.767,0.59,0.944,0.944,0.838,0.741,1.419,0.456,1,2.193,8,4,0.785270469435751,"Sub-S. Africa",0,0,0.3951,0.4437,0.4589,0.4709,0.3201,0.2602,0.4001,0.425,0.4427,0.4583,0.3755,0.3545,1,"democracy",1,1,0,1,0,"Presidential",4,0.63211823,0,46.439999,"UDF",46.439999,NA,0,NA,0,0.48351648,52.590004,"MCP",33.650002,"Aford",18.940001,NA,0,"UDF",NA,0,1,0.20352,0.1392,-0.061078,0.69792,48,100,0.424,0.29,1.454,0.299114,0.15139,-0.36507,52,"low edi","Autocratic",0.31376,0.2146,0.696461,0.31376,0.2146,0.696461
"13378","MWI 1999","Malawi 1999","Malawi",1999,-1.025,-0.738,0.801,1.225,1.225,1.225,0.288,0.288,1.079,1.04,1.04,1.04,0.767,0.767,0.767,0.944,0.944,0.944,0.827,-1.594,0.507,2,2.405,8,4,0.877549903557724,"Sub-S. Africa",0,0.430898106,0.4861,0.488,0.4853,0.4897,0.4858,0.4709,0.4814,0.4894,0.4955,0.5016,0.472,0.4583,1,"democracy",1,0,0,6,1.79175946922805,"Presidential",4,0.62756324,0,47.279999,"UDF",47.279999,NA,0,NA,0,0.47412905,51.510002,"MCP",33.82,"Aford",10.56,NA,0,"UDF",NA,0,1,0.23859,0.11568,-0.3336,0.700828,48.2,97.4,0.495,0.24,1.454,0.229596,0.147198,-0.343794,49.2,"low edi","Electoral democracy",0.366795,0.17784,0.5602,0.366795,0.17784,0.5602
"13383","MWI 2004","Malawi 2004","Malawi",2004,0.801,1.05,1.05,1.105,1.225,1.225,2.5,2.5,2.5,0.686,1.04,1.04,0.775,0.767,0.767,0.944,0.944,0.944,0.827,1.543,0.458,1,2.402,8,4,0.876301723657792,"Sub-S. Africa",0,0.418178267,0.5295,0.5517,0.5633,0.5725,0.5065,0.4897,0.5146,0.521,0.5249,0.527,0.5082,0.5016,1,"democracy",1,0,0,11,2.39789527279837,"Presidential",4,0.82956761,0,0,"UDF",NA,NA,0,NA,0,0.62864035,0,"MCP",NA,"RP",NA,"NDA",NA,"UDF",NA,0,0,0.126492,0.040132,0.752969,0.369316,25.4,88.1,0.498,0.158,1.454,0.186703,0.130192,-0.341573,42,"low edi","Autocratic",0.312246,0.099066,1.1034845,0.312246,0.099066,1.1034845
"13388","MWI 2009","Malawi 2009","Malawi",2009,0.472,0.692,1.056,1.223,1.223,1.223,2.702,2.702,2.5,0.811,0.811,0.686,0.767,0.763,0.769,0.952,0.967,0.967,0.803,-0.817,0.496,1,2.741,8,4,1.00832281732065,"Sub-S. Africa",0,0.145120957,0.5763,0.5701,0.5556,0.5384,0.5779,0.5725,0.527,0.5225,0.5149,0.5055,0.5277,0.527,1,"democracy",1,0,0,16,2.77258872223978,"Presidential",3,0.63350785,0.24042934,0,"DPP",NA,"UDF",NA,NA,0,0.19310345,0,"MCP",NA,"Aford",NA,"MAFUNDE",NA,"DPP",NA,0,1,0.324659,0.078011,-0.567642,0.820507,70.2,84.8,0.485,0.098,1.138,0.052706,0.034164,-0.184544,14.6,"low edi","Autocratic",0.4048295,0.0880055,0.285179,0.4048295,0.0880055,0.285179
"13393","MWI 2014","Malawi 2014","Malawi",2014,1.095,1.095,1.095,1.032,1.276,1.276,2.138,2.138,2.702,1.485,1.485,1.485,0.727,0.765,0.759,0.999,0.959,0.974,0.845,-1.262,0.543,2,2.809,8,4,1.03282854812211,"Sub-S. Africa",0,0.403625534,0.5227,0.5209,NA,NA,0.5288,0.5384,0.4937,0.4916,NA,NA,0.4982,0.5055,1,"democracy",1,0,0,21,3.04452243772342,"Presidential",3,0.84898561,0.34722221,0,"DPP",NA,"UDF",NA,NA,0,0.49017543,0,"MCP",NA,"PP",NA,"Aford",NA,"DPP",NA,0,0,0.132409,0.033402,0.185112,0.395233,33.3,71.8,0.427,0.074,1.138,0.12126,0.11317,-0.134695,38.5,"low edi","Electoral democracy",0.2797045,0.053701,0.661556,0.2797045,0.053701,0.661556
"13513","MDV 2009","Maldives 2009","Maldives",2009,-2.017,-2.017,-1.398,-0.264,-0.264,-0.223,0.698,0.821,0.495,0.456,0.591,1.402,0.469,0.486,0.488,0.196,0.196,0.196,0.771,1.371,0.603,2,27.297,14,8,3.30677680604266,"S. Asia",0,0,0.3915,0.4208,0.3774,NA,0.339,0.2595,0.1495,0.1619,0.169,0.1743,0.1326,0.1139,1,"democracy",1,1,0,1,0,"Presidential",3,0.75222141,0.19704433,34.299999,"MDP",30.799999,"DQP",3.5,"JP",NA,0.32941177,29.6,"DRP",24.6,"PA",5,NA,0,"MDP",53.700001,0,0,0.186914,0.134186,-0.22803,0.335634,33.8,96.2,0.553,0.397,0.993,0.343889,0.176358,0.56693,45.5,"high edi","Electoral democracy",0.369957,0.265593,0.382485,0.369957,0.265593,0.382485
"13608","MNG 1990","Mongolia 1990","Mongolia",1990,-0.417,-1.287,-1.287,0.986,1.523,1.523,0.368,-0.157,0.175,-0.166,-0.166,-0.166,0.658,0.683,0.649,-0.034,-0.44,-0.685,0.516,-1.033,0.378,1,6.292,12,1,1.83927898519603,"E. Europe",0,0,0.3891,0.4428,0.5109,0.568,0.3242,0.2752,0.3248,0.395,0.4659,0.5269,0.2274,0.1662,1,"democracy",1,1,0,1,0,"Assembly-Elected President",3,0.30541548,0.048102401,0,"MPRP",NA,"MPRP-Y",NA,NA,0,0.76041663,0,"MDP",NA,"NNP",NA,"SDP",NA,"MPRP",NA,0,1,0.638078,0.395675,-0.06691,0.213248,83.3,98.4,0.766,0.475,-0.256,NA,NA,NA,NA,"low edi","Autocratic",0.702039,0.4353375,-0.161455,0.638078,0.395675,-0.06691
"13610","MNG 1992","Mongolia 1992","Mongolia",1992,-0.417,-0.417,-0.417,1.163,1.163,0.986,0.368,0.368,0.368,-0.166,-0.166,-0.166,0.73,0.661,0.658,0.911,-0.034,-0.034,0.885,-0.61,0.673,2,5.332,12,1,1.67372640231646,"E. Europe",0.2,0.1993197,0.5109,0.568,0.6275,0.6546,0.4428,0.3891,0.4659,0.5269,0.5929,0.6276,0.395,0.3248,1,"democracy",1,0,0,3,1.09861228866811,"Assembly-Elected President",2,0.12596491,0,0,"MPRP",NA,NA,0,NA,0,0.40000001,0,"MUP",NA,"MSDP",NA,NA,0,"MPRP",NA,0,1,0.279063,0.45129,-0.125715,0.551679,92.1,98.6,0.303,0.49,-0.599,0.004797,0.01079,-0.010764,1.3,"high edi","Electoral democracy",0.2910315,0.470645,-0.3623575,0.279063,0.45129,-0.125715
"13614","MNG 1996","Mongolia 1996","Mongolia",1996,-0.417,-0.417,-0.417,1.163,1.163,1.163,1.325,1.325,0.368,-0.166,-0.166,-0.166,0.767,0.767,0.767,0.911,0.911,0.911,0.887,1.541,0.7,2,5.501,12,1,1.70492989389332,"E. Europe",0.07,0.068073579,0.6655,0.6729,0.6755,0.6597,0.6546,0.6275,0.6469,0.6589,0.6644,0.655,0.6276,0.5929,1,"democracy",1,0,0,7,1.94591014905531,"Presidential",3,0.66947365,0,39,"MPRP",39,NA,0,NA,0,0.47591835,45,"MNDP",45,"MSDP",NA,"indendent supporting DA coalition",NA,"MPRP",NA,0,0,0.099029,0.201019,0.030923,0.156604,32.9,92.1,0.301,0.611,-0.476,0.263742,0.462518,0.040606,59.2,"high edi","Electoral democracy",0.2000145,0.4060095,-0.2225385,0.2000145,0.4060095,-0.2225385
"13618","MNG 2000","Mongolia 2000","Mongolia",2000,-0.417,-0.417,-0.417,1.163,1.163,1.163,1.325,1.325,1.325,0.733,-0.166,-0.166,0.752,0.758,0.758,0.911,0.911,0.911,0.807,-0.605,0.679,2,6.317,12,1,1.84324441191656,"E. Europe",0.46,0.211472561,0.6208,0.5995,0.5896,0.5868,0.6597,0.6755,0.6292,0.6131,0.6057,0.601,0.655,0.6644,1,"democracy",1,0,0,11,2.39789527279837,"Presidential",2,0.10315789,0,0,"MPRP",NA,NA,0,NA,0,1,0,"MNDP",NA,"MDNSP",NA,"CWP",NA,"MPRP",NA,0,1,0.410998,0.578617,0.508104,0.770858,94.7,94.7,0.434,0.611,-0.814,NA,NA,NA,NA,"high edi","Electoral democracy",0.422499,0.5948085,-0.152948,0.422499,0.5948085,-0.152948
"13622","MNG 2004","Mongolia 2004","Mongolia",2004,-0.122,0.027,-0.417,1.163,1.163,1.163,1.325,1.325,1.325,0.733,0.733,0.733,0.77,0.77,0.77,0.911,0.911,0.911,0.83,1.324,0.672,2,8.371,12,1,2.12477335167792,"E. Europe",0.07,0.068073579,0.5793,0.5799,0.5911,0.6009,0.5868,0.5896,0.5964,0.6002,0.609,0.6161,0.601,0.6057,1,"democracy",1,0,0,15,2.70805020110221,"Presidential",3,0.66596484,0,48.23,"MPRP",48.23,NA,0,NA,0,0.45882353,45.650002,"DP",44.27,"MDNSP",NA,"CWP",NA,"MPRP",NA,0,0,0.279186,0.390576,-0.485055,0.385836,47.4,92.1,0.589,0.824,-0.814,0.214117,0.342619,-0.113732,42.1,"high edi","Electoral democracy",0.434093,0.607288,-0.6495275,0.434093,0.607288,-0.6495275
"13626","MNG 2008","Mongolia 2008","Mongolia",2008,0.026,0.026,-0.225,1.163,1.163,1.163,1.325,1.325,1.325,0.733,0.733,0.733,0.783,0.77,0.77,0.911,0.911,0.911,0.816,1.569,0.657,2,11.915,12,1,2.47779811055071,"E. Europe",0.37,0.371012702,0.6111,0.6197,0.6326,0.6536,0.6009,0.5911,0.6234,0.6319,0.6438,0.6628,0.6161,0.609,1,"democracy",1,0,0,19,2.94443897916644,"Presidential",2,0.52947366,0,0,"MPRP",NA,NA,0,NA,0,0.19310345,0,"DP",NA,"CWP",NA,"Green",NA,"MPRP",NA,0,0,0.3996,0.487808,0.572749,0.481888,59.2,94.7,0.675,0.824,-0.814,0.221165,0.292165,-0.069225,35.5,"high edi","Electoral democracy",0.5373,0.655904,-0.1206255,0.5373,0.655904,-0.1206255
"13630","MNG 2012","Mongolia 2012","Mongolia",2012,0.057,0.057,-0.221,1.221,1.221,1.186,1.717,1.717,1.325,0.849,0.849,0.733,0.78,0.78,0.783,1.08,1.08,0.911,0.833,1.374,0.69,2,16.637,12,1,2.81162913067761,"E. Europe",0.35,0.313699895,0.6743,0.6887,0.6996,0.7052,0.6536,0.6326,0.6828,0.7009,0.7078,0.7028,0.6628,0.6438,1,"democracy",1,0,0,23,3.13549421592915,"Presidential",3,0.66245615,0.41666666,0,"DP",NA,"CW-GP",NA,"Justice Coalition",NA,0,0,"MPP",NA,NA,0,NA,NA,"DP",NA,0,0,0.311776,0.407035,1.078415,0.41265,55.3,94.7,0.622,0.735,-0.57,NA,NA,NA,NA,"high edi","Electoral democracy",0.466888,0.5710175,0.2542075,0.466888,0.5710175,0.2542075
"14065","NLD 1977","Netherlands 1977","Netherlands",1977,2.156,2.156,2.156,2.499,2.499,2.499,1.808,1.808,1.808,1.731,1.731,1.731,0.95,0.95,0.95,1.873,1.873,1.873,0.949,-0.315,0.847,3,55.924,1,5,4.02399362612558,"W. Europe, N. Am.",0.44,0.640225407,0.9061,0.9177,0.9294,0.9403,0.8941,0.8824,0.753,0.7577,0.7619,0.7664,0.7489,0.7443,1,"democracy",1,0,0,81,4.39444915467244,"Parliamentary",4,0.73465323,0.46889952,49.860001,"CDA",31.91,"VVD",17.950001,NA,0,0.46299466,46.350002,"PvdA",33.810001,"D66",5.4299998,"SGP",2.1300001,"CDA",NA,0,0,0.020187,0.06253,0.01072,0.438959,51.4,92,0.036,0.086,0.468,0.017546,0.103122,-0.767905,40.6,"high edi","Liberal democracy",0.0280935,0.074265,0.23936,0.020187,0.06253,0.01072
"14069","NLD 1981","Netherlands 1981","Netherlands",1981,1.705,1.705,1.705,2.499,2.499,2.499,1.808,1.808,1.808,1.731,1.731,1.731,0.95,0.95,0.95,1.873,1.873,1.873,0.96,-0.315,0.863,3,57.84,1,5,4.05768057785051,"W. Europe, N. Am.",0.4,0.59808507,0.9491,0.9563,0.9621,0.9663,0.9403,0.9294,0.7701,0.7736,0.7772,0.781,0.7664,0.7619,1,"democracy",1,0,0,85,4.44265125649032,"Parliamentary",4,0.7721141,0.62453282,70.199997,"CDA",30.799999,"PvdA",28.299999,"D66",11.1,0.58948171,27.299999,"VVD",17.299999,"PSP",2.0999999,"CPN",2,"CDA",NA,0,0,0.029112,0.12517,0.256066,0.844765,72.6,89.9,0.036,0.086,0.468,0.007785,0.018338,0.264517,17.3,"high edi","Liberal democracy",0.032556,0.105585,0.362033,0.029112,0.12517,0.256066
"14070","NLD 1982","Netherlands 1982","Netherlands",1982,1.705,1.705,1.705,2.499,2.499,2.499,1.808,1.808,1.808,1.731,1.731,1.731,0.95,0.95,0.95,1.873,1.873,1.873,0.972,-0.315,0.863,3,57.536,1,5,4.05241083884916,"W. Europe, N. Am.",0.41,0.408544168,0.9563,0.9621,0.9663,0.9695,0.9491,0.9403,0.7736,0.7772,0.781,0.7841,0.7701,0.7664,1,"democracy",1,0,0,86,4.45434729625351,"Parliamentary",4,0.75619048,0.5,52.400002,"CDA",29.299999,"VVD",23.1,NA,0,0.52916819,46.099998,"PvdA",30.4,"D66",4.3000002,"PSP",2.3,"CDA",NA,0,0,0.01632,0.04332,-0.101676,0.50736,54,85.3,0.036,0.086,0.468,0.009077,0.052897,-0.64165,31.3,"high edi","Liberal democracy",0.02616,0.06466,0.183162,0.01632,0.04332,-0.101676
"14074","NLD 1986","Netherlands 1986","Netherlands",1986,1.705,1.705,1.705,2.499,2.499,2.499,1.808,1.808,1.808,1.731,1.731,1.731,0.95,0.95,0.95,1.873,1.873,1.873,0.972,-0.315,0.863,3,61.391,1,5,4.11726324460467,"W. Europe, N. Am.",0.39,0.393318547,0.9713,0.9716,0.973,0.9736,0.9695,0.9663,0.7869,0.79,0.7936,0.7969,0.7841,0.781,1,"democracy",1,0,0,90,4.49980967033027,"Parliamentary",4,0.71833336,0.44999999,52,"CDA",34.599998,"VVD",17.4,NA,0,0.41789216,45.599998,"PvdA",33.299999,"D66",6.0999999,"SGP",1.8,"CDA",NA,0,0,0.0171,0.0441,0.002652,0.4437,54,94.7,0.036,0.086,0.468,0.009194,0.047488,-0.73925,40.7,"high edi","Liberal democracy",0.02655,0.06505,0.235326,0.0171,0.0441,0.002652
"14077","NLD 1989","Netherlands 1989","Netherlands",1989,1.705,1.705,1.705,2.499,2.499,2.499,1.808,1.808,1.808,1.731,1.731,1.731,0.95,0.95,0.95,1.873,1.873,1.873,0.972,-0.315,0.861,3,65.67,1,5,4.18464220020288,"W. Europe, N. Am.",0.39,0.582671262,0.9736,0.9742,0.9743,0.9745,0.973,0.9716,0.7969,0.8002,0.8033,0.8062,0.7936,0.79,1,"democracy",1,0,0,93,4.53259949315326,"Parliamentary",4,0.73855698,0.4168421,49.900002,"CDA",35.299999,"VVD",14.6,NA,0,0.53364497,48.900002,"PvdA",31.9,"D66",7.9000001,"Green",4.0999999,"CDA",NA,0,0,0.016341,0.041691,-0.2448,0.393243,50.7,91.4,0.036,0.086,0.468,0.009274,0.039631,-0.478323,40.7,"high edi","Liberal democracy",0.0261705,0.0638455,0.1116,0.016341,0.041691,-0.2448
"14082","NLD 1994","Netherlands 1994","Netherlands",1994,1.705,1.705,1.705,2.499,2.499,2.499,1.808,1.808,1.808,1.731,1.731,1.731,0.95,0.95,0.95,1.873,1.873,1.873,0.972,-0.315,0.862,3,73.354,1,5,4.29529703616279,"W. Europe, N. Am.",0.37,0.598979609,0.9758,0.9778,0.9773,0.9767,0.9753,0.9745,0.8109,0.8133,0.8151,0.8169,0.8085,0.8062,1,"democracy",1,0,0,98,4.58496747867057,"Parliamentary",6,0.82097685,0.66387957,59.400002,"PvdA",24,"VVD",19.9,"D66",15.5,0.64090544,40.599998,"CDA",22.200001,"ADV",4.5,"Green",3.5,"PvdA",NA,0,0,0.016839,0.060822,0.818536,0.567014,61.4,84.1,0.022,0.073,-0.713,0.008172,0.019522,0.106236,22.7,"high edi","Liberal democracy",0.0194195,0.066911,0.052768,0.016839,0.060822,0.818536
"14086","NLD 1998","Netherlands 1998","Netherlands",1998,1.705,1.705,1.705,2.499,2.499,2.499,1.808,1.808,1.808,1.731,1.731,1.731,0.95,0.95,0.95,1.873,1.873,1.873,0.972,-0.315,0.85,3,83.453,1,5,4.42428359913213,"W. Europe, N. Am.",0.41,0.650356128,0.9761,0.9765,0.9766,0.9777,0.9767,0.9773,0.8187,0.8207,0.8222,0.8229,0.8169,0.8151,1,"democracy",1,0,0,102,4.62497281328427,"Parliamentary",5,0.79761374,0.61683851,62.700001,"PvdA",29,"VVD",24.700001,"D66",9,0.65336233,34.299999,"CDA",18.4,"Green",7.3000002,"SP",3.5,"PvdA",NA,0,0,0.017873,0.056458,0.553775,0.643982,64.6,91.2,0.022,0.073,-0.713,0.0087,0.037841,-0.061078,26.6,"high edi","Liberal democracy",0.0199365,0.064729,-0.0796125,0.017873,0.056458,0.553775
"14090","NLD 2002","Netherlands 2002","Netherlands",2002,1.277,1.277,1.277,2.499,2.499,2.499,1.808,1.808,1.808,1.731,1.731,1.731,0.95,0.95,0.95,1.873,1.873,1.873,0.972,-0.315,0.852,3,92.871,1,5,4.5312114334698,"W. Europe, N. Am.",0.4,0.640763287,0.9783,0.9782,0.9774,0.976,0.9777,0.9766,0.8233,0.8237,0.8235,0.8232,0.8229,0.8222,1,"democracy",1,0,0,106,4.66343909411207,"Parliamentary",7,0.83051801,0.6156534,35.700001,"VVD",15.5,"PvdA",15.1,"D66",5.0999999,0.70404369,63.599998,"CDA",27.9,"LPF",17,"Green",7,"PvdA",NA,0,0,0.017769,0.03004,-0.149787,0.375584,36,94.7,0.04,0.073,-0.713,0.033105,0.170135,0.379111,46,"high edi","Liberal democracy",0.0288845,0.05152,-0.4313935,0.017769,0.03004,-0.149787
"14091","NLD 2003","Netherlands 2003","Netherlands",2003,1.277,1.277,1.277,2.499,2.499,2.499,1.808,1.808,1.808,1.731,1.731,1.731,0.95,0.95,0.95,1.873,1.873,1.873,0.972,-0.315,0.857,3,93.645,1,5,4.53951103718182,"W. Europe, N. Am.",0.41,0.654901989,0.9782,0.9774,0.976,0.9744,0.9783,0.9777,0.8237,0.8235,0.8232,0.823,0.8233,0.8229,1,"democracy",1,0,0,107,4.67282883446191,"Parliamentary",6,0.79546607,0.55411255,50.549999,"CDA",28.57,"VVD",17.91,"D66",4.0700002,0.62962961,48.09,"PvdA",27.280001,"SP",6.3200002,"LPF",5.6999998,"CDA",NA,0,0,0.019306,0.035919,-0.027852,0.423047,48,92.6,0.041,0.076,0.468,0.017561,0.104184,-0.312745,39.3,"high edi","Liberal democracy",0.030153,0.0559595,0.220074,0.019306,0.035919,-0.027852
"14094","NLD 2006","Netherlands 2006","Netherlands",2006,1.277,1.277,1.277,2.499,2.499,2.499,1.808,1.808,1.808,1.731,1.731,1.731,0.95,0.95,0.95,1.873,1.873,1.873,0.972,-0.315,0.863,3,99.704,1,5,4.60220579652408,"W. Europe, N. Am.",0.65,0.650312594,0.9744,0.9727,0.9721,0.972,0.976,0.9774,0.823,0.8229,0.8237,0.8244,0.8232,0.8235,1,"democracy",1,0,0,110,4.70048036579242,"Parliamentary",6,0.83788258,0.56867087,51.670002,"CDA",26.51,"PvdA",21.190001,"CU",3.97,0.79052633,51.060001,"SP",16.58,"VVD",14.67,"PVV",5.8899999,"CDA",NA,0,0,0.020743,0.043408,0.327006,0.284624,49.3,86.7,0.051,0.076,0.468,0.023663,0.17222,-0.181302,37.4,"high edi","Liberal democracy",0.0358715,0.059704,0.397503,0.020743,0.043408,0.327006
"14098","NLD 2010","Netherlands 2010","Netherlands",2010,1.277,1.277,1.277,2.499,2.499,2.499,1.808,1.808,1.808,1.731,1.731,1.731,0.95,0.95,0.95,1.873,1.873,1.873,0.977,-0.315,0.873,3,102.149,1,5,4.6264325316905,"W. Europe, N. Am.",0.66,0.661950541,0.9718,0.9707,0.9698,0.9679,0.972,0.9721,0.8259,0.8274,0.829,0.8316,0.8244,0.8237,1,"democracy",1,0,0,114,4.7361984483945,"Parliamentary",5,0.85936248,0.66631579,49.549999,"VVD",20.49,"PVV",15.45,"CDA",13.61,0.77022398,49.349998,"PvdA",19.629999,"SP",9.8199997,"Green Left",6.6700001,"VVD",NA,0,0,0.04277,0.186323,-0.129965,0.635463,50.7,94.1,0.05,0.109,1.529,0.019287,0.08455,-0.588626,43.4,"high edi","Liberal democracy",0.046385,0.1476615,0.6995175,0.04277,0.186323,-0.129965
"14100","NLD 2012","Netherlands 2012","Netherlands",2012,1.277,1.277,1.277,2.499,2.499,2.499,2.07,2.07,1.808,1.731,1.731,1.731,0.95,0.95,0.95,1.873,1.873,1.873,0.977,-0.315,0.871,3,101.872,1,5,4.62371712327467,"W. Europe, N. Am.",0.69,0.691087974,0.9698,0.9679,0.9652,0.9619,0.9707,0.9718,0.829,0.8316,0.8333,0.8342,0.8274,0.8259,1,"democracy",1,0,0,116,4.75359019110636,"Parliamentary",6,0.82584119,0.57246375,45.169998,"VVD",26.58,"PVV",10.08,"CDA",8.5100002,0.71064591,52,"PvdA",24.84,"SP",9.6499996,"D66",8.0299997,"VVD",NA,0,0,0.033887,0.132069,-0.079079,0.672474,46,89.3,0.05,0.109,1.529,0.019933,0.083075,-0.482689,43.3,"high edi","Liberal democracy",0.0419435,0.1205345,0.7249605,0.033887,0.132069,-0.079079
"14204","PAN 1994","Panama 1994","Panama",1994,-0.038,-0.038,-0.038,1.452,1.452,1.452,1.388,1.388,1.388,1.538,1.538,1.538,0.653,0.653,0.653,0.298,0.298,0.298,0.709,0.859,0.708,2,20.062,17,2,2.99882747846129,"Latin Am.",0.5,0.171273451,0.4885,0.4815,0.4756,0.4678,0.4859,0.471,0.4771,0.4776,0.4777,0.4779,0.4763,0.4754,1,"democracy",1,0,1,4,1.38629436111989,"Presidential",4,0.77786005,0.11931818,0,"PRD",NA,"Pala",NA,"Libre",NA,0.83536583,0,"PA",NA,"Papa Egoro",NA,"Molirena",NA,"PRD",NA,0,0,0.272889,0.21897,-0.149902,0.761751,59.4,81.1,0.4825,0.321,0.6465,0.016388,0.006664,0.096152,6.8,"high edi","Electoral democracy",0.3776945,0.269985,0.248299,0.3776945,0.269985,0.248299
"14209","PAN 1999","Panama 1999","Panama",1999,-0.038,-0.038,-0.038,1.452,1.452,1.452,2.28,2.28,1.388,1.502,1.502,1.502,0.653,0.653,0.653,0.298,0.298,0.298,0.709,0.859,0.698,2,23.018,17,2,3.1362765185463,"Latin Am.",0.51,0.508893466,0.4451,0.4269,0.4064,0.3949,0.4592,0.4678,0.4779,0.4775,0.477,0.4766,0.4781,0.4779,1,"democracy",1,0,1,9,2.19722457733622,"Presidential",4,0.70382297,0.43115941,33.700001,"PA",25.299999,"Molirena",4.1999998,"CD",2.8,0.46438485,66.099998,"PRD",47.900002,"PDC",7,"PS",5.5999999,"PA",NA,0,0,0.04305,0.022526,0.432308,0.091784,7,97.1,NA,NA,NA,0.380586,0.265103,0.175343,78.9,"high edi","Electoral democracy",NA,NA,NA,NA,NA,NA
"14214","PAN 2004","Panama 2004","Panama",2004,0.062,0.062,0.062,0.879,0.879,1.452,1.972,1.972,1.582,1.502,1.502,1.502,0.593,0.593,0.653,0.298,0.298,0.298,0.709,0.422,0.736,2,25.973,17,2,3.25705753690825,"Latin Am.",0.5,0.163284116,0.3737,0.3623,0.3721,0.3869,0.3835,0.3949,0.4761,0.4757,0.4758,0.4759,0.4765,0.4766,1,"democracy",1,0,1,14,2.63905732961526,"Presidential",3,0.66033965,0.046511628,43.82,"PRD",37.849998,"PP",5.9699998,NA,0,0.73277313,45.760002,"PA",19.24,"Molirena",8.6400003,"PLN",5.2399998,"PRD",NA,0,0,0.440096,0.331392,1.057002,0.929898,74.4,99.9,0.57,0.433,0.6465,0.05337,0.011306,0.12672,8.9,"high edi","Electoral democracy",0.505048,0.382196,0.851751,0.505048,0.382196,0.851751
"14219","PAN 2009","Panama 2009","Panama",2009,-0.287,-0.287,-0.287,0.879,0.879,0.879,1.683,1.683,1.972,1.502,1.502,1.502,0.593,0.593,0.593,0.298,0.298,0.298,0.709,0.547,0.742,2,34.493,17,2,3.54075640489989,"Latin Am.",0.44,0.443800633,0.3899,0.3989,0.4205,0.4274,0.3915,0.3869,0.476,0.4761,0.4763,0.4765,0.476,0.4759,1,"democracy",1,0,1,19,2.94443897916644,"Presidential",3,0.52273643,0.49445865,95.400002,"AC",56,"PRD",35.700001,"Partido Popular",3.7,NA,0,NA,0,NA,0,NA,0,"AC",NA,0,1,0.442193,0.456081,0.576126,1.045495,74.7,80.3,0.661,0.845,1.157,NA,NA,NA,NA,"high edi","Electoral democracy",0.5515965,0.6505405,0.866563,0.5515965,0.6505405,0.866563
"14224","PAN 2014","Panama 2014","Panama",2014,-0.279,-0.279,-0.882,0.434,0.434,0.434,1.683,1.683,1.683,0.763,0.763,0.763,0.493,0.493,0.493,-0.009,-0.009,-0.009,0.719,0.197,0.74,2,45.948,17,2,3.82751032228316,"Latin Am.",0.49,0.173851751,0.4037,0.3996,NA,NA,0.412,0.4274,0.4761,0.476,NA,NA,0.4763,0.4765,1,"democracy",1,0,1,24,3.17805383034795,"Presidential",3,0.65311873,0.47937411,0,"PP",NA,"PRD",NA,"Partido Popular",NA,0,0,"AC",NA,NA,0,NA,0,"PP",NA,0,0,0.282583,0.253518,-0.983,0.672308,52.1,97.2,NA,NA,NA,NA,NA,NA,NA,"high edi","Electoral democracy",NA,NA,NA,NA,NA,NA
"14587","SLE 2002","Sierra Leone 2002","Sierra Leone",2002,1.025,1.025,1.025,0.903,0.903,0.903,0.824,0.824,0.052,0.864,0.864,0.864,0.615,0.615,0.615,-0.258,-0.258,-0.258,0.416,-0.813,0.43,1,2.724,6,4,1.00210138828727,"Sub-S. Africa",0,0,0.3492,0.3689,0.3903,0.4064,0.3178,0.2883,0.3094,0.3366,0.3597,0.3779,0.2726,0.2399,1,"democracy",1,1,1,1,0,"Presidential",3,0.39591378,0,69.900002,"SLPP",69.900002,NA,0,NA,0,0.13300492,23.4,"APC",19.799999,"PLP",3.5999999,NA,0,"SLPP",NA,0,1,0.419406,0.110409,-0.449669,0.778791,74.1,98.2,0.566,0.149,1.051,0.160747,0.013496,-0.457418,24.1,"low edi","Autocratic",0.492703,0.1297045,0.3006655,0.492703,0.1297045,0.3006655
"14592","SLE 2007","Sierra Leone 2007","Sierra Leone",2007,1.025,1.025,1.025,0.672,0.672,0.672,0.906,0.906,0.906,0.864,0.864,0.864,0.489,0.489,0.561,-0.653,-0.653,-0.653,0.473,-0.813,0.537,2,3.11,6,4,1.13462272619114,"Sub-S. Africa",0,0.263955711,0.4432,0.4561,0.4669,0.4701,0.4227,0.4064,0.4072,0.4183,0.4274,0.4339,0.394,0.3779,1,"democracy",1,0,1,6,1.79175946922805,"Presidential",3,0.5722329,0.2514919,0,"APC",NA,"PMDC",0,NA,0,0,0,"SLPP",NA,NA,0,NA,0,"APC",60.220001,0,1,0.30039,0.093806,-0.080004,0.367319,52.7,91.1,0.57,0.178,-0.697,0.168576,0.056064,0.100224,38.4,"low edi","Electoral democracy",0.435195,0.135903,-0.388502,0.435195,0.135903,-0.388502
"14597","SLE 2012","Sierra Leone 2012","Sierra Leone",2012,0.772,0.772,1.025,0.672,0.672,0.672,0.789,0.789,0.617,0.864,0.864,0.864,0.434,0.434,0.489,-1.087,-1.087,-0.653,0.45,-0.813,0.5,2,3.965,6,4,1.37750585508681,"Sub-S. Africa",0,0.381507706,0.4696,0.4597,0.4559,0.4539,0.4724,0.4701,0.4424,0.4458,0.4488,0.4513,0.4382,0.4339,1,"democracy",1,0,1,11,2.39789527279837,"Presidential",3,0.47808358,0,0,"APC",NA,NA,0,NA,0,0,0,"SLPP",NA,NA,0,NA,0,"APC",NA,0,1,0.383916,0.106444,-0.280967,0.037674,59.8,97.3,0.642,0.178,0.063,0.164625,0.123,0.27075,37.5,"low edi","Electoral democracy",0.512958,0.142222,-0.1089835,0.512958,0.142222,-0.1089835
"14798","ESP 1977","Spain 1977","Spain",1977,1.492,1.492,1.22,2.371,2.371,0.764,1.41,1.41,0.716,1.175,1.175,0.275,0.974,0.957,0.37,2.191,2.191,-2.228,0.715,-1.023,0.404,1,35.828,3,5,3.57872971061295,"W. Europe, N. Am.",0,0,0.5717,0.6621,0.7282,0.7826,0.4805,0.38,0.5961,0.7129,0.7862,0.8358,0.505,0.4338,1,"democracy",1,1,1,1,0,"Parliamentary",4,0.68682766,0,34.709999,"UCD",34.709999,NA,0,NA,0,0.67115158,80.809998,"PSOE",29.24,"AP",8.3900003,"PSC-PSOE",29.24,"UCD",NA,0,0,0.016116,0.017538,-0.224505,0.474,47.4,91.1,0.034,0.037,1,0.020356,0.148847,-0.54013,43.7,"low edi","Autocratic",0.025058,0.027269,0.3877475,0.016116,0.017538,-0.224505
"14800","ESP 1979","Spain 1979","Spain",1979,1.492,1.492,1.492,2.371,2.371,2.371,1.41,1.41,1.41,1.175,1.175,1.175,0.969,0.969,0.974,1.801,1.801,2.191,0.841,-1.023,0.861,2,37.007,3,5,3.6111070839394,"W. Europe, N. Am.",0.44,0.487234409,0.7282,0.7826,0.8303,0.8475,0.6621,0.5717,0.7862,0.8358,0.8704,0.8861,0.7129,0.5961,1,"democracy",1,0,1,3,1.09861228866811,"Parliamentary",4,0.66898519,0,34.959999,"UCD",34.959999,NA,0,NA,0,0.54488677,65.040001,"PSOE",30.51,"PCE",10.66,"CD",5.96,"UCD",NA,0,0,0.01632,0.01632,0.5292,0.48,48,91.8,0.034,0.034,1,0.012362,0.150422,-0.688258,41.2,"high edi","Electoral democracy",0.02516,0.02516,0.7646,0.01632,0.01632,0.5292
"14803","ESP 1982","Spain 1982","Spain",1982,1.492,1.492,1.492,2.371,2.371,2.371,1.41,1.41,1.41,1.175,1.175,1.175,0.969,0.969,0.969,1.801,1.801,1.801,0.806,-0.468,0.88,2,37.527,3,5,3.62506067390071,"W. Europe, N. Am.",0.43,0.482204528,0.8475,0.8391,0.8262,0.8227,0.8303,0.7826,0.8861,0.8899,0.8898,0.8893,0.8704,0.8358,1,"democracy",1,0,1,6,1.79175946922805,"Parliamentary",3,0.57403189,0,48.669998,"PSOE",48.669998,NA,0,NA,0,0.4746277,51.32,"AP/PSP",26.639999,"CiU",3.71,"UCD",6.8499999,"PSOE",NA,0,0,0.018464,0.19041,-0.21077,0.654318,57.7,92.5,0.032,0.33,-1.134,0.023392,0.012988,0.697468,33.7,"high edi","Electoral democracy",0.025232,0.260205,-0.672385,0.018464,0.19041,-0.21077
"14807","ESP 1986","Spain 1986","Spain",1986,1.492,1.492,1.492,2.371,2.371,2.371,1.41,1.41,1.41,1.175,1.175,1.175,0.969,0.969,0.969,1.801,1.801,1.801,0.806,-0.468,0.891,3,40.551,3,5,3.7025604411698,"W. Europe, N. Am.",0.38,0.436425392,0.8228,0.8221,0.8253,0.8313,0.8227,0.8262,0.8893,0.8916,0.894,0.8982,0.8893,0.8898,1,"democracy",1,0,1,10,2.30258509299405,"Parliamentary",4,0.62924278,0,44.099998,"PSOE/PSC",44.099998,NA,0,NA,0,0.57590365,55.799999,"AP",26,"CDS",9.1999998,"CiU",5,"PSOE",NA,0,0,0.011572,0.142546,-0.327012,0.596484,52.6,95.1,0.022,0.271,-1.134,0.011403,0.02466,0.726621,40.5,"high edi","Liberal democracy",0.016786,0.206773,-0.730506,0.011572,0.142546,-0.327012
"14810","ESP 1989","Spain 1989","Spain",1989,1.492,1.492,1.492,2.371,2.371,2.371,1.41,1.41,1.41,1.175,1.175,1.175,0.969,0.969,0.969,1.801,1.801,1.801,0.806,-0.468,0.894,3,47.735,3,5,3.86566488145,"W. Europe, N. Am.",0.41,0.466551632,0.8313,0.8462,0.8711,0.8983,0.8253,0.8221,0.8982,0.9056,0.9158,0.9265,0.894,0.8916,1,"democracy",1,0,1,13,2.56494935746154,"Parliamentary",4,0.64986312,0,39.549999,"PSOE/PSC",39.549999,NA,0,NA,0,0.6023953,45.830002,"PP",25.83,"CiU",5.04,"IU",9.0500002,"PSOE",NA,0,0,0.011,0.1355,0,0.4615,50,94.6,0.022,0.271,-0.923,0.010812,0.031212,0.648159,35.7,"high edi","Liberal democracy",0.0165,0.20325,-0.4615,0.011,0.1355,0
"14814","ESP 1993","Spain 1993","Spain",1993,1.492,1.492,1.492,2.371,2.371,2.371,1.41,1.41,1.41,1.175,1.175,1.175,0.969,0.969,0.969,1.801,1.801,1.801,0.838,-0.939,0.893,3,53.389,3,5,3.97760473223742,"W. Europe, N. Am.",0.42,0.483550943,0.9105,0.9168,0.921,0.9141,0.8983,0.8711,0.9307,0.9338,0.9358,0.9318,0.9265,0.9158,1,"democracy",1,0,1,17,2.83321334405622,"Parliamentary",5,0.62785798,0,36.68,"PSOE/PSC",36.68,NA,0,NA,0,0.43964884,54.779999,"PP",34.82,"IU",9.5699997,"CiU",4.9499998,"PSOE",NA,0,0,0.010896,0.123034,-0.016176,0.419042,45.4,95.7,0.024,0.271,-0.923,0.018815,0.063066,0.585121,50.3,"high edi","Liberal democracy",0.017448,0.197017,-0.469588,0.010896,0.123034,-0.016176
"14817","ESP 1996","Spain 1996","Spain",1996,1.492,1.492,1.492,2.371,2.371,2.371,0.67,1.41,1.41,1.175,1.175,1.175,0.969,0.969,0.969,1.801,1.801,1.801,0.838,-0.939,0.894,3,57.333,3,5,4.04887637417495,"W. Europe, N. Am.",0.42,0.490794779,0.9141,0.9041,0.8871,0.8803,0.921,0.9168,0.9318,0.9265,0.9188,0.9148,0.9358,0.9338,1,"democracy",1,0,1,20,2.99573227355399,"Parliamentary",4,0.63475025,0.24947821,45.470001,"PP",38.740002,"CiU",4.5900002,"PNV",1.27,0.28982636,53.550003,"PSOE",37.580002,"IU",10.52,"BNG",0.87,"PP",NA,0,0,0.016948,0.037464,-0.042386,0.634212,44.6,90.9,0.038,0.084,1.422,0.01209,0.115661,-0.371969,40.3,"high edi","Liberal democracy",0.027474,0.060732,0.689807,0.016948,0.037464,-0.042386
"14821","ESP 2000","Spain 2000","Spain",2000,1.492,1.492,1.492,2.371,2.371,2.371,1.988,1.988,1.988,1.175,1.175,1.175,0.969,0.969,0.969,1.801,1.801,1.801,0.808,-0.939,0.892,3,66.776,3,5,4.20134373454844,"W. Europe, N. Am.",0.42,0.484590894,0.8735,0.8577,0.8538,0.8574,0.8803,0.8871,0.909,0.9005,0.8972,0.8985,0.9148,0.9188,1,"democracy",1,0,1,24,3.17805383034795,"Parliamentary",3,0.59921038,0,45.23,"PP",45.23,NA,0,NA,0,0.43545038,47.279999,"PSOE",34.709999,"IU",5.54,NA,0,"PP",NA,0,1,0.015167,0.04184,0.155403,0.879163,52.3,90.3,0.029,0.08,1.681,0.008211,0.102459,-0.329511,35.7,"high edi","Liberal democracy",0.0220835,0.06092,0.9182015,0.015167,0.04184,0.155403
"14825","ESP 2004","Spain 2004","Spain",2004,1.492,1.492,1.492,2.371,2.371,2.371,1.988,1.988,1.988,1.175,1.175,1.175,0.969,0.969,0.969,1.801,1.801,1.801,0.852,-0.463,0.873,3,72.567,3,5,4.2845102730391,"W. Europe, N. Am.",0.4,0.51087369,0.8535,0.8614,0.8828,0.8945,0.8574,0.8538,0.8982,0.9027,0.9126,0.9159,0.8985,0.8972,1,"democracy",1,0,1,28,3.3322045101752,"Parliamentary",4,0.60154611,0,43.330002,"PSOE",43.330002,NA,0,NA,0,0.36241958,52.52,"PP",38.25,"CiU",3.29,"ERC",2.5799999,"PSOE",NA,0,0,0.013132,0.139293,0.559476,0.432887,46.9,92.9,0.028,0.297,-0.923,0.014562,0.02796,0.679484,44.6,"high edi","Liberal democracy",0.020566,0.2181465,-0.181762,0.013132,0.139293,0.559476
"14829","ESP 2008","Spain 2008","Spain",2008,1.492,1.492,1.492,2.371,2.371,2.371,1.435,1.988,1.988,1.175,1.175,1.175,0.969,0.969,0.969,1.717,1.801,1.801,0.852,-1.164,0.886,3,76.808,3,5,4.34130880139532,"W. Europe, N. Am.",0.4,0.391395287,0.898,0.8976,0.8925,0.8813,0.8945,0.8828,0.9182,0.919,0.9176,0.9138,0.9159,0.9126,1,"democracy",1,0,1,32,3.46573590279973,"Parliamentary",4,0.57361311,0,43.869999,"PSOE",43.869999,NA,0,NA,0,0.27283096,52,"PP",39.93,"CiU",3.03,"EAJ/PNV",1.1900001,"PSOE",NA,0,0,0.011109,0.139104,0.671944,0.445809,48.3,93.8,0.023,0.288,-0.923,0.01364,0.01716,0.73964,44,"high edi","Liberal democracy",0.0170545,0.213552,-0.125528,0.011109,0.139104,0.671944
"14832","ESP 2011","Spain 2011","Spain",2011,1.214,1.492,1.492,1.872,1.872,2.371,1.891,0.591,1.887,1.807,1.175,1.175,0.932,0.937,0.965,1.037,1.037,1.44,0.844,-0.575,0.893,3,73.011,3,5,4.29061011472806,"W. Europe, N. Am.",0.38,0.335315459,0.8813,0.8629,0.8473,0.8337,0.8925,0.8976,0.9138,0.9081,0.902,0.8965,0.9176,0.919,1,"democracy",1,0,1,35,3.55534806148941,"Parliamentary",3,0.61668444,0.14659376,48.790001,"PP",44.619999,"CiU",4.1700001,NA,0,0.44052216,46.509998,"PSOE",28.73,"IU-LV",6.9200001,"Amaiur",1.37,"PP",NA,0,1,0.016461,0.020178,0.063025,0.886239,53.1,88.5,0.031,0.038,1.669,0.009106,0.090432,-0.289822,31.4,"high edi","Liberal democracy",0.0237305,0.029089,0.8660125,0.016461,0.020178,0.063025
"15375","TUR 1977","Turkey 1977","Türkiye",1977,-0.429,-0.429,-0.429,0.825,0.825,0.825,0.174,0.174,0.174,-1.162,-1.162,-1.162,0.732,0.732,0.735,1.181,1.181,1.181,0.659,0.479,0.571,2,15.879,10,3,2.76499748154396,"MENA",0.4,0.397782818,0.5497,0.5283,0.4898,0.4339,0.5576,0.5584,0.5419,0.5323,0.5148,0.4877,0.543,0.5381,1,"democracy",1,0,0,17,2.83321334405622,"Parliamentary",6,0.59274435,0.31512168,51.900002,"Justice P.",36.900002,"NSP",8.6000004,"National Act.",6.4000001,0.03644358,43.200001,"RPP",41.400002,"Democratic",1.8,"independent",NA,"",NA,0,0,0.3696,0.24696,-0.165664,0.50484,42,98.2,0.7715,0.47725,0.8285,0.202465,0.12979,-0.713309,50.9,"low edi","Electoral democracy",0.57055,0.362105,0.331418,0.3696,0.24696,-0.165664
"15381","TUR 1983","Turkey 1983","Türkiye",1983,-0.763,-0.763,-0.036,1.498,1.498,-0.277,0.481,-1.33,-1.33,-1.142,-1.142,-1.142,0.814,0.814,0.406,1.468,1.468,0.492,0.604,0.961,0.147,1,16.519,10,3,2.804511233573,"MENA",0,0,0.4919,0.5365,0.5691,0.6035,0.4329,0.4085,0.5031,0.5463,0.5801,0.609,0.4684,0.4623,1,"democracy",1,1,1,1,0,"Parliamentary",1,0.60354638,0,45.150002,"Motherland",45.150002,NA,0,NA,0,0.47257936,53.73,"Populist",30.459999,"NDP",23.27,NA,0,"Motherland",NA,0,1,0.357075,0.127489,-0.222264,0.596183,52.9,100,0.675,0.241,1.127,0.171698,0.055963,0.013478,29.3,"low edi","Autocratic",0.5160375,0.1842445,0.452368,0.357075,0.127489,-0.222264
"15385","TUR 1987","Turkey 1987","Türkiye",1987,-0.763,-0.763,-0.763,0.848,0.848,0.848,0.481,0.481,0.481,-1.142,-1.142,-1.142,0.744,0.744,0.744,1.568,1.568,1.568,0.604,0.961,0.428,1,19.347,10,3,2.96253736869635,"MENA",0.4,0.402384362,0.6385,0.6662,0.6924,0.709,0.6035,0.5691,0.6349,0.6545,0.6703,0.6811,0.609,0.5801,1,"democracy",1,0,1,5,1.6094379124341,"Parliamentary",2,0.51449639,0,36.310001,"Motherland",36.310001,NA,0,NA,0,0.47093445,43.879997,"SHP",24.74,"DYP",19.139999,NA,0,"Motherland",NA,0,1,0.446512,0.115522,0.0542,0.731423,64.9,100,0.688,0.178,1.127,0.152748,0.0938,-0.104118,35.1,"low edi","Autocratic",0.567256,0.146761,0.5906,0.446512,0.115522,0.0542
"15389","TUR 1991","Turkey 1991","Türkiye",1991,-0.763,-0.763,-0.763,0.848,0.848,0.848,0.481,0.481,0.481,-1.142,-1.142,-1.142,0.744,0.744,0.744,1.568,1.568,1.568,0.659,0.76,0.522,2,21.483,10,3,3.06726192469291,"MENA",0.34,0.343014758,0.7188,0.7339,0.729,0.7267,0.709,0.6924,0.6882,0.6935,0.6918,0.6915,0.6811,0.6703,1,"democracy",1,0,1,9,2.19722457733622,"Parliamentary",3,0.7223658,0.44443184,47.779999,"DYP",27.030001,"SHP/IP",20.75,NA,0,0.49708956,51.639999,"Motherland",24.01,"RP",16.879999,"DSP",10.75,"DYP",NA,0,0,0.301128,0.250572,-0.217588,0.810036,59.2,100.2,0.704,0.364,1.119,0.281188,0.15908,0.42301,41,"low edi","Electoral democracy",0.502564,0.307286,0.450706,0.301128,0.250572,-0.217588
"15393","TUR 1995","Turkey 1995","Türkiye",1995,-1.094,-1.094,-0.763,1.805,1.111,0.848,-0.894,0.481,0.481,-1.869,-1.142,-1.142,0.836,0.768,0.744,1.568,1.568,1.568,0.659,0.664,0.545,2,23.595,10,3,3.16103482517835,"MENA",0.45,0.452201113,0.7324,0.7247,0.7095,0.6924,0.7267,0.729,0.6916,0.687,0.6805,0.6725,0.6915,0.6918,1,"democracy",1,0,1,13,2.56494935746154,"Parliamentary",4,0.77400231,0.46599776,34.32,"Motherland",19.67,"DSP",14.65,NA,0,0.61201143,51.240002,"RP",21.33,"DYP",19.200001,"CHP",10.71,"Motherland",NA,0,0,0.201642,0.073362,0.154335,0.472974,37.8,99.9,0.536,0.174,1.463,0.51989,0.34855,0.525055,62.1,"low edi","Electoral democracy",0.368821,0.123681,0.8086675,0.201642,0.073362,0.154335
"15397","TUR 1999","Turkey 1999","Türkiye",1999,-0.717,-0.717,-1.094,1.495,1.495,1.495,-0.894,-0.894,-0.894,-1.869,-1.869,-1.869,0.834,0.823,0.823,1.568,1.568,1.568,0.659,0.665,0.577,2,25.671,10,3,3.24536195010403,"MENA",0.52,0.516142161,0.6703,0.6579,0.6458,0.649,0.6924,0.7095,0.6618,0.6557,0.6491,0.648,0.6725,0.6805,1,"democracy",1,0,1,17,2.83321334405622,"Parliamentary",6,0.79621792,0.65663821,53.619999,"DSP",22.280001,"MHP",18.059999,"Motherland",13.28,0.49372056,27.57,"FP",15.48,"DYP",12.09,NA,0,"DSP",NA,0,0,0.441704,0.143978,-0.341573,0.876282,63.8,99.5,0.532,0.245,-0.883,0.254469,0.221858,0.458969,35.7,"low edi","Electoral democracy",0.486852,0.194489,-0.6122865,0.441704,0.143978,-0.341573
"15400","TUR 2002","Turkey 2002","Türkiye",2002,-1.478,-1.478,-1.478,1.775,1.775,1.775,0.604,0.604,0.604,-0.89,-0.89,-0.89,0.856,0.856,0.874,1.703,1.703,1.703,0.646,-1.048,0.638,2,26.717,10,3,3.28530006691598,"MENA",0.53,0.530825237,0.649,0.6545,0.6589,0.6623,0.6458,0.6579,0.648,0.6503,0.6515,0.6529,0.6491,0.6557,1,"democracy",1,0,1,20,2.99573227355399,"Parliamentary",2,0.44234955,0,34.169998,"AKP",34.169998,NA,0,NA,0,0,19.5,"CHP",19.5,NA,0,NA,0,"AKP",NA,0,1,0.14256,0.5214,-0.294295,0.5973,66,98.4,0.216,0.79,0.905,0.18954,0.081324,-0.223884,32.4,"high edi","Electoral democracy",0.17928,0.6557,0.3053525,0.14256,0.5214,-0.294295
"15405","TUR 2007","Turkey 2007","Türkiye",2007,-0.606,-0.518,-0.665,1.714,1.431,1.499,0.211,0.211,0.521,-0.89,-0.89,-0.89,0.848,0.847,0.849,1.858,2.097,1.954,0.625,-0.533,0.62,2,34.708,10,3,3.54697020793124,"MENA",0.31,0.306834351,0.6492,0.6402,0.6292,0.6237,0.6591,0.6623,0.6487,0.6444,0.6407,0.6402,0.6515,0.6529,1,"democracy",1,0,1,25,3.2188758248682,"Parliamentary",2,0.55725074,0,46.66,"AKP",46.66,NA,0,NA,0,0.47598809,35.139999,"CHP",20.85,"MHP",14.29,NA,0,"AKP",NA,0,1,0.24552,0.52886,0.192312,0.75392,62,92.9,0.396,0.853,1.216,0.218283,0.097989,0.132459,30.9,"high edi","Electoral democracy",0.32076,0.69093,0.704156,0.24552,0.52886,0.192312
"15409","TUR 2011","Turkey 2011","Türkiye",2011,-1.763,-0.642,-0.317,0.94,1.43,1.43,-1.314,-0.347,-0.336,-1.453,-1.002,-1.224,0.662,0.712,0.715,1.466,1.466,1.466,0.538,-0.533,0.52,2,39.024,10,3,3.66417684147356,"MENA",0.37,0.370848149,0.6224,0.6151,0.5914,0.5498,0.6237,0.6292,0.6418,0.6418,0.6388,0.6324,0.6402,0.6407,1,"democracy",1,0,1,29,3.36729582998647,"Parliamentary",2,0.57791686,0,49.830002,"AKP",49.830002,NA,0,NA,0,0.40704289,38.989998,"CHP",25.98,"MHP",13.01,NA,0,"AKP",NA,0,1,0.531335,0.56644,0.36516,1.04958,59.5,98.9,0.893,0.952,1.764,0.196978,0.181028,-0.141089,39.4,"low edi","Electoral democracy",0.7121675,0.75922,1.06458,0.531335,0.56644,0.36516
"15431","UKR 1998","Ukraine 1998","Ukraine",1998,0.316,0.316,0.316,-0.772,-0.772,-0.772,0.901,0.901,0.901,0.683,0.683,1.043,0.267,0.311,0.311,-0.499,-0.499,-0.499,0.405,0.515,0.45,1,11.289,4,1,2.42382880027941,"E. Europe",0,0.418698357,0.3332,0.3307,0.3272,0.3265,0.3361,0.3428,0.3534,0.3532,0.3533,0.3543,0.3541,0.3547,1,"democracy",1,0,0,8,2.07944154167984,"Presidential",5,0.5518797,0.66357452,22.16,"PMU",9.5,"PPU",6.3299999,"SPU",6.3299999,0.5518797,42.09,"CPU",26.030001,"Hromada",4.52,"Green",4.3000002,"MBR",52.099998,0,0,0.029025,0.08901,0.32435,0.233619,12.9,80.4,NA,NA,NA,0.260289,0.353702,-1.221441,53.3,"low edi","Autocratic",NA,NA,NA,NA,NA,NA
"15435","UKR 2002","Ukraine 2002","Ukraine",2002,-0.434,-0.218,-0.218,-0.772,-0.772,-0.772,-1.373,-0.264,-0.264,0.683,0.683,0.683,0.37,0.298,0.298,0.425,-0.499,-0.499,0.517,-0.069,0.391,1,14.337,4,1,2.66284360826413,"E. Europe",0.6,0.601953712,0.3256,0.326,0.3259,0.3254,0.3265,0.3272,0.3564,0.3592,0.3625,0.3648,0.3543,0.3533,1,"democracy",1,0,0,12,2.484906649788,"Presidential",4,0.86238062,0,12.55,"FUU",12.55,NA,0,NA,0,0.72876835,53.75,"OU",25.129999,"CPU",21.299999,"SDPU",7.3200002,"FUU",57.700001,0,0,0.119964,0.007176,0.011775,0.045864,15.6,100,0.769,0.046,0.294,0.383282,0.572707,-0.71029,84.4,"low edi","Autocratic",0.444482,0.026588,0.1528875,0.444482,0.026588,0.1528875
"15439","UKR 2006","Ukraine 2006","Ukraine",2006,-0.479,-0.76,-0.539,-0.817,-0.851,-0.851,-0.303,-0.188,-0.249,0.943,0.943,0.943,0.299,0.336,0.322,0.031,0.155,0.063,0.683,1.296,0.58,2,20.59,4,1,3.0248055210397,"E. Europe",0.57,0.574269412,0.333,0.3401,0.3447,0.3497,0.3254,0.3259,0.3679,0.3702,0.3716,0.372,0.3648,0.3625,1,"democracy",1,0,0,16,2.77258872223978,"Presidential",3,0.70859689,0.58755845,55.389999,"PR",32.119999,"NSNU",13.94,"SPU",5.6700001,0,22.27,"BYT",22.27,NA,0,NA,0,"independent",52,0,0,0.37735,0.257357,0.850408,0.469177,66.6,95.3,NA,NA,NA,0.195734,0.21238,-0.179949,28.7,"low edi","Electoral democracy",NA,NA,NA,NA,NA,NA
"15440","UKR 2007","Ukraine 2007","Ukraine",2007,-0.479,-0.479,-0.76,-0.817,-0.817,-0.851,0.004,-0.303,-0.188,1.36,0.943,0.943,0.302,0.299,0.336,0.031,0.031,0.155,0.686,1.296,0.604,2,22.008,4,1,3.09140602362227,"E. Europe",0.47,0.194278459,0.3401,0.3447,0.3497,0.3533,0.333,0.3254,0.3702,0.3716,0.372,0.3705,0.3679,0.3648,1,"democracy",1,0,0,17,2.83321334405622,"Presidential",3,0.69896561,0.43403664,44.879997,"BYT",30.719999,"NU-NS",14.16,NA,0,0.35730299,43.73,"PR",34.369999,"KPU",5.3899999,"Lytvyn",3.97,"independent",52,0,0,0.319723,0.31325,-0.427772,0.424129,50.7,95.6,NA,NA,NA,0.302186,0.160671,-0.098157,44.9,"high edi","Electoral democracy",NA,NA,NA,NA,NA,NA
"15445","UKR 2012","Ukraine 2012","Ukraine",2012,-3.308,-1.091,-0.291,-1.078,-0.979,-0.967,-1.252,-0.326,0.216,0.486,0.242,0.242,0.148,0.212,0.207,-1.165,-0.718,-0.814,0.375,-1.49,0.483,1,22.681,4,1,3.1215275695983,"E. Europe",0.47,0.200699633,0.379,0.3865,0.3912,0.3924,0.3647,0.3533,0.3714,0.375,0.3772,0.378,0.3709,0.3705,1,"democracy",1,0,0,22,3.09104245335832,"Presidential",3,0.69896561,0.43403664,44.879997,"BYT",30.719999,"NU-NS",14.16,NA,0,0.35730299,43.73,"PR",34.369999,"KPU",5.3899999,"Lytvyn",3.97,"PR",48.950001,0,0,0.12432,0.1512,-0.035266,0.103488,22.4,79.5,0.83,0.196,0.122,0.378334,0.136788,-0.188915,48.2,"low edi","Autocratic",0.47716,0.1736,0.043367,0.47716,0.1736,0.043367
"15447","UKR 2014","Ukraine 2014","Ukraine",2014,-3.029,-3.607,-3.308,-1.078,-1.078,-1.078,-2.386,-2.147,-1.252,0.495,-0.091,0.486,0.156,0.156,0.148,-0.983,-0.983,-1.165,0.51,1.09,0.417,1,21.84,4,1,3.0837431508767,"E. Europe",0.47,0.200699633,0.3912,0.3924,NA,NA,0.3865,0.379,0.3772,0.378,NA,NA,0.375,0.3714,1,"democracy",1,0,0,24,3.17805383034795,"Presidential",3,0.85080898,0.68798995,0,"BPP",NA,"PF",NA,"Samopomich",NA,0.43184885,0,"Opposition bloc",NA,"Freedom",NA,"Strong Ukraine",0,"independent",NA,0,0,0.219164,0.096983,-0.566951,0.324937,29.3,71.6,NA,NA,NA,0.012701,0.010985,0.011167,1.3,"low edi","Autocratic",NA,NA,NA,NA,NA,NA
"15648","GBR 1979","United Kingdom 1979","United Kingdom",1979,0.646,0.646,1.066,1.764,1.764,1.764,1.594,1.594,1.594,1.849,1.849,1.849,0.909,0.909,0.909,1.923,1.923,1.923,0.877,-0.707,0.818,3,50.062,2,5,3.9132622372631,"W. Europe, N. Am.",0.37,0.370383334,0.8818,0.8912,0.8998,0.9103,0.8722,0.8631,0.9948,0.9949,0.995,0.9951,0.9949,0.995,1,"democracy",1,0,0,95,4.55387689160054,"Parliamentary",4,0.538486,0,43.900002,"Conservative",43.900002,NA,0,NA,0,0.18321732,53.900002,"Labour",36.900002,"Liberal",13.8,"Ulster Unionists",0.80000001,"Conservative",NA,0,1,0.060876,0.146316,-0.64165,1.069602,53.4,97.5,0.114,0.274,2.003,0.044879,0.18486,-0.345098,44.1,"high edi","Liberal democracy",0.087438,0.210158,0.680675,0.060876,0.146316,-0.64165
"15652","GBR 1983","United Kingdom 1983","United Kingdom",1983,0.646,0.646,0.646,1.764,1.764,1.764,1.594,1.594,1.594,1.849,1.849,1.849,0.909,0.909,0.909,1.923,1.923,1.923,0.922,-0.707,0.808,3,52.572,2,5,3.96218365861976,"W. Europe, N. Am.",0.36,0.358112575,0.923,0.9321,0.9378,0.9416,0.9103,0.8998,0.9952,0.9952,0.9952,0.9953,0.9951,0.995,1,"democracy",1,0,0,99,4.59511985013459,"Parliamentary",4,0.52280039,0,42.400002,"Conservative",42.400002,NA,0,NA,0,0.30838403,57.599998,"Labour",27.6,"SDP/LP",25.4,"Ulster Unionists",2.5,"Conservative",NA,0,1,0.080652,0.167414,0.348534,1.223833,61.1,95.9,0.132,0.274,2.003,0.03703,0.136206,-0.49749,32.2,"high edi","Liberal democracy",0.106326,0.220707,1.175767,0.080652,0.167414,0.348534
"15656","GBR 1987","United Kingdom 1987","United Kingdom",1987,0.646,0.646,0.646,1.764,1.764,1.764,1.594,1.594,1.594,1.849,1.849,1.849,0.909,0.909,0.909,1.923,1.923,1.923,0.922,-0.707,0.809,3,59.43,2,5,4.08479914937857,"W. Europe, N. Am.",0.35,0.34871958,0.9459,0.9508,0.9563,0.9612,0.9416,0.9378,0.9955,0.9956,0.9957,0.9958,0.9953,0.9952,1,"democracy",1,0,0,103,4.63472898822964,"Parliamentary",4,0.53516537,1.110223e-16,42.200001,"Conservative",42.200001,NA,0,NA,0,0.27257332,57.700001,"Labour",30.799999,"SDP/LP",22.6,"Ulster Unionists",2.2,"Conservative",NA,0,1,0.076296,0.158372,0.369366,1.157734,57.8,95.6,0.132,0.274,2.003,0.04048,0.148896,-0.422048,35.2,"high edi","Liberal democracy",0.104148,0.216186,1.186183,0.076296,0.158372,0.369366
"15661","GBR 1992","United Kingdom 1992","United Kingdom",1992,0.646,0.646,0.646,1.764,1.764,1.764,1.594,1.594,1.594,1.849,1.849,1.849,0.909,0.909,0.909,1.923,1.923,1.923,0.93,-0.707,0.818,3,63.71,2,5,4.1543415361284,"W. Europe, N. Am.",0.36,0.360338825,0.9689,0.9706,0.9734,0.9755,0.9656,0.9612,0.9958,0.9959,0.9959,0.9959,0.9958,0.9958,1,"democracy",1,0,0,108,4.68213122712422,"Parliamentary",4,0.56224382,0,41.900002,"Conservative",41.900002,NA,0,NA,0,0.26309413,55.799999,"Labour",34.400002,"SDP/LP",17.799999,"Ulster Unionists",0.80000001,"Conservative",NA,0,1,0.060372,0.09288,-0.00303999999999999,0.8514,51.6,96.3,0.117,0.18,1.65,0.03744,0.169312,-0.340288,41.6,"high edi","Liberal democracy",0.088686,0.13644,0.82348,0.060372,0.09288,-0.00303999999999999
"15666","GBR 1997","United Kingdom 1997","United Kingdom",1997,1.473,1.473,0.646,1.764,1.764,1.764,1.594,1.594,1.594,1.849,1.849,1.849,0.909,0.909,0.909,1.923,1.923,1.923,0.947,-0.707,0.813,3,72.639,2,5,4.28550196767845,"W. Europe, N. Am.",0.37,0.373178688,0.9757,0.9764,0.9775,0.9784,0.9764,0.9755,0.996,0.9959,0.9959,0.9958,0.996,0.9959,1,"democracy",1,0,0,113,4.72738781871234,"Parliamentary",3,0.52768964,1.110223e-16,43.200001,"Labour",43.200001,NA,0,NA,0,0.48567209,54,"Conservative",30.700001,"LDP",16.799999,"Ulster Unionists",0.80000001,"Labour",NA,0,1,0.05724,0.246132,0.426,0.121476,63.6,95.6,0.09,0.387,-0.191,0.02797,0.06768,0.41964,32,"high edi","Liberal democracy",0.07362,0.316566,0.1175,0.05724,0.246132,0.426
"15670","GBR 2001","United Kingdom 2001","United Kingdom",2001,1.473,1.473,1.473,1.764,1.764,1.764,1.594,1.594,1.594,1.849,1.849,1.849,0.909,0.909,0.909,1.923,1.923,1.923,0.947,-0.707,0.859,3,81.13,2,5,4.39605280640697,"W. Europe, N. Am.",0.35,0.352410564,0.9793,0.9797,0.9795,0.9789,0.9784,0.9775,0.9958,0.9958,0.9956,0.9954,0.9958,0.9959,1,"democracy",1,0,0,117,4.76217393479776,"Parliamentary",3,0.53668189,1.110223e-16,40.700001,"Labour",40.700001,NA,0,NA,0,0.4958314,55.299999,"Conservative",31.700001,"LDP",18.299999,"Ulster Unionists",0.80000001,"Labour",NA,0,1,0.05625,0.201875,0.00603,0.119375,62.5,95.6,0.09,0.323,-0.191,0.028793,0.070956,0.229062,33.1,"high edi","Liberal democracy",0.073125,0.2624375,-0.092485,0.05625,0.201875,0.00603
"15674","GBR 2005","United Kingdom 2005","United Kingdom",2005,1.473,1.473,1.473,1.764,1.764,1.764,1.594,1.594,1.594,1.849,1.849,1.849,0.909,0.909,0.909,1.923,1.923,1.923,0.954,-0.707,0.865,3,87.393,2,5,4.47041518792081,"W. Europe, N. Am.",0.36,0.358723598,0.9783,0.9767,0.976,0.9755,0.9789,0.9795,0.9953,0.9951,0.9949,0.9947,0.9954,0.9956,1,"democracy",1,0,0,121,4.79579054559674,"Parliamentary",3,0.59419298,0,35.189999,"Labour",35.189999,NA,0,NA,0,0.48819801,64.809998,"Conservative",32.360001,"LDP",22.049999,"DUP",0.89999998,"Labour",NA,0,1,0.0495,0.17765,0,0.10505,55,95.3,0.09,0.323,-0.191,0.03506,0.086364,0.279031,40.3,"high edi","Liberal democracy",0.06975,0.250325,-0.0955,0.0495,0.17765,0
"15679","GBR 2010","United Kingdom 2010","United Kingdom",2010,1.347,1.251,1.251,1.764,1.764,1.764,1.594,1.594,1.594,1.849,1.849,1.849,0.912,0.909,0.909,1.923,1.923,1.923,0.952,0.986,0.866,3,85.428,2,5,4.44767391590974,"W. Europe, N. Am.",0.4,0.396903069,0.972,0.9692,0.9652,0.9615,0.974,0.9755,0.9945,0.9943,0.9941,0.994,0.9945,0.9947,1,"democracy",1,0,0,126,4.83628190695148,"Parliamentary",4,0.62127078,0.26606572,59.080002,"Conservative",36.049999,"LDP",23.030001,NA,0,0.22746174,40.93,"Labour",29,"DUP",0.56999999,"SNP",1.65,"Conservative",NA,0,0,0.043424,0.08496,0.326437,0.413944,47.2,95.7,0.092,0.18,0.877,0.03573,0.128231,-0.331892,39.7,"high edi","Liberal democracy",0.067712,0.13248,0.6017185,0.043424,0.08496,0.326437
"15858","URY 1989","Uruguay 1989","Uruguay",1989,1.013,1.013,0.765,1.815,1.815,1.815,0.796,0.796,0.796,1.918,1.918,1.918,0.909,0.909,0.851,0.876,0.876,1.053,0.915,1.594,0.82,3,24.869,18,2,3.21362204791965,"Latin Am.",0.53,0.529832598,0.8546,0.8719,0.8834,0.8881,0.8278,0.787,0.8747,0.8949,0.9059,0.9126,0.8421,0.787,1,"democracy",1,0,2,5,1.6094379124341,"Presidential",4,0.7068646,0.49872124,0,"PN",NA,"Colorado",NA,NA,0,0.43448275,0,"Broad Front",NA,"New Space",NA,NA,0,"PN",NA,0,0,0.028698,0.061847,0.24104,1.024057,69.7,100,0.039,0.047,1.594,NA,NA,NA,NA,"high edi","Liberal democracy",0.033849,0.0544235,0.91752,0.033849,0.0544235,0.91752
"15863","URY 1994","Uruguay 1994","Uruguay",1994,1.013,1.013,1.013,1.815,1.815,1.815,0.796,0.796,0.796,1.918,1.918,1.918,0.909,0.909,0.909,0.876,0.876,0.876,0.926,0.455,0.842,3,29.558,18,2,3.38635443479238,"Latin Am.",0.56,0.563205596,0.8866,0.8998,0.9078,0.9113,0.8824,0.8881,0.9136,0.9209,0.9259,0.9264,0.9114,0.9126,1,"democracy",1,0,2,10,2.30258509299405,"Presidential",4,0.70397854,0.67375886,94.699997,"Colorado",32.5,"PN",31.4,"EP",30.799999,0,5.3000002,"New Space",5.3000002,NA,0,NA,0,"Colorado",NA,0,0,0.02215,0.225538,-0.307925,1.242967,94.9,100,0.024,0.143,1.006,0.000816,0.016065,-0.024837,5.1,"high edi","Liberal democracy",0.023075,0.184269,0.3490375,0.023075,0.184269,0.3490375
"15868","URY 1999","Uruguay 1999","Uruguay",1999,0.761,0.761,0.761,1.815,1.815,1.815,0.796,0.796,0.796,1.918,1.918,1.918,0.927,0.902,0.914,0.876,0.876,0.876,0.926,-0.433,0.876,3,32.235,18,2,3.47305281876258,"Latin Am.",0.4,0.563890275,0.9097,0.9077,0.9101,0.904,0.9112,0.9113,0.9258,0.9239,0.9262,0.9261,0.9273,0.9264,1,"democracy",1,0,2,15,2.70805020110221,"Presidential",4,0.68274581,0.48888889,55.099998,"Colorado",32.799999,"PN",22.299999,NA,0,0,40.099998,"EP",40.099998,NA,0,NA,0,"Colorado",51.59,0,0,0.01332,0.072039,-0.113732,0.713508,55.5,95.9,0.022,0.143,1.078,0.008888,0.212504,-0.497324,40.4,"high edi","Liberal democracy",0.01766,0.1075195,0.482134,0.01766,0.1075195,0.482134
"15873","URY 2004","Uruguay 2004","Uruguay",2004,1.451,1.451,0.761,1.815,1.815,1.815,1.701,1.701,1.701,1.918,1.918,1.918,0.945,0.945,0.922,1.974,1.974,0.876,0.938,1.44,0.875,3,29.04,18,2,3.3686741899566,"Latin Am.",0.4,0.246137092,0.9038,0.8917,0.8888,0.8806,0.9065,0.904,0.937,0.9432,0.9491,0.952,0.9313,0.9261,1,"democracy",1,0,2,20,2.99573227355399,"Presidential",2,0.59472275,0,51.66,"EP-FA",51.66,NA,0,NA,0,0.35353535,45.740002,"PN",35.130001,"Colorado",10.61,NA,0,"EP-FA",NA,0,1,0.0107,0.28141,0.515966,0.717435,53.5,100,0.02,0.526,-1.341,0.010533,0.032279,0.508104,46.5,"high edi","Liberal democracy",0.01535,0.403705,-0.412517,0.01535,0.403705,-0.412517
"15878","URY 2009","Uruguay 2009","Uruguay",2009,0.99,0.99,1.366,1.815,1.815,1.815,1.665,1.166,1.701,1.918,1.918,1.918,0.932,0.932,0.942,1.974,1.974,1.974,0.898,-0.384,0.894,3,38.017,18,2,3.63803342810802,"Latin Am.",0.47,0.467127005,0.8364,0.8048,0.7639,0.7485,0.8643,0.8806,0.95,0.9468,0.9379,0.9403,0.9534,0.952,1,"democracy",1,0,2,25,3.2188758248682,"Presidential",2,0.62976706,1.110223e-16,0,"EP-FA",NA,NA,0,NA,0,0.4717854,0,"PN",NA,"Colorado",NA,NA,0,"EP-FA",52.389999,0,1,0.01212,0.260075,0.253156,0.67367,50.5,98,0.024,0.515,-1.334,0.011187,0.057623,0.634287,47.5,"high edi","Liberal democracy",0.01806,0.3875375,-0.540422,0.01806,0.3875375,-0.540422
"15883","URY 2014","Uruguay 2014","Uruguay",2014,1,1.102,0.954,2.025,2.025,1.865,1.721,1.357,1.653,1.918,1.918,1.918,0.946,0.946,0.937,1.931,1.931,1.931,0.915,-0.384,0.911,3,46.729,18,2,3.84436495695415,"Latin Am.",0.5,0.499180688,0.7232,0.7068,NA,NA,0.7353,0.7485,0.9293,0.9095,NA,NA,0.9375,0.9403,1,"democracy",1,0,2,30,3.40119738166216,"Presidential",2,0.6291486,1.110223e-16,0,"EP-FA",NA,NA,0,NA,0,0.44541064,0,"PN",NA,"Colorado",NA,NA,0,"EP-FA",52.82,0,1,0.008585,0.249975,0.57213,0.67367,50.5,95.9,0.017,0.495,-1.334,0.009211,0.033268,0.576126,45.4,"high edi","Liberal democracy",0.0127925,0.3724875,-0.380935,0.0127925,0.3724875,-0.380935
"17194","DOM 1978","Dominican Republic 1978","Dominican Republic",1978,-0.138,-0.138,-0.138,-0.626,-0.626,-0.626,0.039,0.039,0.268,-0.686,-0.686,-0.686,0.487,0.468,0.346,0.881,0.881,-0.152,0.15,-1.584,0.358,1,9.642,19,2,2.26612855598343,"Latin Am.",0,0.124053724,0.4192,0.4386,0.455,0.4626,0.3942,0.3722,0.4002,0.4397,0.4715,0.4919,0.3538,0.319,1,"democracy",1,0,0,13,2.56494935746154,"Presidential",1,0.50256413,0,0,"PRD",NA,NA,0,NA,0,0,0,"PR",NA,NA,0,NA,0,"PRD",NA,0,1,0.200787,0.332537,-0.688258,0.254541,52.7,100,0.381,0.631,-0.483,0.471108,0.088451,0.880726,47.3,"low edi","Autocratic",0.2908935,0.4817685,-0.585629,0.2908935,0.4817685,-0.585629
"17198","DOM 1982","Dominican Republic 1982","Dominican Republic",1982,-0.138,-0.138,-0.138,-0.626,-0.626,-0.626,0.055,0.055,0.296,-0.686,-0.686,-0.686,0.392,0.392,0.487,-0.721,-0.721,0.881,0.209,1.602,0.502,2,10.545,19,2,2.35565181393074,"Latin Am.",0,0.40045584,0.4642,0.463,0.4633,0.4672,0.4626,0.455,0.5034,0.5111,0.5148,0.5172,0.4919,0.4715,1,"democracy",1,0,0,17,2.83321334405622,"Presidential",1,0.56064421,0,0,"PRD",NA,NA,0,NA,0,0.24621899,0,"PR",NA,"PLD",NA,"PAC",NA,"PRD",NA,0,1,0.195943,0.262636,0.209296,0.249711,51.7,99.2,0.379,0.508,-0.483,0.430763,0.098002,0.740726,47.5,"low edi","Electoral democracy",0.2874715,0.385318,-0.136852,0.2874715,0.385318,-0.136852
"17202","DOM 1986","Dominican Republic 1986","Dominican Republic",1986,-0.743,-0.743,-0.743,-0.626,-0.626,-0.626,-0.689,-0.689,-0.366,-0.686,-0.686,-0.686,0.32,0.32,0.362,-1.353,-1.353,-0.721,0.12,1.602,0.518,2,10.726,19,2,2.37267070056073,"Latin Am.",0,0.417989897,0.467,0.4604,0.454,0.441,0.4672,0.4633,0.5149,0.5061,0.4986,0.487,0.5172,0.5148,1,"democracy",1,0,0,21,3.04452243772342,"Presidential",5,0.60952383,0,0,"PRSC",NA,NA,0,NA,0,0.38095239,0,"PRD",NA,"PLD",NA,NA,0,"PRSC",NA,0,0,0.446452,0.085928,0.184906,0.878427,46.7,100,0.956,0.184,1.881,0.233505,0.253115,-0.21077,53.3,"low edi","Electoral democracy",0.701226,0.134964,1.032953,0.701226,0.134964,1.032953
"17206","DOM 1990","Dominican Republic 1990","Dominican Republic",1990,-0.743,-0.743,-0.743,-0.626,-0.626,-0.626,-0.713,-0.713,-0.405,-0.686,-0.686,-0.686,0.31,0.31,0.31,-1.353,-1.353,-1.353,0.159,-1.133,0.453,1,11.218,19,2,2.41751963108615,"Latin Am.",0,0.43047619,0.4289,0.4224,0.4199,0.4118,0.441,0.454,0.4759,0.4697,0.4663,0.4603,0.487,0.4986,1,"democracy",1,0,0,25,3.2188758248682,"Presidential",7,0.54885054,0.094076656,0,"PRSC",NA,"Socialist Block",NA,"Dominican Workers' Party",NA,0.085024156,0,"PRD",NA,"DRI",NA,NA,0,"PRSC",NA,0,0,0.32832,0.033858,-0.659064,0.643302,34.2,100.1,0.96,0.099,1.881,0.08415,0.14025,-0.11605,27.5,"low edi","Autocratic",0.64416,0.066429,0.610968,0.64416,0.066429,0.610968
"17210","DOM 1994","Dominican Republic 1994","Dominican Republic",1994,0.149,-0.375,-0.743,-1.142,-0.626,-0.626,1.583,0.594,0.058,-0.686,-0.686,-0.686,0.267,0.274,0.274,-1.353,-1.353,-1.353,0.159,-1.133,0.424,1,12.952,19,2,2.56125021637533,"Latin Am.",0,0.471855501,0.4068,0.4122,0.424,0.4404,0.4118,0.4199,0.4572,0.4601,0.4694,0.4831,0.4603,0.4663,1,"democracy",1,0,0,29,3.36729582998647,"Presidential",5,0.59397757,1.110223e-16,39.700001,"PRSC",39.700001,NA,0,NA,0,0.30683228,58.800003,"PRD",42.700001,"PLD",16.1,NA,0,"PRSC",NA,0,0,0.399069,0.029607,0.148045,0.803559,41.7,100,0.957,0.071,1.927,0.143074,0.237412,-0.097545,58.3,"low edi","Autocratic",0.6780345,0.0503035,1.0375225,0.6780345,0.0503035,1.0375225
"17214","DOM 1998","Dominican Republic 1998","Dominican Republic",1998,-0.289,-0.289,-0.736,-0.2,-0.2,-0.2,1.343,1.343,1.343,-0.686,-0.686,-0.686,0.37,0.398,0.398,-0.688,-0.34,-0.34,0.159,1.304,0.634,2,15.766,19,2,2.75785572263772,"Latin Am.",0,0.342638849,0.4549,0.4661,0.4682,0.4652,0.4404,0.424,0.4953,0.503,0.5052,0.505,0.4831,0.4694,1,"democracy",1,0,0,33,3.49650756146648,"Presidential",5,0.5723744,0,30.799999,"PLD",30.799999,NA,0,NA,0,0.28505051,68.18,"PRD",51.349998,"PRSC",16.83,NA,0,"PLD",51.25,0,0,0.094094,0.057904,0.003686,0.190491,32.9,100,0.286,0.176,0.579,0.275462,0.20691,0.222463,67.1,"high edi","Electoral democracy",0.190047,0.116952,0.291343,0.190047,0.116952,0.291343
"17218","DOM 2002","Dominican Republic 2002","Dominican Republic",2002,-0.289,-0.289,-0.289,-0.2,-0.2,-0.2,1.343,1.343,1.343,-0.686,-0.686,-0.686,0.374,0.37,0.37,-0.701,-0.688,-0.688,0.139,-1.613,0.66,2,17.84,19,2,2.88144312715186,"Latin Am.",0,0.3675227,0.4602,0.4571,0.4503,0.452,0.4652,0.4682,0.5034,0.5026,0.4992,0.4982,0.505,0.5052,1,"democracy",1,0,0,37,3.61091791264422,"Presidential",5,0.63507831,0.44648319,66.199997,"PRD",41.900002,"PRSC",24.299999,NA,0,0,29.1,"PLD",29.1,NA,0,NA,0,"PRD",NA,0,0,0.411152,0.21509,-0.02136,0.652661,72.7,100,0.416,0.35,0.323,0.092001,0.0546,0.158067,27.3,"high edi","Electoral democracy",0.413576,0.282545,0.15082,0.413576,0.282545,0.15082
"17222","DOM 2006","Dominican Republic 2006","Dominican Republic",2006,-0.778,-0.778,-0.778,-0.2,-0.2,-0.2,1.343,1.343,1.343,-0.686,-0.686,-0.686,0.37,0.37,0.374,-0.795,-0.795,-0.701,0.171,-1.388,0.637,2,20.691,19,2,3.02969882311726,"Latin Am.",0,0.303248322,0.4475,0.4439,0.4387,0.4376,0.452,0.4503,0.4942,0.4898,0.4833,0.4782,0.4982,0.4992,1,"democracy",1,0,0,41,3.71357206670431,"Presidential",2,0.58350796,0,0,"PLD",NA,NA,0,NA,0,0.39747065,0,"PRD",NA,"PRSC",NA,NA,0,"PLD",NA,0,0,0.143913,0.100254,-0.445104,0.503965,53.9,100,0.267,0.186,0.935,0.177908,0.137695,0.364787,46.1,"high edi","Electoral democracy",0.2054565,0.143127,0.244948,0.2054565,0.143127,0.244948
"17226","DOM 2010","Dominican Republic 2010","Dominican Republic",2010,-0.969,-0.778,-0.778,-0.2,-0.2,-0.2,1.505,1.349,0.878,-0.867,-0.867,-1.068,0.4,0.374,0.372,-0.556,-0.884,-0.884,0.237,-1.195,0.614,2,24.341,19,2,3.19216217134978,"Latin Am.",0,0.377305091,0.4423,0.4539,0.4666,0.474,0.4376,0.4387,0.4778,0.4835,0.4919,0.4989,0.4782,0.4833,1,"democracy",1,0,0,45,3.80666248977032,"Presidential",2,0.50531435,0,0,"PLD",NA,NA,0,NA,0,0.074925072,0,"PRD",NA,"PRSC",NA,NA,0,"PLD",NA,0,1,0.192024,0.065532,-0.155,0.530352,50.8,96.7,0.378,0.129,1.044,0.219075,0.144606,0.338445,45.9,"high edi","Electoral democracy",0.285012,0.097266,0.4445,0.285012,0.097266,0.4445
"17558","GMB 1977","The Gambia 1977","The Gambia",1977,1.016,1.016,1.016,2.22,2.22,2.22,-0.087,-0.087,-0.087,0.584,0.584,0.584,0.797,0.797,0.797,0.796,0.796,0.796,0.344,-0.873,0.458,1,4.558,6,4,1.51688393082349,"Sub-S. Africa",0,0.154577621,0.4026,0.411,0.419,0.4336,0.3938,0.3841,0.7633,0.7634,0.7614,0.7571,0.7618,0.7626,1,"democracy",1,0,0,6,1.79175946922805,"Assembly-Elected President",3,0.31628788,0,69.599998,"PPP",69.599998,NA,0,NA,0,0.33333334,25.700001,"NCP",22.700001,"UP",3,NA,0,"PPP",NA,0,1,0.191412,0.221678,0.246052,0.165236,81.8,97,0.234,0.271,-0.202,0.043016,0.02356,0.01216,15.2,"low edi","Autocratic",0.212706,0.246339,0.022026,0.191412,0.221678,0.246052
"17563","GMB 1982","The Gambia 1982","The Gambia",1982,1.016,1.016,1.016,2.22,2.22,2.22,0.618,0.618,0.618,0.584,0.584,0.584,0.785,0.785,0.785,0.796,0.796,0.796,0.344,-0.873,0.454,1,4.79,6,4,1.56653041142282,"Sub-S. Africa",0,0.16807563,0.448,0.4499,0.4504,0.4614,0.4434,0.4336,0.7418,0.7352,0.7294,0.7335,0.7486,0.7571,1,"democracy",1,0,0,11,2.39789527279837,"Presidential",3,0.40504202,0,61.700001,"PPP",61.700001,NA,0,NA,0,0.89285713,19.700001,"NCP",19.700001,"independent",NA,"independent",NA,"PPP",NA,0,1,0.279873,0.084039,-0.285512,0.155742,77.1,85.7,0.363,0.109,-0.202,0.01806,0.01333,0.00688,8.6,"low edi","Autocratic",0.3214365,0.0965195,-0.243756,0.3214365,0.0965195,-0.243756
"17568","GMB 1987","The Gambia 1987","The Gambia",1987,1.016,1.016,1.016,2.22,2.22,2.22,0.618,0.618,0.618,0.584,0.584,0.584,0.785,0.785,0.785,0.796,0.796,0.796,0.344,-0.873,0.471,1,4.491,6,4,1.5020753941056,"Sub-S. Africa",0,0.258836471,0.483,0.4953,0.4934,0.486,0.4717,0.4614,0.7411,0.7469,0.7431,0.7311,0.7357,0.7335,1,"democracy",1,0,0,16,2.77258872223978,"Presidential",3,0.24603176,0,56.610001,"PPP",56.610001,NA,0,NA,0,0,27.6,"NCP",27.6,NA,0,NA,0,"PPP",NA,0,1,0.280686,0.093849,-0.10943,0.118818,86.1,100,0.326,0.109,0.138,0.03197,0.021545,0.034055,13.9,"low edi","Autocratic",0.303343,0.1014245,0.014285,0.303343,0.1014245,0.014285
"17573","GMB 1992","The Gambia 1992","The Gambia",1992,-0.551,0.737,0.737,0.739,2.22,2.22,-1.108,0.618,0.618,-0.291,0.584,0.584,0.434,0.785,0.785,-0.373,0.796,0.796,0.344,-0.873,0.467,1,4.514,6,4,1.50718367839534,"Sub-S. Africa",0,0.164029365,0.4469,0.3966,0.3024,0.2565,0.4704,0.486,0.6682,0.5994,0.4827,0.4176,0.7078,0.7311,1,"democracy",1,0,0,21,3.04452243772342,"Presidential",3,0.4984127,0,0,"PPP",NA,NA,0,NA,0,0.70909089,0,"NCP",NA,"Gpp",NA,"independent",NA,"PPP",NA,0,1,0.221386,0.075646,0,0.095772,69.4,91.7,0.319,0.109,0.138,0.050562,0.036413,0.052127,22.3,"low edi","Autocratic",0.270193,0.092323,0.069,0.270193,0.092323,0.069
"17620","GEO 2004","Georgia 2004","Georgia",2004,0.162,0.162,-0.156,1.586,1.357,0.825,-1.057,-1.519,-1.75,1.159,0.785,0.171,0.594,0.554,0.447,-0.565,-0.709,-0.709,0.571,-0.365,0.553,2,13.683,10,1,2.61615418639767,"E. Europe",0.33,0.332439366,0.3407,0.3405,0.3595,0.3526,0.3412,0.3442,0.3357,0.3451,0.3644,0.3678,0.324,0.3201,1,"democracy",1,1,0,1,0,"Presidential",1,0.5227018,0,67.75,"UNM",67.75,NA,0,NA,0,0.66440421,17.83,"Rightist Opposition",7.7399998,"Democratic Union of Revival",3.95,"Labour",6.1399999,"UNM",NA,0,1,0.2745,0.6732,-0.01641,1.5678,90,100,0.305,0.748,1.742,0.0211,0.0433,0.1727,10,"low edi","Electoral democracy",0.28975,0.7106,0.862795,0.28975,0.7106,0.862795
"17624","GEO 2008","Georgia 2008","Georgia",2008,1.439,1.269,1.269,1.234,1.234,1.234,0.261,-0.03,-0.096,1.685,1.383,1.383,0.551,0.571,0.554,-0.431,-0.431,-0.565,0.58,-0.365,0.498,1,18.681,10,1,2.92750696455842,"E. Europe",0.12,0.120811409,0.3536,0.3616,0.3803,0.4156,0.3526,0.3595,0.375,0.3881,0.4086,0.4409,0.3678,0.3644,1,"democracy",1,0,0,5,1.6094379124341,"Presidential",2,0.3567785,0,59.18,"UNM",59.18,NA,0,NA,0,0.6408602,37.610001,"Joint Opposition",17.73,"Christian Democrats",8.6599998,"Labour",7.4400001,"UNM",NA,0,1,0.48373,0.440908,-0.410498,1.386957,79.3,98.6,0.61,0.556,1.749,0.030849,0.089835,0.008023,11.3,"low edi","Autocratic",0.546865,0.498454,0.669251,0.546865,0.498454,0.669251
"17628","GEO 2012","Georgia 2012","Georgia",2012,-0.049,-0.049,0.411,1.075,1.075,1.234,0.851,0.67,0.467,1.776,1.406,1.685,0.668,0.629,0.572,0.619,0.337,-0.071,0.605,-1.143,0.517,2,22.356,10,1,3.10709474140745,"E. Europe",0.24,0.237864242,0.4419,0.4679,0.4807,0.4848,0.4156,0.3803,0.4752,0.5097,0.5291,0.5392,0.4409,0.4086,1,"democracy",1,0,0,9,2.19722457733622,"Presidential",4,0.49440718,0,40.34,"UNM",40.34,NA,0,NA,0,0,54.970001,"GD-DG",54.970001,NA,0,NA,0,"UNM",NA,0,1,0.27712,0.256769,-0.116901,0.448588,43.3,100,0.64,0.593,1.036,0.223398,0.322056,-0.463806,56.7,"low edi","Electoral democracy",0.45856,0.4248845,0.4595495,0.45856,0.4248845,0.4595495
"17735","GNB 1994","Guinea-Bissau 1994","Guinea-Bissau",1994,-0.44,-0.44,-0.44,0.99,0.99,0.99,-0.264,-0.264,-0.47,-1.822,-1.822,-1.822,0.472,0.472,0.385,-0.22,-0.22,-1.014,0.321,-1.396,0.25,1,3.406,6,4,1.2255385822405,"Sub-S. Africa",0,0,0.2488,0.2537,0.2485,0.2288,0.231,0.2088,0.2945,0.2969,0.2981,0.2984,0.2915,0.2882,1,"democracy",1,1,0,1,0,"Presidential",3,0.56707072,0,46,"PAIGC",46,NA,0,NA,0,0.6415363,44.800003,"RGB-MB",19.200001,"PRS",10.3,"UM",12.8,"PAIGC",46,1,1,0.5363,0.25916,-0.31901,0.45198,62,99,0.865,0.418,-0.729,0.15354,0.21553,0.00134000000000002,37,"low edi","Autocratic",0.70065,0.33858,-0.524005,0.70065,0.33858,-0.524005
"17842","JAM 1976","Jamaica 1976","Jamaica",1976,1.228,1.228,1.228,1.141,1.141,1.141,0.367,0.367,0.367,1.688,1.688,1.688,0.884,0.884,0.884,1.892,1.892,1.892,0.561,-0.944,0.514,2,13.856,19,10,2.62871835182008,"Carribean",0.29,0.374292626,0.8051,0.8073,0.8122,0.8193,0.8014,0.7992,0.7189,0.7207,0.7224,0.7245,0.7176,0.7162,1,"democracy",1,0,0,15,2.70805020110221,"Parliamentary",3,0.34519774,0,56.799999,"PNP",56.799999,NA,0,NA,0,0,43.200001,"JLP",43.200001,NA,0,NA,0,"PNP",NA,0,1,0.699219,0.371925,-0.255204,0.24273,78.3,100,0.893,0.475,0.31,0.200291,0.031899,0.511686,21.7,"low edi","Electoral democracy",0.7961095,0.4234625,0.027398,0.699219,0.371925,-0.255204
"17846","JAM 1980","Jamaica 1980","Jamaica",1980,1.228,1.228,1.228,1.141,1.141,1.141,0.367,0.367,0.367,1.688,1.688,1.688,0.884,0.884,0.884,1.892,1.892,1.892,0.561,-0.944,0.503,2,11.802,19,10,2.46826900863498,"Carribean",0.22,0.32826473,0.8278,0.8341,0.8398,0.8403,0.8193,0.8122,0.7259,0.7268,0.7278,0.7287,0.7245,0.7224,1,"democracy",1,0,0,19,2.94443897916644,"Parliamentary",3,0.23502825,0,57.599998,"JLP",57.599998,NA,0,NA,0,0,42.299999,"PNP",42.299999,NA,0,NA,0,"JLP",NA,0,1,0.795039,0.12138,0.143975,1.663773,86.7,100,0.917,0.14,1.919,0.118636,0.075943,0.1064,13.3,"low edi","Electoral democracy",0.8560195,0.13069,1.0314875,0.795039,0.12138,0.143975
"17849","JAM 1983","Jamaica 1983","Jamaica",1983,1.228,1.228,1.228,1.141,1.141,1.141,0.367,0.367,0.367,1.688,1.688,1.688,0.884,0.884,0.884,1.892,1.892,1.892,0.561,-0.944,0.481,1,11.69,19,10,2.45873377548398,"Carribean",0.17,0.301824052,0.8403,0.8329,0.8226,0.8196,0.8398,0.8341,0.7287,0.7284,0.7278,0.7273,0.7278,0.7268,1,"democracy",1,0,0,22,3.09104245335832,"Parliamentary",1,0,0,100,"JLP",100,NA,0,NA,0,NA,0,NA,0,NA,0,NA,0,"JLP",NA,0,1,0.9,0.225,0.599565,1.352,100,100,0.9,0.225,1.352,NA,NA,NA,NA,"low edi","Autocratic",0.9,0.225,0.9757825,0.9,0.225,0.599565
"17855","JAM 1989","Jamaica 1989","Jamaica",1989,1.228,1.228,1.228,1.141,1.141,1.141,0.367,0.367,0.367,1.688,1.688,1.688,0.884,0.884,0.884,1.892,1.892,1.892,0.561,-0.944,0.56,2,13.247,19,10,2.58377111170212,"Carribean",0,0.198095238,0.8,0.8036,0.8105,0.8127,0.8033,0.8126,0.7257,0.7265,0.727,0.7274,0.7259,0.7264,1,"democracy",1,0,0,28,3.3322045101752,"Parliamentary",4,0.3977401,0,55.799999,"PNP",55.799999,NA,0,NA,0,0,44.099998,"JLP",44.099998,NA,0,NA,0,"PNP",NA,0,1,0.588599,0.416344,0.192126,0.403883,73.3,100,0.803,0.568,0.551,0.216804,0.060075,0.360984,26.7,"low edi","Electoral democracy",0.6957995,0.492172,0.371563,0.588599,0.416344,0.192126
"17859","JAM 1993","Jamaica 1993","Jamaica",1993,1.228,1.228,1.228,1.141,1.141,1.141,0.367,0.367,0.367,1.688,1.688,1.688,0.884,0.884,0.884,1.892,1.892,1.892,0.588,-0.944,0.62,2,15.222,19,10,2.7227417498452,"Carribean",0.25,0.350637611,0.818,0.8231,0.8292,0.8306,0.8127,0.8105,0.7273,0.7272,0.7275,0.7257,0.7274,0.727,1,"democracy",1,0,0,32,3.46573590279973,"Parliamentary",3,0.23502825,0,60.560001,"PNP",60.560001,NA,0,NA,0,0,39.439999,"JLP",39.439999,NA,0,NA,0,"PNP",NA,0,1,0.644181,0.391884,0.776136,0.477717,86.7,100,0.743,0.452,0.551,0.1064,0.028994,0.179816,13.3,"high edi","Electoral democracy",0.6935905,0.421942,0.663568,0.644181,0.391884,0.776136
"17863","JAM 1997","Jamaica 1997","Jamaica",1997,1.228,1.228,1.228,1.141,1.141,1.141,0.367,0.367,0.367,1.688,1.688,1.688,0.884,0.884,0.884,1.892,1.892,1.892,0.588,-0.944,0.651,2,15.446,19,10,2.73735007014707,"Carribean",0.14,0.281937046,0.8291,0.8235,0.8109,0.8046,0.8306,0.8292,0.7235,0.7211,0.7182,0.716,0.7257,0.7275,1,"democracy",1,0,0,36,3.58351893845611,"Parliamentary",3,0.28248587,1.110223e-16,55,"PNP",55,NA,0,NA,0,0,40,"JLP",40,NA,0,NA,0,"PNP",NA,0,1,0.523957,0.211582,-0.22644,0.458983,83.3,100,0.629,0.254,0.551,0.113059,0.036406,0.225784,16.7,"high edi","Electoral democracy",0.5764785,0.232791,0.16228,0.523957,0.211582,-0.22644
"17868","JAM 2002","Jamaica 2002","Jamaica",2002,1.228,1.228,1.228,1.141,1.141,1.141,0.367,0.367,0.367,1.688,1.688,1.688,0.884,0.884,0.884,1.892,1.892,1.892,0.739,-0.944,0.706,2,15.739,19,10,2.75614170856946,"Carribean",0.2,0.319903148,0.7912,0.7795,0.7635,0.7426,0.7983,0.8046,0.7107,0.7078,0.7052,0.7016,0.7141,0.716,1,"democracy",1,0,0,41,3.71357206670431,"Parliamentary",4,0.49943504,0,52.41,"PNP",52.41,NA,0,NA,0,0,47.049999,"JLP",47.049999,NA,0,NA,0,"PNP",NA,0,1,0.292005,0.144018,-0.092988,0.150255,56.7,100,0.515,0.254,0.265,0.219531,0.093095,0.425206,43.3,"high edi","Electoral democracy",0.4035025,0.199009,0.086006,0.292005,0.144018,-0.092988
"17873","JAM 2007","Jamaica 2007","Jamaica",2007,1.228,1.228,1.228,1.141,1.141,1.141,0.367,0.367,0.367,1.688,1.688,1.688,0.884,0.884,0.884,1.892,1.892,1.892,0.827,-0.944,0.767,2,16.952,19,10,2.830385820966,"Carribean",0.33,0.397869249,0.7085,0.6933,0.6732,0.6614,0.7211,0.7426,0.6947,0.6914,0.688,0.686,0.6979,0.7016,1,"democracy",1,0,0,46,3.8286413964891,"Parliamentary",4,0.50621468,0,50.099998,"JLP",50.099998,NA,0,NA,0,0,49.799999,"PNP",49.799999,NA,0,NA,0,"JLP",NA,0,1,0.22386,0.119392,-0.148631,0.523406,53.3,100,0.42,0.224,0.982,0.198008,0.118618,0.202211,46.7,"high edi","Electoral democracy",0.32193,0.171696,0.4166845,0.22386,0.119392,-0.148631
"17877","JAM 2011","Jamaica 2011","Jamaica",2011,1.384,1.384,1.228,1.141,1.141,1.141,1.146,0.428,0.367,1.613,1.232,1.688,0.867,0.884,0.884,1.892,1.892,1.892,0.832,-0.944,0.773,2,16.478,19,10,2.8020261578934,"Carribean",0.34,0.39945117,0.656,0.6546,0.6485,0.644,0.6614,0.6732,0.6852,0.6855,0.6852,0.6853,0.686,0.688,1,"democracy",1,0,0,50,3.91202300542815,"Parliamentary",4,0.45161292,0,0,"PNP",NA,NA,0,NA,0,0,0,"JLP",NA,NA,0,NA,0,"PNP",NA,0,1,0.278139,0.16675,0.471096,0.283475,66.7,100,0.417,0.25,0.425,0.143523,0.077922,0.327006,33.3,"high edi","Electoral democracy",0.3475695,0.208375,0.448048,0.278139,0.16675,0.471096
"18418","MDG 1998","Madagascar 1998","Madagascar",1998,-0.054,-0.054,-0.054,1.299,1.299,1.299,0.162,0.162,0.162,1.646,1.646,1.646,0.355,0.355,0.355,-1.054,-1.054,-1.054,0.321,1.233,0.509,2,2.563,8,4,0.941178447381934,"Sub-S. Africa",0,0.563024024,0.3863,0.3747,0.3641,0.3558,0.4026,0.4178,0.3823,0.3772,0.3732,0.3697,0.3919,0.4009,1,"democracy",1,0,0,6,1.79175946922805,"Presidential",3,0.75525725,0.38995004,0,"AREMA",NA,"Leader-Fanilo",NA,"AKFM",NA,0.72605044,0,"AVI",NA,"RPSD",NA,"AFFA",NA,"AREMA",50.709999,0,0,0.36204,0.16338,0.500357,0.14784,42,90.6,0.862,0.389,-0.352,0.096297,0.04809,0.02449,16.6,"low edi","Electoral democracy",0.61202,0.27619,0.0741785,0.61202,0.27619,0.0741785
"18422","MDG 2002","Madagascar 2002","Madagascar",2002,-0.012,-0.012,0.054,0.712,0.712,0.712,-0.799,-0.799,0.251,1.154,1.154,0.448,0.387,0.387,0.496,-1.328,-1.328,0.405,0.328,1.014,0.427,1,2.509,8,4,0.919884267384285,"Sub-S. Africa",0,0.5330617,0.3485,0.3429,0.3406,0.3405,0.3558,0.3641,0.3669,0.364,0.3618,0.3586,0.3697,0.3732,1,"democracy",1,0,0,10,2.30258509299405,"Presidential",2,0.55966979,0.3125,43.700001,"TIM",34.299999,"FP",8.8000002,"MFM",0.60000002,0.6388889,10.2,"RPSD",2,"AREMA",4.9000001,"Leader-Fanilo",3.3,"TIM",NA,0,0,0.433432,0.282942,0.142237,1.252254,78.2,93.9,0.548,0.369,1.689,0.01748,0.007296,0.003686,1.9,"low edi","Autocratic",0.490716,0.325971,0.9156185,0.490716,0.325971,0.9156185
"18427","MDG 2007","Madagascar 2007","Madagascar",2007,-0.554,-0.012,-0.012,0.841,0.712,0.712,-0.858,-0.799,-0.799,0.71,1.466,1.154,0.214,0.387,0.387,-1.885,-1.328,-1.328,0.301,0.64,0.488,1,2.778,8,4,1.02173124433215,"Sub-S. Africa",0,0.353474845,0.3345,0.3315,0.3309,0.3326,0.3397,0.3405,0.3524,0.3497,0.3496,0.352,0.3573,0.3586,1,"democracy",1,0,0,15,2.70805020110221,"Presidential",2,0.29548386,0,0,"TIM",NA,NA,0,NA,0,1,0,"Leader-Fanilo",NA,NA,0,NA,0,"TIM",NA,0,0,0.564841,0.305163,0.156116,1.396803,82.7,90.6,0.683,0.369,1.689,NA,NA,NA,NA,"low edi","Autocratic",0.6239205,0.3370815,0.922558,0.6239205,0.3370815,0.922558
"18449","MDA 1994","Moldova 1994","Moldova",1994,-0.103,-0.103,-0.103,0.786,0.786,1.868,1.39,1.39,0.993,0.009,1.521,1.521,0.757,0.757,0.811,0.535,0.535,0.535,0.534,0.736,0.57,2,7.576,4,1,2.02498535588378,"E. Europe",0,0,0.5254,0.5315,0.5387,0.5421,0.5181,0.5098,0.5023,0.5053,0.5106,0.5099,0.4996,0.4959,1,"democracy",1,0,0,4,1.38629436111989,"Presidential",1,0.62490666,0,43.18,"PDAM",43.18,NA,0,NA,0,0.58421987,38.740002,"PS",22,"Peasants and Intellectuals bloc",9.21,"FPCD",7.5300002,"independent",NA,0,1,0.245866,0.08608,0.380926,0.286216,53.8,100,NA,NA,NA,0.20312,0.152493,-0.06691,46.2,"low edi","Electoral democracy",NA,NA,NA,NA,NA,NA
"18453","MDA 1998","Moldova 1998","Moldova",1998,-0.103,-0.103,-0.103,0.786,0.786,0.786,1.39,1.39,1.39,1.525,1.525,1.525,0.742,0.757,0.757,0.535,0.535,0.535,0.661,-1.524,0.582,2,6.381,4,1,1.85332482488621,"E. Europe",0.48,0.478241486,0.5401,0.5365,0.5371,0.5374,0.5421,0.5387,0.5051,0.5,0.4984,0.5005,0.5099,0.5106,1,"democracy",1,0,0,8,2.07944154167984,"Presidential",2,0.73188949,0.47619048,48.300003,"PCM",30.1,"MMDP",18.200001,NA,0,0.42942944,28,"MMDP",19.200001,"PFD",8.8000002,NA,0,"PDAM",54.07,0,0,0.333828,0.063756,-0.199878,0.626076,39.6,100,NA,NA,NA,0.160881,0.156542,0.408423,36.6,"low edi","Electoral democracy",NA,NA,NA,NA,NA,NA
"18456","MDA 2001","Moldova 2001","Moldova",2001,0.011,0.011,0.011,1.501,1.501,1.501,0.527,0.527,0.527,-0.58,0.129,0.129,0.765,0.765,0.753,0.271,0.271,0.271,0.39,-0.501,0.505,2,6.587,4,1,1.88509800965856,"E. Europe",0,0.487577278,0.5374,0.539,0.5381,0.5389,0.5371,0.5365,0.5005,0.5039,0.5032,0.5039,0.4984,0.5,1,"democracy",1,0,0,11,2.39789527279837,"Assembly-Elected President",3,0.46316832,0,50.700001,"PCRM",50.700001,NA,0,NA,0,0.48045978,21.599998,"Braghis Alliance",13.36,"PPCD",8.2399998,NA,0,"PCRM",NA,0,1,0.623561,0.113183,0.077976,1.111443,70.3,100,0.887,0.161,-1.581,0.143,0.097168,0.216939,29.7,"low edi","Electoral democracy",0.7552805,0.1370915,-0.751512,0.623561,0.113183,0.077976
"18460","MDA 2005","Moldova 2005","Moldova",2005,0.011,0.011,0.011,1.563,1.501,1.501,0.527,0.527,0.527,0.212,0.212,0.212,0.763,0.765,0.765,0.271,0.271,0.271,0.633,1.465,0.444,1,8.646,4,1,2.15709678624544,"E. Europe",0.31,0.308794317,0.5415,0.5495,0.5579,0.5671,0.5389,0.5381,0.5068,0.5144,0.5243,0.5374,0.5039,0.5032,1,"democracy",1,0,0,15,2.70805020110221,"Assembly-Elected President",3,0.57306933,0,45.98,"PCRM",45.98,NA,0,NA,0,0.37777779,37.599998,"BMD",28.530001,"PPCD",9.0699997,NA,0,"PCRM",NA,0,1,0.519098,0.089194,0.338445,0.875874,55.4,100,0.937,0.161,-1.581,0.133455,0.192358,0.714421,44.6,"low edi","Autocratic",0.728049,0.125097,-0.6212775,0.519098,0.089194,0.338445
"18464","MDA 2009","Moldova 2009","Moldova",2009,-1.347,-1.347,0.011,1.741,1.741,1.514,0.976,0.976,0.527,1.623,1.623,0.212,0.819,0.819,0.744,0.746,0.746,0.271,0.733,1.321,0.451,1,10.342,4,1,2.33621327397403,"E. Europe",0.38,0.382065307,0.5777,0.5894,0.6041,0.6183,0.5671,0.5579,0.5527,0.5699,0.5868,0.6017,0.5374,0.5243,1,"democracy",1,0,0,19,2.94443897916644,"Assembly-Elected President",3,0.60540223,0.74092889,51.139999,"PLDM",16.57,"PL",14.68,"PDM",12.54,0,44.689999,"PCRM",44.689999,NA,0,NA,0,"PL",NA,0,0,0.208505,0.122957,0,0.488858,45.6,100,0.622,0.153,2.087,0.479001,0.098762,-0.683148,54.4,"low edi","Autocratic",0.4152525,0.1379785,1.0435,0.208505,0.122957,0
"18465","MDA 2010","Moldova 2010","Moldova",2010,-1.347,-1.347,-1.347,1.741,1.741,1.741,0.976,0.976,0.976,1.623,1.623,1.623,0.817,0.819,0.819,0.746,0.746,0.746,0.864,0.799,0.6,2,10.937,4,1,2.39215153635309,"E. Europe",0.47,0.470650594,0.5894,0.6041,0.6183,0.6262,0.5777,0.5671,0.5699,0.5868,0.6017,0.6106,0.5527,0.5374,1,"democracy",1,0,0,20,2.99573227355399,"Assembly-Elected President",3,0.69742578,0.61016947,52.099998,"PLDM",29.42,"PDM",12.72,"PL",9.96,0,39.32,"PCRM",39.32,NA,0,NA,0,"PDM",NA,0,0,0.239027,0.11837,-0.295293,0.560887,58.5,100.1,0.416,0.368,-0.053,0.366912,0.178464,-0.657696,41.6,"high edi","Electoral democracy",0.3275135,0.243185,-0.1741465,0.239027,0.11837,-0.295293
"18469","MDA 2014","Moldova 2014","Moldova",2014,-0.813,-0.414,-0.362,1.989,1.584,1.741,0.24,0.24,0.976,0.712,1.623,1.623,0.775,0.831,0.844,-0.354,1.004,1.08,0.872,0.675,0.617,2,13.376,4,1,2.59346205634235,"E. Europe",0.46,0.464973743,0.6308,0.6337,NA,NA,0.6262,0.6183,0.6136,0.6153,NA,NA,0.6106,0.6017,1,"democracy",1,0,0,24,3.17805383034795,"Assembly-Elected President",1,0.799604,0.50754935,35.959999,"PLDM",20.16,"PDM",15.8,NA,0,0.65634131,47.66,"PSRM",20.51,"PCRM",17.48,"PL",9.6700001,"independent",NA,-999,0,0.197616,0.13576,0.188864,0.207768,41.6,100.1,NA,NA,NA,0.389462,0.278768,-0.457921,58.5,"high edi","Electoral democracy",NA,NA,NA,0.197616,0.13576,0.188864
"19369","TTO 1976","Trinidad and Tobago 1976","Trinidad and Tobago",1976,1.001,1.001,1.001,0.935,0.935,0.935,1.423,1.423,1.423,1.695,1.695,1.695,0.84,0.84,0.84,1.754,1.754,1.754,0.76,0.64,0.6,2,32.88,19,10,3.49286457018798,"Carribean",0,0.247826087,0.9031,0.8977,0.886,0.8805,0.9035,0.8997,0.7163,0.7181,0.7198,0.7214,0.7145,0.7129,1,"democracy",1,0,0,15,2.70805020110221,"Parliamentary",4,0.48888892,0,53.57,"PNM",53.57,NA,0,NA,0,0.30303031,34.950001,"ULF",26.85,"DAC",8.1000004,NA,0,"PNM",NA,0,NA,0.268801,0.234117,-0.295425,0.34017,66.7,100.1,0.403,0.351,-0.51,0.088808,0.22597,-0.480448,33.4,"high edi","Electoral democracy",0.3359005,0.2925585,-0.4027125,0.268801,0.234117,-0.295425
"19374","TTO 1981","Trinidad and Tobago 1981","Trinidad and Tobago",1981,1.001,1.001,1.001,0.935,0.935,0.935,1.423,1.423,1.423,1.695,1.695,1.695,0.84,0.84,0.84,1.754,1.754,1.754,0.765,0.64,0.673,2,41.284,19,10,3.72047501570369,"Carribean",0.33,0.448458781,0.8963,0.9003,0.9009,0.8968,0.8839,0.8805,0.7252,0.7269,0.7284,0.7296,0.7234,0.7214,1,"democracy",1,0,0,20,2.99573227355399,"Parliamentary",4,0.41269842,0,53.849998,"PNM",53.849998,NA,0,NA,0,0,20.17,"TTNA",20.17,NA,0,NA,0,"PNM",NA,0,NA,0.276526,0.257032,-0.581476,0.36822,72.2,100,0.383,0.356,-0.51,0.078396,0.138722,0.111478,27.8,"high edi","Electoral democracy",0.329763,0.306516,-0.545738,0.276526,0.257032,-0.581476
"19379","TTO 1986","Trinidad and Tobago 1986","Trinidad and Tobago",1986,1.001,1.001,1.001,0.935,0.935,0.935,1.423,1.423,1.423,1.695,1.695,1.695,0.84,0.84,0.84,1.754,1.754,1.754,0.765,0.968,0.693,2,32.7,19,10,3.48737507790321,"Carribean",0.29,0.428141321,0.8919,0.8878,0.8875,0.8883,0.8937,0.8968,0.7315,0.7324,0.7331,0.7343,0.7306,0.7296,1,"democracy",1,0,0,25,3.2188758248682,"Parliamentary",3,0.15714286,0,67.300003,"NAR",67.300003,NA,0,NA,0,0,31.1,"PNM",31.1,NA,0,NA,0,"NAR",NA,1,1,0.252175,0.530026,-0.17125,0.791371,91.7,100,0.275,0.578,0.863,0.034777,0.026062,-0.002905,8.3,"high edi","Electoral democracy",0.2635875,0.554013,0.345875,0.252175,0.530026,-0.17125
"19384","TTO 1991","Trinidad and Tobago 1991","Trinidad and Tobago",1991,1.001,1.001,1.001,0.935,0.935,0.935,1.137,1.137,1.137,1.695,1.695,1.695,0.84,0.84,0.84,1.754,1.754,1.754,0.765,0.968,0.746,2,27.825,19,10,3.32593489716161,"Carribean",0.1,0.315760369,0.8834,0.8817,0.8748,0.8626,0.8848,0.8883,0.737,0.7376,0.7382,0.7383,0.7357,0.7343,1,"democracy",1,0,0,30,3.40119738166216,"Parliamentary",4,0.54126984,0,45.02,"PNM",45.02,NA,0,NA,0,0.24761905,53.559998,"UNC",29.059999,"NAR",24.5,NA,0,"PNM",NA,0,1,0.232617,0.183062,0.21752,0.077539,58.3,100,0.399,0.314,-0.133,0.133838,0.226326,-0.135782,41.7,"high edi","Electoral democracy",0.3158085,0.248531,0.04226,0.232617,0.183062,0.21752
"19388","TTO 1995","Trinidad and Tobago 1995","Trinidad and Tobago",1995,1.001,1.001,1.001,0.935,0.935,0.935,1.137,1.137,1.137,1.695,1.695,1.695,0.84,0.84,0.84,1.754,1.754,1.754,0.765,0.367,0.76,2,29.426,19,10,3.38187863727576,"Carribean",0.36,0.469411162,0.8722,0.8806,0.8845,0.8851,0.8626,0.8748,0.7384,0.7382,0.7381,0.7376,0.7383,0.7382,1,"democracy",1,0,0,34,3.52636052461616,"Parliamentary",5,0.56666666,0.19883041,50.519997,"UNC",45.759998,"NAR",4.7600002,NA,0,0,48.759998,"PNM",48.759998,NA,0,NA,0,"UNC",NA,0,0,0.14868,0.23128,0.707091,0.24072,47.2,94.4,0.315,0.49,-0.51,0.190216,0.148208,-0.062776,47.2,"high edi","Electoral democracy",0.23184,0.36064,0.0985455,0.14868,0.23128,0.707091
"19393","TTO 2000","Trinidad and Tobago 2000","Trinidad and Tobago",2000,1.001,1.001,1.001,0.935,0.935,0.935,1.137,1.137,1.137,1.695,1.695,1.695,0.84,0.84,0.84,1.754,1.754,1.754,0.775,0.54,0.767,2,40.676,19,10,3.70563823792889,"Carribean",0.38,0.479569892,0.8783,0.8755,0.8639,0.8375,0.8836,0.8851,0.7361,0.7355,0.7346,0.7333,0.7368,0.7376,1,"democracy",1,0,0,39,3.66356164612965,"Parliamentary",3,0.53809524,0,45.759998,"UNC",45.759998,NA,0,NA,0,0.11764706,48.759998,"PNM",48.759998,NA,0,NA,0,"UNC",NA,0,1,0.171072,0.30888,-0.001995,0.26928,52.8,97.2,0.324,0.585,-0.51,0.173604,0.172716,-0.059052,44.4,"high edi","Electoral democracy",0.247536,0.44694,-0.2559975,0.171072,0.30888,-0.001995
"19394","TTO 2001","Trinidad and Tobago 2001","Trinidad and Tobago",2001,1.001,1.001,1.001,0.935,0.935,0.935,1.137,1.137,1.137,1.695,1.695,1.695,0.84,0.84,0.84,1.754,1.754,1.754,0.775,0.54,0.731,2,43.034,19,10,3.76199050093126,"Carribean",0.36,0.468141321,0.8755,0.8639,0.8375,0.8118,0.8783,0.8836,0.7355,0.7346,0.7333,0.7322,0.7361,0.7368,1,"democracy",1,0,0,40,3.68887945411394,"Parliamentary",3,0.50793654,0,50.720001,"PNM",50.720001,NA,0,NA,0,0,46.59,"UNC",46.59,NA,0,NA,0,"PNM",NA,1,1,0.204608,0.212948,-0.41552,0.073948,55.6,100,0.368,0.383,-0.133,0.123876,0.231324,-0.22644,44.4,"high edi","Electoral democracy",0.286304,0.297974,-0.27426,0.204608,0.212948,-0.41552
"19395","TTO 2002","Trinidad and Tobago 2002","Trinidad and Tobago",2002,1.001,1.001,1.001,0.935,0.935,0.935,1.137,1.137,1.137,1.695,1.695,1.695,0.84,0.84,0.84,1.754,1.754,1.754,0.775,0.896,0.746,2,46.391,19,10,3.83710547490122,"Carribean",0.34,0.39965368,0.8639,0.8375,0.8118,0.7996,0.8755,0.8783,0.7346,0.7333,0.7322,0.7312,0.7355,0.7361,1,"democracy",1,0,0,41,3.71357206670431,"Parliamentary",3,0.50793654,0,50.720001,"PNM",50.720001,NA,0,NA,0,0,46.59,"UNC",46.59,NA,0,NA,0,"PNM",NA,1,1,0.204608,0.177364,0.051315,0.073948,55.6,100,0.368,0.319,-0.133,0.122988,0.194472,-0.22644,44.4,"high edi","Electoral democracy",0.286304,0.248182,-0.0408425,0.204608,0.177364,0.051315
"19400","TTO 2007","Trinidad and Tobago 2007","Trinidad and Tobago",2007,0.983,0.983,0.983,0.935,0.935,0.935,1.137,1.137,1.137,1.695,1.695,1.695,0.84,0.84,0.84,1.754,1.754,1.754,0.81,0.896,0.76,3,71.067,19,10,4.2636230940441,"Carribean",0.34,0.397113997,0.7755,0.7614,0.7388,0.7102,0.7783,0.7996,0.7289,0.728,0.7269,0.7259,0.7301,0.7312,1,"democracy",1,0,0,46,3.8286413964891,"Parliamentary",3,0.47560978,0,45.900002,"PNM",45.900002,NA,0,NA,0,0,29.799999,"UNC",29.799999,NA,0,NA,0,"PNM",NA,1,1,0.21556,0.202246,-0.485541,0.084322,63.4,100,0.34,0.319,-0.133,0.08601,0.191784,-0.18666,36.6,"high edi","Liberal democracy",0.27778,0.260623,-0.3092705,0.21556,0.202246,-0.485541
"19403","TTO 2010","Trinidad and Tobago 2010","Trinidad and Tobago",2010,0.989,0.677,0.983,0.935,0.935,0.935,1.413,1.137,1.137,1.695,1.695,1.695,0.84,0.84,0.84,1.754,1.754,1.754,0.81,0.998,0.775,3,72.458,19,10,4.28300708365073,"Carribean",0.3,0.462206109,0.7102,0.6684,0.6149,0.5532,0.7388,0.7614,0.7259,0.7248,0.724,0.7232,0.7269,0.728,1,"democracy",1,0,0,49,3.89182029811063,"Parliamentary",3,0.42439023,0,60.029999,"PP",60.029999,NA,0,NA,0,0,39.650002,"PNM",39.650002,NA,0,NA,0,"UNC",NA,0,1,0.250278,0.489951,0.127254,0.34643,70.7,100,NA,NA,NA,0.100206,0.094346,0.084384,29.3,"high edi","Liberal democracy",NA,NA,NA,0.250278,0.489951,0.127254
"19973","AUT 1975","Austria 1975","Austria",1975,0.938,0.938,0.938,1.332,1.332,1.332,1.802,1.802,1.802,1.869,1.869,1.869,0.915,0.915,0.915,1.995,1.995,1.995,0.761,-0.375,0.85,3,42.552,1,5,3.75072685744002,"W. Europe, N. Am.",0.37,0.423527401,0.8669,0.8769,0.8877,0.8991,0.8592,0.8531,0.7967,0.8009,0.8058,0.811,0.7929,0.7897,1,"democracy",1,0,1,30,3.40119738166216,"Parliamentary",3,0.55065149,0,50.400002,"SPO",50.400002,NA,0,NA,0,0.19975032,48.400002,"OVP",43,"FPO",5.4000001,NA,0,"SPO",NA,0,0,0.021336,0.101092,0.248175,1.141476,50.8,100,0.042,0.199,-2.247,0.028468,0.064074,0.248175,49.2,"high edi","Liberal democracy",0.031668,0.150046,-0.9994125,0.021336,0.101092,0.248175
"19977","AUT 1979","Austria 1979","Austria",1979,0.938,0.938,0.938,1.332,1.332,1.332,1.802,1.802,1.802,1.869,1.869,1.869,0.915,0.915,0.915,1.995,1.995,1.995,0.767,-0.375,0.856,3,48.491,1,5,3.88137821371344,"W. Europe, N. Am.",0.37,0.423769386,0.9101,0.9216,0.9329,0.9427,0.8991,0.8877,0.8166,0.8243,0.8317,0.8386,0.811,0.8058,1,"democracy",1,0,1,34,3.52636052461616,"Parliamentary",3,0.55287337,0,51.029999,"SPO",51.029999,NA,0,NA,0,0.22126436,47.960003,"OVP",41.900002,"FPO",6.0599999,NA,0,"SPO",NA,0,0,0.021798,0.103281,-0.353847,1.166193,51.9,100,0.042,0.199,-2.247,0.028604,0.068252,0.252625,48.1,"high edi","Liberal democracy",0.031899,0.1511405,-1.3004235,0.021798,0.103281,-0.353847
"19981","AUT 1983","Austria 1983","Austria",1983,0.938,0.938,0.938,1.332,1.332,1.332,1.802,1.802,1.802,1.869,1.869,1.869,0.915,0.915,0.915,1.995,1.995,1.995,0.834,-1.599,0.854,3,52.08,1,5,3.95278099790031,"W. Europe, N. Am.",0.37,0.424658114,0.9494,0.955,0.9602,0.9644,0.9427,0.9329,0.846,0.8528,0.8581,0.8623,0.8386,0.8317,1,"democracy",1,0,1,38,3.63758615972639,"Parliamentary",5,0.56098002,0.20966803,52.630001,"SPO",47.650002,"FPO",4.98,NA,0,0,43.220001,"OVP",43.220001,NA,0,NA,0,"SPO",NA,0,0,0.031752,0.08913,0.726621,1.048896,55.8,100.1,0.042,0.122,-1.873,0.019492,0.040756,0.143975,44.3,"high edi","Liberal democracy",0.036876,0.105565,-0.5731895,0.031752,0.08913,0.726621
"19984","AUT 1986","Austria 1986","Austria",1986,0.938,0.938,0.938,1.332,1.332,1.332,1.802,1.802,1.802,1.869,1.869,1.869,0.915,0.915,0.915,1.995,1.995,1.995,0.834,0.118,0.856,3,55.74,1,5,4.0206980220538,"W. Europe, N. Am.",0.37,0.415066605,0.9644,0.9667,0.9683,0.9695,0.9602,0.955,0.8623,0.865,0.8673,0.8693,0.8581,0.8528,1,"democracy",1,0,1,41,3.71357206670431,"Parliamentary",5,0.62367141,0.50302142,84.419998,"SPO",43.119999,"OVP",41.299999,NA,0,0.44307691,14.549999,"FPO",9.7299995,"VGO/ALO",4.8200002,NA,0,"SPO",NA,0,0,0.036878,0.078062,-0.43706,0.268362,85.8,95.6,0.042,0.09,-0.301,0.046648,0.071246,0.102704,9.8,"high edi","Liberal democracy",0.039439,0.084031,-0.36903,0.036878,0.078062,-0.43706
"19988","AUT 1990","Austria 1990","Austria",1990,0.938,0.938,0.938,1.332,1.332,1.332,1.802,1.802,1.802,1.869,1.869,1.869,0.915,0.915,0.915,1.995,1.995,1.995,0.893,-0.223,0.859,3,63.924,1,5,4.15769487772286,"W. Europe, N. Am.",0.42,0.458397136,0.9712,0.9723,0.9726,0.9737,0.9695,0.9683,0.872,0.8744,0.8775,0.8813,0.8693,0.8673,1,"democracy",1,0,1,45,3.80666248977032,"Parliamentary",5,0.66528553,0.49240121,72.619995,"SPO",41.509998,"OVP",31.110001,NA,0,0.34494773,20.779999,"FPO",16.139999,"VGO/ALO",4.6399999,NA,0,"SPO",NA,0,0,0.035845,0.069506,-0.5954,0.161385,76.5,94.5,0.049,0.09,-0.301,0.08568,0.1449,0.18864,18,"high edi","Liberal democracy",0.0424225,0.079753,-0.4482,0.035845,0.069506,-0.5954
"19992","AUT 1994","Austria 1994","Austria",1994,0.938,0.938,0.938,1.332,1.332,1.332,1.802,1.802,1.802,1.869,1.869,1.869,0.915,0.915,0.915,1.995,1.995,1.995,0.893,-0.223,0.862,3,69.578,1,5,4.24244842541876,"W. Europe, N. Am.",0.45,0.524764057,0.9751,0.9756,0.9748,0.9736,0.9737,0.9726,0.8848,0.8876,0.889,0.8899,0.8813,0.8775,1,"democracy",1,0,1,49,3.89182029811063,"Parliamentary",5,0.73578334,0.49808428,62.589996,"SPO",34.919998,"OVP",27.67,NA,0,0.53659672,35.779999,"FPO",22.5,"VGO/ALO",7.3099999,"LF",5.9699998,"SPO",NA,0,0,0.029891,0.058078,0,0.132699,63.9,100,0.049,0.09,-0.301,0.10948,0.18515,0.24104,23,"high edi","Liberal democracy",0.0394455,0.074039,-0.1505,0.029891,0.058078,0
"19993","AUT 1995","Austria 1995","Austria",1995,0.938,0.938,0.938,1.332,1.332,1.332,1.802,1.802,1.802,1.869,1.869,1.869,0.915,0.915,0.915,1.995,1.995,1.995,0.893,-0.223,0.861,3,71.45,1,5,4.26899790437588,"W. Europe, N. Am.",0.45,0.524764057,0.9756,0.9748,0.9736,0.9733,0.9751,0.9737,0.8876,0.889,0.8899,0.8904,0.8848,0.8813,1,"democracy",1,0,1,50,3.91202300542815,"Parliamentary",5,0.71632737,0.49344349,67.800003,"SPO",38.799999,"OVP",29,NA,0,0.49678549,32.299999,"FPO",21.9,"LF",5.5,"DG",4.9000001,"SPO",NA,0,0,0.031508,0.061048,0.048269,0.142632,67.2,95.1,0.049,0.09,-0.301,0.106624,0.18032,0.234752,22.4,"high edi","Liberal democracy",0.040254,0.075524,-0.1263655,0.031508,0.061048,0.048269
"19997","AUT 1999","Austria 1999","Austria",1999,1.323,1.323,0.938,1.332,1.332,1.332,1.802,1.802,1.802,1.869,1.869,1.869,0.915,0.915,0.915,1.995,1.995,1.995,0.893,-0.223,0.859,3,79.332,1,5,4.37364157813944,"W. Europe, N. Am.",0.48,0.422840479,0.9743,0.9752,0.976,0.9751,0.9733,0.9736,0.8912,0.892,0.8912,0.8901,0.8904,0.8899,1,"democracy",1,0,1,54,3.98898404656427,"Parliamentary",4,0.71038252,0.50485438,53.82,"FPO",26.91,"OVP",26.91,NA,0,0.29535866,40.550003,"SPO",33.150002,"GAL",7.4000001,NA,0,"OVP",NA,0,0,0.130356,0.254748,-0.035298,0.323476,56.8,100,0.044,0.092,0.091,0.019628,0.083172,-0.180082,43.2,"high edi","Liberal democracy",0.087178,0.173374,0.027851,0.130356,0.254748,-0.035298
"20000","AUT 2002","Austria 2002","Austria",2002,1.323,1.323,1.323,1.332,1.332,1.332,1.802,1.802,1.802,1.869,1.869,1.869,0.915,0.915,0.915,1.995,1.995,1.995,0.913,-0.223,0.862,3,84.762,1,5,4.43984732915758,"W. Europe, N. Am.",0.44,0.532147861,0.9751,0.9746,0.9741,0.9743,0.976,0.9752,0.8901,0.8879,0.8868,0.8852,0.8912,0.892,1,"democracy",1,0,1,57,4.04305126783455,"Parliamentary",4,0.65675855,0.30541238,52.279999,"OVP",42.27,"FPO",10.01,NA,0,0.32093024,45.98,"SPO",36.509998,"DG",9.4700003,NA,0,"OVP",NA,0,0,0.059678,0.111186,0.143171,0.30704,53,100,0.044,0.092,0.473,0.01885,0.096512,-0.376623,37.7,"high edi","Liberal democracy",0.051839,0.101593,0.3080855,0.059678,0.111186,0.143171
"20004","AUT 2006","Austria 2006","Austria",2006,1.513,1.513,1.323,1.332,1.332,1.332,1.802,1.802,1.802,1.869,1.869,1.869,0.92,0.92,0.915,1.995,1.995,1.995,0.913,-0.223,0.863,3,91.317,1,5,4.5143369696108,"W. Europe, N. Am.",0.44,0.532147861,0.9735,0.9712,0.9698,0.9688,0.9743,0.9741,0.8836,0.8822,0.8815,0.8812,0.8852,0.8868,1,"democracy",1,0,1,61,4.11087386417331,"Parliamentary",4,0.70870119,0.50364715,68.800003,"SPO",35.299999,"OVP",33.5,NA,0,0.6360544,25.9,"FPO",11.21,"GAL",10.49,"BZO",4.1999998,"SPO",NA,0,0,0.034484,0.119516,0,0.542381,73.3,96.3,0.05,0.232,-0.999,0.05106,0.11845,0.011155,23,"high edi","Liberal democracy",0.042242,0.175758,-0.4995,0.034484,0.119516,0
"20006","AUT 2008","Austria 2008","Austria",2008,1.513,1.513,1.513,1.332,1.332,1.332,1.802,1.802,1.802,1.869,1.869,1.869,0.92,0.92,0.92,1.995,1.995,1.995,0.924,-0.223,0.876,3,94.215,1,5,4.54557940457445,"W. Europe, N. Am.",0.47,0.417096769,0.9698,0.9688,0.9683,0.9672,0.9712,0.9735,0.8815,0.8812,0.882,0.8833,0.8822,0.8836,1,"democracy",1,0,1,63,4.14313472639153,"Parliamentary",4,0.76989132,0.50311524,55.239998,"SPO",29.26,"OVP",25.98,NA,0,0.65369368,38.670002,"FPO",17.540001,"BZO",10.7,"GAL",10.43,"SPO",NA,0,0,0.025649,0.052725,0.077568,0.293376,59,100,0.043,0.087,-0.519,0.104645,0.245028,0.315289,41,"high edi","Liberal democracy",0.0343245,0.0698625,-0.220716,0.025649,0.052725,0.077568
"20011","AUT 2013","Austria 2013","Austria",2013,1.403,1.403,1.403,1.332,1.332,1.332,1.394,1.394,1.394,1.869,1.869,1.869,0.906,0.906,0.906,2.104,2.104,2.104,0.933,-0.223,0.875,3,95.979,1,5,4.56412941753856,"W. Europe, N. Am.",0.52,0.424442443,0.9625,0.9598,0.957,NA,0.965,0.9672,0.8881,0.8904,0.8912,NA,0.8846,0.8833,1,"democracy",1,0,1,68,4.21950770517611,"Parliamentary",4,0.78853059,0.50381362,50.809998,"SPO",26.82,"OVP",23.99,NA,0,0.68026388,49.189999,"FPO",20.51,"DG",12.42,"Team Stronach",5.73,"SPO",NA,0,0,0.025224,0.048352,0.362371,0.173249,54.1,100,0.049,0.087,-0.182,0.08461,0.215507,0.192312,35,"high edi","Liberal democracy",0.037112,0.067676,0.0901855,0.025224,0.048352,0.362371
"20224","BRB 1976","Barbados 1976","Barbados",1976,1.422,1.422,1.422,1.72,1.72,1.72,2.582,2.582,2.582,1.775,1.775,1.775,0.935,0.935,0.935,2.568,2.568,2.568,0.732,-0.378,0.737,2,24.835,19,10,3.21225394855931,"Carribean",0.26,0.260882609,0.9202,0.9219,0.9237,0.9268,0.9188,0.9174,0.9657,0.9674,0.9695,0.9703,0.9643,0.9618,1,"democracy",1,0,0,11,2.39789527279837,"Parliamentary",4,0.43115941,0,52.700001,"BLP",52.700001,NA,0,NA,0,0,46.400002,"DLP",46.400002,NA,0,NA,0,"BLP",NA,0,1,0.150804,0.218064,-0.12879,0.648528,70.8,100,0.213,0.308,-0.916,0.060152,0.220752,-0.273604,29.2,"high edi","Electoral democracy",0.181902,0.263032,-0.522395,0.150804,0.218064,-0.12879
"20229","BRB 1981","Barbados 1981","Barbados",1981,1.422,1.422,1.422,1.669,1.669,1.72,2.582,2.582,2.582,1.775,1.775,1.775,0.919,0.919,0.935,2.169,2.169,2.568,0.726,-0.378,0.745,2,27.598,19,10,3.31774330632936,"Carribean",0.32,0.322903134,0.9336,0.9376,0.9412,0.9444,0.9296,0.9268,0.9713,0.9717,0.9727,0.9739,0.9712,0.9703,1,"democracy",1,0,0,16,2.77258872223978,"Parliamentary",4,0.43115941,0,52.200001,"BLP",52.200001,NA,0,NA,0,0,47.099998,"DLP",47.099998,NA,0,NA,0,"BLP",NA,0,1,0.150804,0.218064,0.013478,0.648528,70.8,100,0.213,0.308,-0.916,0.060152,0.220752,-0.273604,29.2,"high edi","Electoral democracy",0.181902,0.263032,-0.451261,0.150804,0.218064,0.013478
"20234","BRB 1986","Barbados 1986","Barbados",1986,1.422,1.422,1.422,1.669,1.669,1.669,2.582,2.582,2.582,1.775,1.775,1.775,0.919,0.919,0.919,2.169,2.169,2.169,0.726,-0.378,0.742,2,30.268,19,10,3.41009104883228,"Carribean",0.32,0.322903134,0.9509,0.9561,0.9597,0.9609,0.948,0.9444,0.975,0.9758,0.9751,0.9744,0.9747,0.9739,1,"democracy",1,0,0,21,3.04452243772342,"Parliamentary",3,0.20512821,0,59.5,"DLP",59.5,NA,0,NA,0,0,40.400002,"BLP",40.400002,NA,0,NA,0,"DLP",NA,0,1,0.183134,0.672084,0.492288,0.832993,88.9,100,0.206,0.756,-0.937,0.023643,0.034188,-0.101676,11.1,"high edi","Electoral democracy",0.194567,0.714042,-0.222356,0.183134,0.672084,0.492288
"20239","BRB 1991","Barbados 1991","Barbados",1991,1.422,1.422,1.422,1.669,1.669,1.669,2.582,2.582,2.582,1.775,1.775,1.775,0.919,0.919,0.919,2.169,2.169,2.169,0.753,-0.378,0.76,2,33.575,19,10,3.5137817424093,"Carribean",0.14,0.136758974,0.963,0.9639,0.9665,0.9699,0.9623,0.9609,0.9733,0.9731,0.9743,0.9757,0.9737,0.9744,1,"democracy",1,0,0,26,3.25809653802148,"Parliamentary",4,0.47619048,0,49.799999,"DLP",49.799999,NA,0,NA,0,0,43,"BLP",43,NA,0,NA,0,"DLP",NA,0,1,0.132458,0.486108,0.505148,0.602491,64.3,100,0.206,0.756,-0.937,0.076041,0.171717,-0.327012,35.7,"high edi","Electoral democracy",0.169229,0.621054,-0.215926,0.132458,0.486108,0.505148
"20242","BRB 1994","Barbados 1994","Barbados",1994,1.422,1.422,1.422,1.669,1.669,1.669,2.582,2.582,2.582,1.775,1.775,1.775,0.919,0.919,0.919,2.169,2.169,2.169,0.753,-0.378,0.763,2,33.645,19,10,3.51586445664028,"Carribean",0.32,0.31747619,0.9699,0.9718,0.973,0.9738,0.9665,0.9639,0.9757,0.9761,0.9758,0.9764,0.9743,0.9731,1,"democracy",1,0,0,29,3.36729582998647,"Parliamentary",4,0.47354499,0,48.77,"BLP",48.77,NA,0,NA,0,0.22222222,50.849998,"DLP",38.75,"NDP",12.1,NA,0,"BLP",NA,0,1,0.144627,0.208453,-0.377802,0.621964,67.9,100.1,0.213,0.307,-0.916,0.066404,0.237924,-0.300634,32.2,"high edi","Electoral democracy",0.1788135,0.2577265,-0.646901,0.144627,0.208453,-0.377802
"20247","BRB 1999","Barbados 1999","Barbados",1999,1.422,1.422,1.422,1.669,1.669,1.669,2.582,2.582,2.582,1.775,1.775,1.775,0.919,0.919,0.919,2.169,2.169,2.169,0.753,-0.378,0.77,2,38.054,19,10,3.63900620361821,"Carribean",0.32,0.315712434,0.9715,0.9694,0.9677,0.967,0.9732,0.9738,0.9773,0.9771,0.9772,0.9768,0.977,0.9764,1,"democracy",1,0,0,34,3.52636052461616,"Parliamentary",3,0.13756613,0,65,"BLP",65,NA,0,NA,0,0,35,"DLP",35,NA,0,NA,0,"BLP",NA,0,1,0.197877,0.285203,0.116415,0.850964,92.9,100,0.213,0.307,-0.916,0.014626,0.053676,-0.001633,7.1,"high edi","Electoral democracy",0.2054385,0.2961015,-0.3997925,0.197877,0.285203,0.116415
"20251","BRB 2003","Barbados 2003","Barbados",2003,1.422,1.422,1.422,1.669,1.669,1.669,2.582,2.582,2.582,1.775,1.775,1.775,0.919,0.919,0.919,2.169,2.169,2.169,0.753,-0.378,0.767,2,37.642,19,10,3.62812044826837,"Carribean",0.09,0.091715344,0.9652,0.9644,0.9642,0.9635,0.967,0.9677,0.9769,0.9771,0.9769,0.9761,0.9768,0.9772,1,"democracy",1,0,0,38,3.63758615972639,"Parliamentary",3,0.37011495,0,55.799999,"BLP",55.799999,NA,0,NA,0,0,44.09,"DLP",44.09,NA,0,NA,0,"BLP",NA,0,1,0.163371,0.235469,-0.1539,0.702572,76.7,100,0.213,0.307,-0.916,0.0699,0.176148,-0.230204,23.3,"high edi","Electoral democracy",0.1881855,0.2712345,-0.53495,0.163371,0.235469,-0.1539
"20256","BRB 2008","Barbados 2008","Barbados",2008,1.422,1.422,1.422,1.669,1.669,1.669,2.582,2.582,2.582,1.775,1.775,1.775,0.919,0.919,0.919,2.169,2.169,2.169,0.753,-0.378,0.782,2,39.193,19,10,3.66849815942207,"Carribean",0.25,0.246755632,0.9616,0.9594,0.9573,0.9549,0.9625,0.9635,0.9758,0.9749,0.9738,0.9718,0.9756,0.9761,1,"democracy",1,0,0,43,3.76120011569356,"Parliamentary",4,0.45977014,0,67,"DLP",67,NA,0,NA,0,0,33,"BLP",33,NA,0,NA,0,"DLP",NA,0,1,0.2001,0.504252,-0.1158,0.658996,66.7,100,0.3,0.756,-0.988,0.070929,0.102231,-0.305028,33.3,"high edi","Electoral democracy",0.25005,0.630126,-0.5519,0.2001,0.504252,-0.1158
"20427","BEL 1977","Belgium 1977","Belgium",1977,1.841,1.841,1.841,1.754,1.754,1.754,2.108,2.108,2.108,1.401,1.401,1.401,0.938,0.938,0.938,1.619,1.619,1.619,0.839,-0.452,0.853,3,52.103,1,5,3.95322252867546,"W. Europe, N. Am.",0.43,0.432459639,0.7541,0.7669,0.7823,0.7998,0.7432,0.7338,0.7243,0.7284,0.7323,0.7365,0.7202,0.7159,1,"democracy",1,0,0,84,4.43081679884331,"Parliamentary",3,0.73956007,0.64055485,76.669998,"CSP",35.939999,"Socialist",26.43,"FDF",4.2600002,0.30897436,21.120001,"Liberals",15.56,"Rass.",2.8399999,"Communist",2.72,"CSP",NA,0,0,0.022504,0.028624,0,0.592464,55.6,90.9,0.041,0.031,0.021,NA,NA,NA,NA,"high edi","Liberal democracy",0.031752,0.029812,0.0105,0.022504,0.028624,0
"20428","BEL 1978","Belgium 1978","Belgium",1978,1.841,1.841,1.841,1.754,1.754,1.754,2.108,2.108,2.108,1.401,1.401,1.401,0.938,0.938,0.938,1.619,1.619,1.619,0.839,-0.452,0.854,3,53.479,1,5,3.97928905348001,"W. Europe, N. Am.",0.42,0.424697858,0.7669,0.7823,0.7998,0.8198,0.7541,0.7432,0.7284,0.7323,0.7365,0.7409,0.7243,0.7202,1,"democracy",1,0,0,85,4.44265125649032,"Parliamentary",5,0.78212005,0.62158167,72.850006,"CSP",36.310001,"Socialist",25.370001,"FDF",4.1700001,0.77071041,33.77,"Freedom & Prog",10.34,"Liberal",5.5999999,"Volksunie",7,"CSP",NA,0,0,0.028044,0.056746,-0.82646,0.515889,54.3,89.7,0.041,0.031,0.021,0.004056,0.007072,0.15496,10.4,"high edi","Liberal democracy",0.034522,0.043873,-0.40273,0.028044,0.056746,-0.82646
"20431","BEL 1981","Belgium 1981","Belgium",1981,1.841,1.841,1.841,1.754,1.754,1.754,2.108,2.108,2.108,1.401,1.401,1.401,0.938,0.938,0.938,1.619,1.619,1.619,0.85,-0.452,0.862,3,55.92,1,5,4.02392209792555,"W. Europe, N. Am.",0.4,0.687125437,0.8198,0.8389,0.8596,0.8824,0.7998,0.7823,0.7409,0.7453,0.7491,0.7527,0.7365,0.7323,1,"democracy",1,0,0,88,4.47733681447821,"Parliamentary",7,0.85488641,0.72977239,47.759998,"CVP",19.690001,"PSC",6.73,"PVV",13.11,0.69159007,60.57,"Socialist",25.129999,"Liberal",8.2299995,"Volksunie",9.9300003,"CVP",NA,0,0,0.017041,0.017989,-0.49749,0.203493,42,91.5,0.041,0.031,0.021,0.029103,0.077533,-0.37131,49.5,"high edi","Liberal democracy",0.0290205,0.0244945,-0.238245,0.017041,0.017989,-0.49749
"20435","BEL 1985","Belgium 1985","Belgium",1985,1.841,1.841,1.841,1.754,1.754,1.754,2.108,2.108,2.108,1.401,1.401,1.401,0.938,0.938,0.938,1.619,1.619,1.619,0.85,-0.452,0.86,3,57.71,1,5,4.05543046872288,"W. Europe, N. Am.",0.4,0.699577164,0.8988,0.911,0.9205,0.9293,0.8824,0.8596,0.756,0.7587,0.761,0.763,0.7527,0.7491,1,"democracy",1,0,0,92,4.52178857704904,"Parliamentary",6,0.80169296,0.68795431,48.399998,"CVP",21.299999,"PRL",10.2,"PVV",10.7,0.49664947,43.400002,"Socialist",28.4,"Volksunie",7.9000001,NA,0,"CVP",NA,0,0,0.018273,0.022369,0.466908,0.325921,44.8,93.3,0.041,0.031,0.021,0.029401,0.074671,-0.581476,48.5,"high edi","Liberal democracy",0.0296365,0.0266845,0.243954,0.018273,0.022369,0.466908
"20437","BEL 1987","Belgium 1987","Belgium",1987,1.841,1.841,1.841,1.754,1.754,1.754,2.108,2.108,2.108,1.401,1.401,1.401,0.931,0.938,0.938,1.619,1.619,1.619,0.85,-0.452,0.858,3,60.935,1,5,4.10980772227547,"W. Europe, N. Am.",0.4,0.690999834,0.9205,0.9293,0.9361,0.9427,0.911,0.8988,0.761,0.763,0.7643,0.7654,0.7587,0.756,1,"democracy",1,0,0,94,4.54329478227,"Parliamentary",4,0.87374121,0.7791723,66.099998,"CVP",19.5,"PS",15.7,"SP",14.9,0.75790739,33.900002,"PVV",11.5,"PRL",9.3999996,"Ecologist",7.0999999,"CVP",NA,0,0,0.02936,0.066238,-0.683436,0.637987,54.3,93.4,0.041,0.031,0.021,0.019026,0.03383,0.33818,39.1,"high edi","Liberal democracy",0.03518,0.048619,-0.331218,0.02936,0.066238,-0.683436
"20441","BEL 1991","Belgium 1991","Belgium",1991,1.841,1.841,1.841,1.754,1.754,1.754,2.108,2.108,2.108,1.401,1.401,1.401,0.936,0.936,0.931,1.619,1.619,1.619,0.882,-0.452,0.873,3,68.782,1,5,4.23094208280177,"W. Europe, N. Am.",0.4,0.688187131,0.9486,0.9544,0.9585,0.9588,0.9427,0.9361,0.7666,0.7676,0.7682,0.769,0.7654,0.7643,1,"democracy",1,0,0,98,4.58496747867057,"Parliamentary",6,0.88430655,0.73851538,50.100002,"CVP",16.700001,"PS",13.6,"SP",12,0.82785475,49.899998,"PVV",11.9,"PRL",8.1999998,"Ecologist",10,"CVP",NA,0,0,0.025925,0.058075,0.234752,0.609478,48.1,93.4,0.041,0.031,0.304,0.040885,0.079082,0.345469,45.3,"high edi","Liberal democracy",0.0334625,0.0445375,0.269376,0.025925,0.058075,0.234752
"20445","BEL 1995","Belgium 1995","Belgium",1995,0.931,0.931,1.841,1.754,1.754,1.754,2.108,2.108,2.108,1.401,1.401,1.401,0.936,0.936,0.936,1.619,1.619,1.619,0.882,-0.452,0.878,3,73.393,1,5,4.29582856322526,"W. Europe, N. Am.",0.59,0.707185737,0.9585,0.9591,0.9579,0.9538,0.9588,0.9585,0.7692,0.7694,0.769,0.7678,0.769,0.7682,1,"democracy",1,0,0,102,4.62497281328427,"Parliamentary",6,0.88174504,0.73742849,51.599998,"CVP",17.1,"PS",11.8,"SP",12.5,0.80267781,46.299999,"VLD",13.1,"PRL-FDF",10.2,"VB",7.8000002,"CVP",NA,0,0,0.025357,0.054997,0.108141,0.56333,46.6,87.9,0.041,0.031,0.304,0.044265,0.079996,0.53486,41.3,"high edi","Liberal democracy",0.0331785,0.0429985,0.2060705,0.025357,0.054997,0.108141
"20449","BEL 1999","Belgium 1999","Belgium",1999,2.065,2.065,2.065,1.754,1.754,1.754,2.108,2.108,2.108,1.401,1.401,1.401,0.936,0.936,0.936,1.619,1.619,1.619,0.904,-0.452,0.881,3,80.349,1,5,4.38637964655536,"W. Europe, N. Am.",0.59,0.708110353,0.9508,0.9495,0.9466,0.945,0.9538,0.9579,0.767,0.7664,0.7653,0.7642,0.7678,0.769,1,"democracy",1,0,0,106,4.66343909411207,"Parliamentary",3,0.89714396,0.82780445,58.5,"VLD",14.3,"PS",10.16,"PRL-FDF",10.14,0.74237013,36.849998,"CVP",14.09,"VB",9.8699999,"PSC",5.8800001,"VLD",NA,1,0,0.017132,0.037205,0.602026,0.48405,40,99.3,0.045,0.068,1.076,0.065258,0.133302,-0.062275,59.3,"high edi","Liberal democracy",0.031066,0.0526025,0.839013,0.017132,0.037205,0.602026
"20453","BEL 2003","Belgium 2003","Belgium",2003,2.065,2.065,2.065,1.754,1.754,1.754,2.108,2.108,2.108,1.401,1.401,1.401,0.936,0.936,0.936,1.619,1.619,1.619,0.904,-0.452,0.887,3,86.097,1,5,4.45547456762107,"W. Europe, N. Am.",0.6,0.718111911,0.9448,0.9449,0.9442,0.9412,0.945,0.9466,0.7634,0.7619,0.76,0.7583,0.7642,0.7653,1,"democracy",1,0,0,110,4.70048036579242,"Parliamentary",5,0.87554806,0.78592139,57.099998,"VLD",15.4,"PS",15.4,"MR",11.4,0.71407837,38.599998,"CD&V",13.3,"VB",11.6,"CDH",5.5,"VLD",NA,1,0,0.01649,0.034185,-0.458968,0.605274,49.4,96,0.029,0.032,1.076,0.056566,0.103476,0.32435,31.3,"high edi","Liberal democracy",0.022745,0.0330925,0.308516,0.01649,0.034185,-0.458968
"20457","BEL 2007","Belgium 2007","Belgium",2007,2.065,2.065,2.065,1.754,1.754,1.754,2.108,2.108,2.108,1.401,1.401,1.401,0.936,0.936,0.936,1.619,1.619,1.619,0.915,-0.452,0.895,3,91.669,1,5,4.51818426321995,"W. Europe, N. Am.",0.58,0.694673851,0.9377,0.9353,0.933,0.9315,0.9412,0.9442,0.7571,0.7562,0.7553,0.7541,0.7583,0.76,1,"democracy",1,0,0,114,4.7361984483945,"Parliamentary",4,0.88128263,0.79009902,59.779999,"CD&V/N-VA",18.51,"MR",12.52,"PS",10.86,0.77324259,37.329998,"VB",11.99,"SPA/VP",10.26,"ECOLO",5.0999999,"CD&V",NA,0,0,0.024323,0.090402,-0.021355,0.560282,60.6,93.2,NA,NA,NA,0.058273,0.119765,0.142237,32.6,"high edi","Liberal democracy",NA,NA,NA,0.024323,0.090402,-0.021355
"20460","BEL 2010","Belgium 2010","Belgium",2010,2.065,2.065,2.065,1.754,1.754,1.754,2.108,2.108,2.108,0.83,1.401,1.401,0.936,0.936,0.936,1.619,1.619,1.619,0.9,-0.452,0.904,3,92.563,1,5,4.527889493769,"W. Europe, N. Am.",0.59,0.706714812,0.9315,0.9277,0.9231,0.9194,0.933,0.9353,0.7541,0.7533,0.7525,0.7517,0.7553,0.7562,1,"democracy",1,0,0,117,4.76217393479776,"Parliamentary",5,0.88811332,0.82441521,57.23,"PS",13.7,"MR",9.2799997,"CD&V",10.85,0.68576753,37.939999,"N-VA",17.4,"VB",7.7600002,"ECOLO",4.8000002,"CD&V",NA,0,0,0.017116,0.033883,-0.203774,0.424885,40.6,90,0.04,0.048,0.299,0.061461,0.197098,0.628547,49.4,"high edi","Liberal democracy",0.028558,0.0409415,0.047613,0.017116,0.033883,-0.203774
"20464","BEL 2014","Belgium 2014","Belgium",2014,0.045,1.277,1.88,1.754,1.754,1.754,2.108,2.108,2.108,1.719,1.719,1.719,0.93,0.936,0.936,1.619,1.619,1.619,0.912,-0.452,0.904,3,92.759,1,5,4.53000473182038,"W. Europe, N. Am.",0.59,0.709632146,0.9153,0.9104,NA,NA,0.9194,0.9231,0.751,0.751,NA,NA,0.7517,0.7525,1,"democracy",1,0,0,121,4.79579054559674,"Parliamentary",6,0.87567568,0.73053217,51.290001,"MR",9.6400003,"N-VA",20.26,"CD&V",11.61,0.80010241,41.099998,"PS",11.67,"SPA",8.8299999,"CDH",4.9899998,"MR",NA,0,0,0.02893,0.120343,0.751972,0.626244,47.3,90.6,0.03,0.031,1.088,0.023085,0.057489,-0.333652,43.3,"high edi","Liberal democracy",0.029465,0.0756715,0.919986,0.02893,0.120343,0.751972
"20620","BGR 1990","Bulgaria 1990","Bulgaria",1990,-0.742,-0.742,-0.237,1.937,1.26,0.98,0.264,-0.178,0.201,0.024,0.024,0.063,0.864,0.78,0.688,1.083,0.378,-0.143,0.843,-1.163,0.574,2,25.071,4,1,3.22171179968741,"E. Europe",0.39,0.392467409,0.5534,0.5979,0.6128,0.6207,0.4935,0.448,0.5448,0.6148,0.6746,0.7124,0.4554,0.3937,1,"democracy",1,1,0,1,0,"Assembly-Elected President",NA,0.58970678,0.58970678,0,"BSP",NA,"SDS",NA,"DPS",NA,NA,0,NA,0,NA,0,NA,0,"SDS",NA,0,1,0.379972,0.42434,0.529725,1.69231,94.6,98.6,0.105,0.359,1.802,NA,NA,NA,NA,"low edi","Electoral democracy",0.242486,0.39167,1.1658625,0.379972,0.42434,0.529725
"20621","BGR 1991","Bulgaria 1991","Bulgaria",1991,-0.742,-0.742,-0.742,1.937,1.937,1.26,0.608,0.264,-0.178,0.372,0.024,0.024,0.864,0.864,0.78,1.083,1.083,0.378,0.843,1.24,0.628,2,23.798,4,1,3.16960154353296,"E. Europe",0.39,0.391558396,0.5979,0.6128,0.6207,0.6213,0.5534,0.4935,0.6148,0.6746,0.7124,0.7333,0.5448,0.4554,1,"democracy",1,0,0,2,0.693147180559945,"Assembly-Elected President",3,0.58730823,0.29626304,41.91,"SDS",34.360001,"DPS",7.5500002,NA,0,0,33.139999,"BSP",33.139999,NA,0,NA,0,"SDS",NA,0,1,0.051674,0.193486,0.53486,0.860716,55.8,100,0.103,0.367,1.802,0.192712,0.143208,-0.933946,44.2,"high edi","Electoral democracy",0.077337,0.280243,1.16843,0.051674,0.193486,0.53486
"20624","BGR 1994","Bulgaria 1994","Bulgaria",1994,-0.557,-0.557,-0.742,1.937,1.937,1.937,1.077,1.077,0.608,0.372,0.372,0.372,0.864,0.864,0.864,1.083,1.083,1.083,0.891,-1.574,0.691,2,22.343,4,1,3.10651307289735,"E. Europe",0.39,0.391558396,0.6213,0.6108,0.6021,0.5821,0.6207,0.6128,0.7333,0.7385,0.7399,0.7329,0.7124,0.6746,1,"democracy",1,0,0,5,1.6094379124341,"Assembly-Elected President",3,0.63626224,0,43.5,"BSP/Allies",43.5,NA,0,NA,0,0.59084672,40.91,"SDS",24.23,"NS",6.5100002,"DPS",5.4400001,"independent",53.5,0,1,0.165157,0.257895,-0.043296,1.076386,52.1,94.7,NA,NA,NA,0.039453,0.148446,0.529725,42.6,"high edi","Electoral democracy",NA,NA,NA,0.165157,0.257895,-0.043296
"20627","BGR 1997","Bulgaria 1997","Bulgaria",1997,-0.557,-0.557,-0.557,1.937,1.937,1.937,0.822,0.822,1.077,0.372,0.372,0.372,0.864,0.864,0.864,1.083,1.083,1.083,0.891,1.24,0.715,2,21.267,4,1,3.05715657554099,"E. Europe",0.42,0.424196011,0.5821,0.5663,0.5517,0.5358,0.6021,0.6108,0.7329,0.7274,0.7228,0.7163,0.7399,0.7385,1,"democracy",1,0,0,8,2.07944154167984,"Assembly-Elected President",2,0.60610181,0,52.259998,"SDS",52.259998,NA,0,NA,0,0.62288219,40.09,"BSP/Allies",22.059999,"NS",7.5999999,"Euro Left",5.5,"SDS",59.73,0,1,0.041112,0.152457,-0.234495,0.937011,57.1,100,0.072,0.267,1.641,0.097863,0.113275,-0.454574,42.9,"high edi","Electoral democracy",0.056556,0.2097285,0.7032525,0.041112,0.152457,-0.234495
"20631","BGR 2001","Bulgaria 2001","Bulgaria",2001,-0.699,-0.699,-0.699,1.937,1.937,1.937,1.438,1.438,0.822,1.847,1.847,0.372,0.864,0.864,0.864,1.083,1.083,1.083,0.882,1.069,0.692,2,23.711,4,1,3.16593907548484,"E. Europe",0.4,0.404088079,0.5183,0.5084,0.5066,0.5088,0.5358,0.5517,0.707,0.7029,0.7022,0.7056,0.7163,0.7228,1,"democracy",1,0,0,12,2.484906649788,"Parliamentary",2,0.65993726,0.25531915,50.18,"NMSII",42.73,"DPS",7.4499998,NA,0,0.5046382,35.309998,"SDS",18.17,"CB",17.139999,NA,0,"NMSII",NA,0,1,0.026844,0.18126,0.471007,0.157896,58.8,100.1,0.047,0.337,0.304,0.069284,0.102847,0.046686,41.3,"high edi","Electoral democracy",0.036922,0.25913,0.3875035,0.026844,0.18126,0.471007
"20635","BGR 2005","Bulgaria 2005","Bulgaria",2005,-0.699,-0.699,-0.699,1.937,1.937,1.937,1.56,1.438,1.438,1.844,0.998,1.847,0.868,0.864,0.864,1.083,1.083,1.083,0.882,-0.309,0.705,2,30.284,4,1,3.41061952024106,"E. Europe",0.44,0.439980157,0.5171,0.5329,0.546,0.5538,0.5088,0.5066,0.7135,0.7265,0.736,0.7421,0.7056,0.7022,1,"democracy",1,0,0,16,2.77258872223978,"Parliamentary",4,0.79518831,0.62947309,70.419998,"KZB",34.169998,"NMSII",22.08,"DPS",14.17,0.75291747,29.58,"ATAKA",8.75,"ODS",8.3299999,"DSB",7.0799999,"BSP",NA,0,0,0.105419,0.161677,-0.683148,0.763092,70.5,100.1,NA,NA,NA,0.098178,0.141564,0.155403,29.6,"high edi","Electoral democracy",NA,NA,NA,0.105419,0.161677,-0.683148
"20639","BGR 2009","Bulgaria 2009","Bulgaria",2009,-2.377,-2.377,-2.458,1.724,1.724,1.803,1.152,1.152,0.487,0.88,1.366,1.366,0.823,0.825,0.855,0.677,0.677,1.083,0.853,1.208,0.696,2,37.099,4,1,3.61359001507222,"E. Europe",0.53,0.530152029,0.5575,0.5596,0.57,0.5841,0.5538,0.546,0.7474,0.751,0.7556,0.7556,0.7421,0.736,1,"democracy",1,0,0,20,2.99573227355399,"Parliamentary",2,0.70317292,0.46093091,64.440002,"GERB",43.060001,"ATAKA",10.05,"SK",7.1799998,0.5061605,35.73,"KZB",19.940001,"DPS",15.79,NA,0,"GERB",NA,0,0,0.059892,0.338583,0.346818,0.013041,48.3,95.9,0.124,0.701,-0.027,0.055483,0.073626,-0.166458,38.8,"high edi","Electoral democracy",0.091946,0.5197915,0.159909,0.059892,0.338583,0.346818
"20643","BGR 2013","Bulgaria 2013","Bulgaria",2013,-1.274,-1.001,-1.001,2.099,1.586,1.586,1.158,0.611,1.335,1.581,1.741,1.741,0.885,0.842,0.827,1.328,1.328,0.91,0.805,0.071,0.657,2,39.331,4,1,3.67201301200404,"E. Europe",0.47,0.467061939,0.591,0.5926,0.5887,NA,0.5841,0.57,0.7409,0.7346,0.7335,NA,0.7556,0.7556,1,"democracy",1,0,0,24,3.17805383034795,"Parliamentary",4,0.68532079,0.42352942,37.920002,"BSP",26.610001,"DPS",11.31,NA,0,0.31246498,37.84,"GERB",30.540001,"ATAKA",7.3000002,NA,0,"independent",NA,0,0,0.1088,0.15645,-0.228956,0.8403,50,100,NA,NA,NA,0.049288,0.18988,0.077568,40.4,"high edi","Electoral democracy",NA,NA,NA,0.1088,0.15645,-0.228956
"20644","BGR 2014","Bulgaria 2014","Bulgaria",2014,-1.606,-1.274,-1.001,2.016,2.099,1.586,1.158,1.158,0.611,1.581,1.581,1.741,0.86,0.885,0.842,0.901,1.328,1.328,0.809,-0.33,0.677,2,39.93,4,1,3.68712792107513,"E. Europe",0.47,0.467061939,0.5926,0.5887,NA,NA,0.591,0.5841,0.7346,0.7335,NA,NA,0.7409,0.7556,1,"democracy",1,0,0,25,3.2188758248682,"Parliamentary",4,0.80721754,0.20694289,0,"GERB",NA,"ATAKA",NA,NA,0,0.80957854,0,"BSP",NA,"DPS",NA,NA,0,"GERB",NA,0,0,0.05425,0.1638,-0.2812,0.0672,35,90.9,0.155,0.468,0.192,0.051323,0.090214,-0.413992,32.1,"high edi","Electoral democracy",0.104625,0.3159,-0.0446,0.05425,0.1638,-0.2812
"20732","COM 2009","Comoros 2009","Comoros",2009,-0.322,-0.322,-1.371,-0.385,-0.385,-0.385,-1.039,-1.039,-1.001,-1.273,-1.273,-1.273,0.394,0.394,0.318,0.967,0.967,0.068,0.523,0.27,0.451,1,3.935,8,4,1.36991088186937,"Sub-S. Africa",0.19,0.473453623,0.5885,0.6169,0.6466,0.6721,0.5778,0.5713,0.3764,0.3782,0.379,0.3794,0.3758,0.374,1,"democracy",1,0,0,4,1.38629436111989,"Presidential",3,0.47463769,0.26842105,0,"Mouvance Presidentielle",NA,"Allies",NA,NA,0,0,0,"Opposition",NA,NA,0,NA,0,"FNJ",NA,0,1,0.54145,0.32487,-0.42009,1.139544,83.3,83.3,NA,NA,NA,NA,NA,NA,NA,"low edi","Autocratic",NA,NA,NA,NA,NA,NA
"20761","HRV 2000","Croatia 2000","Croatia",2000,-0.482,-0.482,-0.482,1.188,1.188,1.188,1.303,0.629,0.629,1.313,1.313,1.313,0.772,0.772,0.748,0.781,0.781,0.22,0.743,-0.199,0.771,2,31.485,3,1,3.44951124194071,"E. Europe",0.42,0.465812054,0.5257,0.5582,0.5784,0.5932,0.4475,0.3733,0.6061,0.6496,0.6739,0.6866,0.4954,0.4228,1,"democracy",1,1,0,1,0,"Parliamentary",3,0.78103942,0.6778149,53.399998,"SDP",26.879999,"HSLS",11.82,"HSS",14.7,0.32592592,45.150002,"HDZ",26.66,"HSP",5.1900001,"PGU",NA,"SDP",NA,0,1,0.031151,0.05321,-0.225641,0.338299,56.3,90.1,0.039,0.075,-0.86,0.110126,0.044927,0.450423,33.1,"high edi","Electoral democracy",0.0350755,0.064105,-0.5428205,0.031151,0.05321,-0.225641
"20764","HRV 2003","Croatia 2003","Croatia",2003,-0.482,-0.482,-0.482,1.188,1.188,1.188,1.303,1.303,1.303,1.313,1.313,1.313,0.772,0.772,0.772,0.781,0.781,0.781,0.743,-0.199,0.774,2,37.797,3,1,3.6322297343966,"E. Europe",0.54,0.540691609,0.5932,0.6039,0.6313,0.6613,0.5784,0.5582,0.6866,0.6927,0.7125,0.736,0.6739,0.6496,1,"democracy",1,0,0,4,1.38629436111989,"Parliamentary",4,0.69308466,0.084398977,37.959999,"HDZ",33.91,"CDC",4.0500002,NA,0,0.6353153,52.060001,"SDP-LP-IDA",22.610001,"CPP-CPSB-APGK",8.0200005,"HSS",7.1500001,"HDZ",NA,1,1,0.036456,0.036022,-0.2363,0.360654,43.4,84.3,0.084,0.083,0.831,0.015666,0.035022,-0.181024,29,"high edi","Electoral democracy",0.060228,0.059511,0.29735,0.036456,0.036022,-0.2363
"20768","HRV 2007","Croatia 2007","Croatia",2007,-0.482,-0.482,-0.482,1.188,1.188,1.188,1.303,1.303,1.303,1.313,1.313,1.313,0.772,0.772,0.772,0.781,0.781,0.781,0.745,0.206,0.787,2,45.345,3,1,3.81429991689953,"E. Europe",0.5,0.499097801,0.6871,0.7248,0.7488,0.7758,0.6613,0.6313,0.76,0.7902,0.8134,0.8455,0.736,0.7125,1,"democracy",1,0,0,8,2.07944154167984,"Parliamentary",3,0.64185828,0.21693693,47.199997,"HDZ",36.599998,"HSS",6.5,"HSU",4.0999999,0.35155281,44.800003,"SDP",31.200001,"HNS",6.8000002,"IDS",1.5,"HDZ",NA,1,1,0.038066,0.03979,0.04929,0.365025,47,88.2,0.079,0.083,0.831,0.015194,0.050164,-0.336748,41.2,"high edi","Electoral democracy",0.058533,0.061395,0.440145,0.038066,0.03979,0.04929
"20772","HRV 2011","Croatia 2011","Croatia",2011,-0.093,-0.344,-0.344,1.602,1.75,1.75,1.38,1.303,1.303,1.313,1.313,1.313,0.822,0.845,0.845,1.088,1.088,1.088,0.849,0.368,0.854,2,44.569,3,1,3.7970385500902,"E. Europe",0.45,0.452264327,0.782,0.7768,0.7647,0.7568,0.7758,0.7488,0.8703,0.874,0.8661,0.8595,0.8455,0.8134,1,"democracy",1,0,0,12,2.484906649788,"Parliamentary",3,0.57927042,0,45.650002,"KUKURIKU",45.650002,NA,0,NA,0,0.43079025,36.969997,"HDZ",18.389999,"HL",7.6799998,"SBHS",4.4499998,"SDP",NA,0,1,0.018996,0.06166,-0.746755,0.384292,53,86.2,0.039,0.126,-0.746,0.021488,0.032368,0.226032,27.2,"high edi","Electoral democracy",0.028998,0.09383,-0.7463775,0.018996,0.06166,-0.746755
"21098","CYP 1976","Cyprus 1976","Cyprus",1976,0.153,0.153,0.153,0.949,0.949,0.828,0.763,0.763,0.763,-0.428,-0.428,-0.428,0.789,0.789,0.806,1.304,1.304,1.304,0.791,0.705,0.561,2,18.369,10,5,2.91066446116393,"W. Europe, N. Am.",0.48,0.183762689,0.7282,0.7424,0.7542,0.7663,0.7106,0.6859,0.6761,0.6823,0.6867,0.6932,0.6693,0.6624,1,"democracy",1,1,0,1,0,"Presidential",3,0.57647061,0.43448275,0,"DIKO",NA,"AKEL",NA,NA,0,0.40000001,0,"EDEK",NA,"independent",NA,NA,0,"independent",NA,1,0,0.422029,0.503716,-0.151078,1.616088,85.7,97.1,NA,NA,NA,0.042522,0.071136,-0.15618,11.4,"low edi","Electoral democracy",NA,NA,NA,NA,NA,NA
"21103","CYP 1981","Cyprus 1981","Cyprus",1981,0.153,0.153,0.153,0.949,0.949,0.949,0.763,0.763,0.763,-0.428,-0.428,-0.428,0.789,0.789,0.789,1.304,1.304,1.304,0.794,0.707,0.639,2,27.429,10,5,3.3116008478504,"W. Europe, N. Am.",0.38,0.282367059,0.7881,0.7964,0.7998,0.802,0.7764,0.7663,0.7062,0.7116,0.7153,0.7187,0.6999,0.6932,1,"democracy",1,0,0,6,1.79175946922805,"Presidential",3,0.72605044,0.50526315,52.27,"AKEL",32.77,"DIKO",19.5,NA,0,0.34285715,40.09,"DISY",31.92,"EDEK",8.1700001,NA,0,"DIKO",NA,1,0,0.20109,0.377227,0.484047,1.298641,57.2,100.1,0.619,0.467,1.501,0.16379,0.142158,0.657017,42.9,"high edi","Electoral democracy",0.410045,0.4221135,0.9925235,0.410045,0.4221135,0.9925235
"21107","CYP 1985","Cyprus 1985","Cyprus",1985,0.6,0.153,0.153,0.949,0.949,0.949,0.763,0.763,0.763,0.129,0.129,-0.428,0.789,0.789,0.789,1.304,1.304,1.304,0.794,0.707,0.698,2,33.566,10,5,3.51351364988599,"W. Europe, N. Am.",0.48,0.182642185,0.8039,0.812,0.8242,0.8427,0.802,0.7998,0.7216,0.7244,0.7282,0.7368,0.7187,0.7153,1,"democracy",1,0,0,10,2.30258509299405,"Presidential",3,0.73311687,0.51612902,55.080002,"DIKO",27.65,"AKEL",27.43,NA,0,0.38,44.630001,"DISY",33.560001,"EDEK",11.07,NA,0,"DIKO",56.5,1,0,0.223398,0.344746,0.030561,0.988066,55.4,100,0.619,0.467,1.501,0.170087,0.154337,0.619211,44.6,"high edi","Electoral democracy",0.421199,0.405873,0.7657805,0.421199,0.405873,0.7657805
"21113","CYP 1991","Cyprus 1991","Cyprus",1991,0.953,0.953,0.953,1.292,1.292,1.292,0.763,0.763,0.763,0.129,0.129,0.129,0.818,0.818,0.818,1.304,1.304,1.304,0.81,0.707,0.767,2,44.806,10,5,3.80234205902474,"W. Europe, N. Am.",0.49,0.181394351,0.8956,0.9126,0.9242,0.93,0.8794,0.8606,0.7607,0.7688,0.7757,0.7808,0.753,0.7447,1,"democracy",1,0,0,16,2.77258872223978,"Presidential",NA,0.7330538,0.7330538,96.800003,"DISY",35.799999,"AKEL",30.6,"DIKO",19.5,NA,0,NA,0,NA,0,NA,0,"independent",51.529999,1,0,0.234987,0.436586,-0.054861,1.593229,87.4,99.9,NA,NA,NA,0.0285,0.07775,-0.17125,12.5,"high edi","Electoral democracy",NA,NA,NA,NA,NA,NA
"21118","CYP 1996","Cyprus 1996","Cyprus",1996,0.953,0.953,0.953,1.292,1.292,1.292,0.763,0.763,0.763,0.129,0.129,0.129,0.818,0.818,0.818,1.304,1.304,1.304,0.81,0.707,0.776,2,51.252,10,5,3.93675464164733,"W. Europe, N. Am.",0.49,0.485305649,0.9379,0.9378,0.9391,0.9403,0.9359,0.93,0.7923,0.7986,0.8057,0.8135,0.7863,0.7808,1,"democracy",1,0,0,21,3.04452243772342,"Presidential",3,0.72922075,0.45977011,50.900002,"DISY",34.470001,"DIKO",16.43,NA,0,0.44,44.849998,"AKEL",33.029999,"EDEK",8.1300001,"KED",3.6900001,"DISY",50.310001,1,0,0.183141,0.175699,-0.063923,0.898427,53.6,96.4,0.334,0.258,1.764,0.049429,0.32249,-0.536683,42.8,"high edi","Electoral democracy",0.2585705,0.2168495,0.8500385,0.2585705,0.2168495,0.8500385
"21123","CYP 2001","Cyprus 2001","Cyprus",2001,1.93,1.93,1.93,1.292,1.292,1.292,1.052,1.052,1.052,1.773,1.773,1.773,0.847,0.847,0.847,1.585,1.585,1.585,0.836,0.388,0.805,2,60.317,10,5,4.09961398771488,"W. Europe, N. Am.",0.49,0.486171494,0.9406,0.9415,0.9423,0.9411,0.9394,0.9403,0.8229,0.826,0.8305,0.8333,0.8193,0.8135,1,"democracy",1,0,0,26,3.25809653802148,"Presidential",4,0.73831165,0.1,36.619999,"DISY",34,"EDI",2.6199999,NA,0,0.58645278,59.099998,"AKEL",34.709999,"DIKO",14.84,"KISOS",6.5100002,"DISY",50.799999,1,0,0.052545,0.087462,0.17615,0.597996,33.9,92.8,0.155,0.258,1.764,0.073563,0.356503,-0.264565,51.8,"high edi","Electoral democracy",0.1037725,0.172731,0.970075,0.1037725,0.172731,0.970075
"21128","CYP 2006","Cyprus 2006","Cyprus",2006,1.773,1.93,1.93,1.73,1.73,1.73,0.931,1.4,1.546,1.773,1.773,1.773,0.891,0.891,0.891,1.876,1.876,1.876,0.77,0.388,0.834,3,67.383,10,5,4.21039276058477,"W. Europe, N. Am.",0.51,0.509668966,0.9335,0.9255,0.916,0.9089,0.938,0.9411,0.8323,0.8303,0.8287,0.8283,0.8338,0.8333,1,"democracy",1,0,0,31,3.43398720448515,"Presidential",3,0.75714284,0.61140817,57.900002,"DIKO",17.9,"AKEL",31.1,"KISOS",8.8999996,0.32467532,38.099998,"DISY",30.299999,"EVROKO",5.8000002,"KOP",2,"DIKO",NA,1,0,0.069283,0.34448,0.09616,0.749374,51.7,98.1,0.211,0.467,1.501,0.055047,0.09702,0.443715,37.5,"high edi","Liberal democracy",0.1401415,0.40574,0.79858,0.1401415,0.40574,0.79858
"21133","CYP 2011","Cyprus 2011","Cyprus",2011,0.965,1.434,1.356,1.73,1.73,1.73,1.149,1.392,1.537,1.773,1.773,1.773,0.869,0.891,0.891,1.876,1.876,1.876,0.785,0.655,0.848,3,66.375,10,5,4.1953204795621,"W. Europe, N. Am.",0.5,0.504787143,0.89,0.8818,0.8747,0.87,0.8997,0.9089,0.8253,0.8252,0.8262,0.8274,0.8271,0.8283,1,"democracy",1,0,0,36,3.58351893845611,"Presidential",4,0.73506492,0.34420291,41.599998,"AKEL",32.669998,"EDEK",8.9300003,NA,0,0.51182795,53.919998,"DISY",34.279999,"DIKO",15.76,"EVROKO",3.8800001,"AKEL",53.369999,0,0,0.04203,0.321155,0.315476,0.536683,42.8,94.6,0.072,0.788,-1.418,0.089306,0.1652,0.966014,51.8,"high edi","Liberal democracy",0.057015,0.5545775,-0.551262,0.057015,0.5545775,-0.551262
"21440","DNK 1975","Denmark 1975","Denmark",1975,1.786,1.786,1.786,2.948,2.948,2.948,1.93,1.93,1.93,1.855,1.855,1.855,0.989,0.989,0.989,2.8,2.8,2.8,0.981,-0.037,0.906,3,53.706,2,5,3.98352472711686,"W. Europe, N. Am.",0.57,0.573296315,0.9368,0.9411,0.9448,0.9486,0.9316,0.9271,0.9967,0.9968,0.9968,0.9968,0.9967,0.9967,1,"democracy",1,0,1,31,3.43398720448515,"Parliamentary",4,0.82097977,0,29.940001,"SD",29.940001,NA,0,NA,0,0.81742537,68.239998,"V",23.33,"FP",13.58,"RV",7.0999999,"SD",NA,0,0,0.009768,0.05328,1.385412,0.2812,29.6,89.4,0.033,0.18,-0.95,0.052996,0.153596,0.815248,59.8,"high edi","Liberal democracy",0.021384,0.11664,0.217706,0.009768,0.05328,1.385412
"21442","DNK 1977","Denmark 1977","Denmark",1977,1.786,1.786,1.786,2.948,2.948,2.948,1.93,1.93,1.93,1.855,1.855,1.855,0.989,0.989,0.989,2.8,2.8,2.8,0.981,-0.037,0.907,3,57.089,2,5,4.04461145362027,"W. Europe, N. Am.",0.55,0.546715895,0.9448,0.9486,0.9515,0.9548,0.9411,0.9368,0.9968,0.9968,0.9967,0.9967,0.9968,0.9967,1,"democracy",1,0,1,33,3.49650756146648,"Parliamentary",4,0.81211352,0,37,"SD",37,NA,0,NA,0,0.86979628,67.699997,"FP",14.6,"V",12,"KF",8.5,"SD",NA,0,0,0.011979,0.06534,-0.713309,0.34485,36.3,76.5,0.033,0.18,-0.95,0.042857,0.142634,0.763311,40.2,"high edi","Liberal democracy",0.0224895,0.12267,-0.8316545,0.011979,0.06534,-0.713309
"21444","DNK 1979","Denmark 1979","Denmark",1979,1.786,1.786,1.786,2.948,2.948,2.948,1.93,1.93,1.93,1.855,1.855,1.855,0.989,0.989,0.989,2.8,2.8,2.8,0.981,-0.037,0.908,3,59.26,2,5,4.08193454214542,"W. Europe, N. Am.",0.54,0.539924676,0.9515,0.9548,0.9582,0.9616,0.9486,0.9448,0.9967,0.9967,0.9967,0.9967,0.9968,0.9968,1,"democracy",1,0,1,35,3.55534806148941,"Parliamentary",4,0.79481113,0,38.299999,"SD",38.299999,NA,0,NA,0,0.86019772,59.400002,"V",12.5,"KF",12.5,"FP",11,"SD",NA,0,0,0.01254,0.06536,0.475417,0.361,38,85.5,0.033,0.172,-0.95,0.041622,0.123539,0.677299,47.5,"high edi","Liberal democracy",0.02277,0.11868,-0.2372915,0.01254,0.06536,0.475417
"21446","DNK 1981","Denmark 1981","Denmark",1981,1.786,1.786,1.786,2.948,2.948,2.948,1.93,1.93,1.93,1.855,1.855,1.855,0.989,0.989,0.989,2.8,2.8,2.8,0.981,-0.037,0.91,3,59.571,2,5,4.087168878473,"W. Europe, N. Am.",0.53,0.531827356,0.9582,0.9616,0.9643,0.9667,0.9548,0.9515,0.9967,0.9967,0.9967,0.9966,0.9967,0.9967,1,"democracy",1,0,1,37,3.61091791264422,"Parliamentary",4,0.82583904,0,32.900002,"SD",32.900002,NA,0,NA,0,0.85898054,64.400002,"KF",14.5,"SF",11.3,"V",11.3,"SD",NA,0,0,0.01089,0.05676,-0.612182,0.3135,33,92.7,0.033,0.172,-0.95,0.047668,0.146037,0.524666,59.7,"high edi","Liberal democracy",0.021945,0.11438,-0.781091,0.01089,0.05676,-0.612182
"21449","DNK 1984","Denmark 1984","Denmark",1984,1.786,1.786,1.786,2.948,2.948,2.948,1.93,1.93,1.93,1.855,1.855,1.855,0.989,0.989,0.989,2.8,2.8,2.8,0.981,-0.037,0.91,3,64.56,2,5,4.16759502396169,"W. Europe, N. Am.",0.55,0.54789822,0.9667,0.9696,0.9723,0.9742,0.9643,0.9616,0.9966,0.9966,0.9966,0.9965,0.9967,0.9967,1,"democracy",1,0,1,40,3.68887945411394,"Parliamentary",7,0.80435681,0.60972363,42.799999,"KF",23.4,"V",12.1,"CD",4.5999999,0.61197025,59.899998,"SD",36.599998,"SF",11.5,"RV",5.5,"KF",NA,0,0,0.010975,0.038027,-0.351876,0.529949,35.8,84.4,0.031,0.11,1.28,0.025016,0.078664,-0.533712,48.6,"high edi","Liberal democracy",0.0209875,0.0740135,0.464062,0.010975,0.038027,-0.351876
"21452","DNK 1987","Denmark 1987","Denmark",1987,1.786,1.786,1.786,2.948,2.948,2.948,1.93,1.93,1.93,1.855,1.855,1.855,0.989,0.989,0.989,2.8,2.8,2.8,0.981,-0.037,0.909,3,70.542,2,5,4.25620827711366,"W. Europe, N. Am.",0.54,0.536248103,0.9742,0.9756,0.9766,0.9769,0.9723,0.9696,0.9965,0.9965,0.9965,0.9965,0.9966,0.9966,1,"democracy",1,0,1,43,3.76120011569356,"Parliamentary",7,0.80435681,0.60972363,38.5,"KF",20.799999,"V",10.5,"CD",4.8000002,0.61197025,59.299999,"SD",29.299999,"SF",14.6,"RV",6.1999998,"KF",NA,0,0,0.009752,0.033814,-0.106382,0.403966,31.8,83.2,0.031,0.11,0.974,0.027767,0.084453,-0.72114,51.4,"high edi","Liberal democracy",0.020376,0.071907,0.433809,0.009752,0.033814,-0.106382
"21453","DNK 1988","Denmark 1988","Denmark",1988,1.786,1.786,1.786,2.948,2.948,2.948,1.93,1.93,1.93,1.855,1.855,1.855,0.989,0.989,0.989,2.8,2.8,2.8,0.981,-0.037,0.908,3,71.193,2,5,4.26539449897799,"W. Europe, N. Am.",0.54,0.544307455,0.9756,0.9766,0.9769,0.9765,0.9742,0.9723,0.9965,0.9965,0.9965,0.9966,0.9965,0.9966,1,"democracy",1,0,1,44,3.78418963391826,"Parliamentary",7,0.80435681,0.60972363,38.5,"KF",20.799999,"V",10.5,"CD",4.8000002,0.61197025,59.299999,"SD",29.299999,"SF",14.6,"RV",6.1999998,"KF",NA,0,0,0.009766,0.033737,-0.099294,0.420053,31.9,90.5,0.031,0.11,0.974,0.025852,0.083635,-0.697212,49.7,"high edi","Liberal democracy",0.020383,0.0718685,0.437353,0.009766,0.033737,-0.099294
"21455","DNK 1990","Denmark 1990","Denmark",1990,1.786,1.786,1.786,2.948,2.948,2.948,1.93,1.93,1.93,1.855,1.855,1.855,0.989,0.989,0.989,2.8,2.8,2.8,0.981,-0.037,0.908,3,73.358,2,5,4.29535156476305,"W. Europe, N. Am.",0.54,0.544351245,0.9769,0.9765,0.9764,0.9768,0.9766,0.9756,0.9965,0.9966,0.9967,0.9968,0.9965,0.9965,1,"democracy",1,0,1,46,3.8286413964891,"Parliamentary",5,0.78635365,0.50847459,31.799999,"KF",16,"V",15.8,NA,0,0.64109242,63,"SD",37.400002,"SF",8.3000002,"FP",6.4000001,"KF",NA,0,0,0.00825,0.034518,-0.151046,0.465438,33,91.6,0.025,0.11,0.974,0.014245,0.076629,-0.749196,46.9,"high edi","Liberal democracy",0.016625,0.072259,0.411477,0.00825,0.034518,-0.151046
"21459","DNK 1994","Denmark 1994","Denmark",1994,1.786,1.786,1.786,2.948,2.948,2.948,1.93,1.93,1.93,1.855,1.855,1.855,0.989,0.989,0.989,2.8,2.8,2.8,0.981,-0.037,0.909,3,79.101,2,5,4.37072551691873,"W. Europe, N. Am.",0.52,0.519939416,0.9772,0.9778,0.978,0.9778,0.9768,0.9764,0.9969,0.997,0.9971,0.9971,0.9968,0.9967,1,"democracy",1,0,1,50,3.91202300542815,"Parliamentary",7,0.7856158,0.30486485,42,"SD",34.599998,"RV",4.5999999,"CD",2.8,0.73030305,56.099998,"V",23.299999,"KF",15,"SF",7.3000002,"SD",NA,0,0,0.011418,0.052938,0.112649,0.25085,34.6,86.6,0.033,0.153,-0.725,0.01077,0.055278,0.479457,45.9,"high edi","Liberal democracy",0.022209,0.102969,-0.3061755,0.011418,0.052938,0.112649
"21463","DNK 1998","Denmark 1998","Denmark",1998,1.786,1.786,1.786,2.948,2.948,2.948,1.93,1.93,1.93,1.855,1.855,1.855,0.989,0.989,0.989,2.8,2.8,2.8,0.981,-0.037,0.908,3,87.325,2,5,4.4696367906929,"W. Europe, N. Am.",0.53,0.5290579,0.9787,0.9792,0.9802,0.981,0.9778,0.978,0.9971,0.9972,0.9972,0.9972,0.9971,0.9971,1,"democracy",1,0,1,54,3.98898404656427,"Parliamentary",7,0.7926656,0.44987971,49.900002,"SD",35.900002,"RV",3.9000001,"SF",7.5999999,0.71299195,49.899998,"V",24,"KF",8.8999996,"SF",7.5999999,"SD",NA,0,0,0.009856,0.053856,-0.069896,0.175648,35.2,82.2,0.028,0.153,-0.499,0.024023,0.124003,0.45489,47,"high edi","Liberal democracy",0.018928,0.103428,-0.284448,0.009856,0.053856,-0.069896
"21466","DNK 2001","Denmark 2001","Denmark",2001,1.786,1.786,1.786,2.948,2.948,2.948,1.93,1.93,1.93,1.855,1.855,1.855,0.989,0.989,0.989,2.8,2.8,2.8,0.981,-0.037,0.908,3,93.216,2,5,4.53491938077702,"W. Europe, N. Am.",0.53,0.534163505,0.981,0.9808,0.98,0.979,0.9802,0.9792,0.9972,0.9972,0.9972,0.9971,0.9972,0.9972,1,"democracy",1,0,1,57,4.04305126783455,"Parliamentary",5,0.78176242,0.35054773,40.300003,"V",31.200001,"KF",9.1000004,NA,0,0.68348247,57.400002,"SD",29.1,"DF",12,"SF",6.4000001,"V",NA,0,0,0.016571,0.090995,0,0.455762,40.2,93.3,0.041,0.262,1.004,0.034892,0.139471,-0.224347,48.1,"high edi","Liberal democracy",0.0287855,0.1764975,0.502,0.016571,0.090995,0
"21470","DNK 2005","Denmark 2005","Denmark",2005,1.786,1.786,1.786,2.948,2.948,2.948,1.93,1.93,1.93,1.855,1.855,1.855,0.989,0.989,0.989,2.8,2.8,2.8,0.981,-0.037,0.921,3,99.611,2,5,4.60127260025938,"W. Europe, N. Am.",0.52,0.520836112,0.9781,0.9769,0.9752,0.974,0.979,0.98,0.9971,0.9971,0.9971,0.9971,0.9971,0.9972,1,"democracy",1,0,1,61,4.11087386417331,"Parliamentary",5,0.80060756,0.38757765,39.57,"V",29.299999,"KF",10.27,NA,0,0.71488094,57.66,"SD",25.84,"DF",13.25,"RV",9.1800003,"V",NA,0,0,0.015466,0.077648,-0.434064,0.452754,39.2,94.5,0.041,0.229,1.004,0.036142,0.127497,-0.168216,49.2,"high edi","Liberal democracy",0.028233,0.153324,0.284968,0.015466,0.077648,-0.434064
"21472","DNK 2007","Denmark 2007","Denmark",2007,1.786,1.786,1.786,2.948,2.948,2.948,1.93,1.93,1.93,1.855,1.855,1.855,0.989,0.989,0.989,2.8,2.8,2.8,0.981,-0.037,0.923,3,102.651,2,5,4.6313348852587,"W. Europe, N. Am.",0.53,0.533491369,0.9752,0.974,0.9726,0.9706,0.9769,0.9781,0.9971,0.9971,0.997,0.997,0.9971,0.9971,1,"democracy",1,0,1,63,4.14313472639153,"Parliamentary",5,0.8069613,0.62002045,50.52,"V",26.26,"DFP",13.86,"KF",10.4,0.60339504,45.799999,"SD",25.469999,"SF",13.04,"RV",5.1199999,"V",NA,0,0,0.041932,0.13599,-0.00886800000000003,0.419178,49.8,92.7,0.041,0.14,1.004,0.011355,0.069049,-0.490477,42.9,"high edi","Liberal democracy",0.041466,0.137995,0.497566,0.041932,0.13599,-0.00886800000000003
"21476","DNK 2011","Denmark 2011","Denmark",2011,1.786,1.786,1.786,2.948,2.948,2.948,1.93,1.93,1.93,1.855,1.855,1.855,0.989,0.989,0.989,2.8,2.8,2.8,0.981,-0.037,0.922,3,102.051,2,5,4.62547268832592,"W. Europe, N. Am.",0.55,0.550233607,0.9683,0.965,0.9616,0.9584,0.9706,0.9726,0.997,0.997,0.9969,0.9968,0.997,0.997,1,"democracy",1,0,1,67,4.20469261939097,"Parliamentary",6,0.82633823,0.67620021,50.220001,"SD",24.860001,"RV",9.4799995,"SF",9.1999998,0.62352937,48.959999,"V",26.74,"DF",12.3,"LA",4.98,"SD",NA,0,0,0.010886,0.060186,-0.503064,0.29294,43,88.3,0.027,0.153,-0.495,0.052888,0.14421,0.210099,45.3,"high edi","Liberal democracy",0.018943,0.106593,-0.499032,0.010886,0.060186,-0.503064
"21639","EST 1992","Estonia 1992","Estonia",1992,1.579,1.579,0.907,2.392,2.392,1.434,1.506,1.506,1.152,1.776,1.776,1.776,0.955,0.955,0.947,1.996,1.996,2.663,0.834,-0.435,0.451,1,26.728,2,1,3.28571170505446,"E. Europe",0,0,0.7966,0.7987,0.8015,0.8057,0.7922,0.7926,0.8605,0.9002,0.9201,0.9325,0.8333,0.8277,1,"democracy",1,0,1,2,0.693147180559945,"Assembly-Elected President",3,0.84204626,0.59450978,40.400002,"IL",22,"Moderates",9.6999998,"ERSP",8.6999998,0.77088434,44.299999,"Safe Haven",13.6,"ER",12.2,"EKL",6.8000002,"IL",NA,0,1,0.02956,0.107057,0.583596,0.797806,50.5,98,0.062,0.23,1.894,0.044477,0.061857,0.165821,15.8,"low edi","Autocratic",0.04578,0.1685285,1.238798,0.02956,0.107057,0.583596
"21646","EST 1999","Estonia 1999","Estonia",1999,1.727,1.727,1.579,2.392,2.392,2.392,1.506,1.506,1.506,1.776,1.776,1.776,0.955,0.955,0.949,1.996,1.996,1.996,0.924,-0.435,0.867,3,32.907,2,1,3.49368540109731,"E. Europe",0.51,0.51302895,0.8318,0.8331,0.835,0.8413,0.8272,0.8206,0.9482,0.9467,0.9474,0.9498,0.9493,0.9473,1,"democracy",1,0,1,9,2.19722457733622,"Assembly-Elected President",4,0.82633656,0.67924529,47.220001,"IL",16.09,"RE",15.92,"Moderates",15.21,0.6143617,44.389999,"EK",23.41,"EK",7.5799999,"People's Party",7.27,"IL",NA,0,1,0.01576,0.043312,0.135285,0.827046,52.4,99.8,0.037,0.076,2.114,0.037452,0.125033,-0.250071,47.4,"high edi","Liberal democracy",0.02638,0.059656,1.1246425,0.01576,0.043312,0.135285
"21650","EST 2003","Estonia 2003","Estonia",2003,1.727,1.727,1.727,2.392,2.392,2.392,1.506,1.506,1.506,1.776,1.776,1.776,0.955,0.955,0.955,1.996,1.996,1.996,0.924,-0.435,0.87,3,41.529,2,1,3.72639197837371,"E. Europe",0.55,0.550918634,0.8454,0.8464,0.8499,0.8491,0.8413,0.835,0.9519,0.9511,0.9524,0.9524,0.9498,0.9474,1,"democracy",1,0,1,13,2.56494935746154,"Assembly-Elected President",3,0.79386133,0.64576274,55.300003,"RP",24.6,"RE",17.700001,"ERL",13,0.49512196,39.700001,"EK",25.4,"IL",7.3000002,"SDE",7,"ERL",NA,0,0,0.012278,0.115749,-0.064262,0.75432,46.5,99.9,NA,NA,NA,0.036399,0.136886,-0.035298,53.4,"high edi","Liberal democracy",NA,NA,NA,0.012278,0.115749,-0.064262
"21654","EST 2007","Estonia 2007","Estonia",2007,1.727,1.727,1.727,2.392,2.392,2.392,1.506,1.506,1.506,1.776,1.776,1.776,0.955,0.955,0.955,1.996,1.996,1.996,0.913,-0.435,0.873,3,54.586,2,1,3.99977743961572,"E. Europe",0.53,0.529267386,0.8481,0.8457,0.8453,0.8439,0.8491,0.8499,0.9533,0.9559,0.9561,0.9562,0.9524,0.9524,1,"democracy",1,0,1,17,2.83321334405622,"Assembly-Elected President",3,0.77881193,0.61525422,56.299999,"SDE",10.61,"RE",27.82,"IRL",17.870001,0.46829268,40.349998,"EK",26.08,"EER",7.1399999,"ERL",7.1300001,"SDE",NA,0,0,0.016276,0.0514,0.176,0.797471,59.4,99.9,0.027,0.109,-1.075,0.041925,0.143524,-0.239795,40.5,"high edi","Liberal democracy",0.021638,0.0802,-0.4495,0.016276,0.0514,0.176
"21658","EST 2011","Estonia 2011","Estonia",2011,2.597,1.806,2.489,2.392,2.392,2.392,1.506,1.506,1.506,1.776,1.776,1.776,0.955,0.955,0.955,1.996,1.996,1.996,0.954,-0.435,0.881,3,53.327,2,1,3.97644276951438,"E. Europe",0.52,0.519233881,0.84,0.8329,0.8262,0.8234,0.8439,0.8453,0.9543,0.9516,0.9487,0.9446,0.9562,0.9561,1,"democracy",1,0,1,21,3.04452243772342,"Assembly-Elected President",3,0.74712873,0.65693694,66.169998,"SDE",17.09,"RE",28.559999,"IRL",20.52,0,23.32,"EK",23.32,NA,0,NA,0,"SDE",NA,0,0,0.040476,0.073457,0.983753,0.97999,74.3,100,0.027,0.109,-1.088,0.046774,0.118991,-0.274219,25.7,"high edi","Liberal democracy",0.033738,0.0912285,-0.0521235,0.040476,0.073457,0.983753
"21749","FJI 1977","Fiji 1977","Fiji",1977,2.206,2.206,2.206,1.752,1.752,1.752,2.137,2.137,2.137,-0.251,-0.251,-0.251,0.524,0.524,0.524,-2.681,-2.681,-2.681,0.746,-0.625,0.573,2,11.655,15,9,2.45573527248772,"Pacific",0.59,0.315249548,0.8202,0.8238,0.8314,0.846,0.8151,0.8121,0.5505,0.5555,0.5637,0.575,0.5488,0.5514,1,"democracy",1,0,0,8,2.07944154167984,"Parliamentary",4,0.47285071,0,0,"Alliance",NA,NA,0,NA,0,0.42500001,0,"Nat. Federation F.",NA,"Nat. Fed. P",NA,"independent",NA,"Alliance",NA,0,0,0.447032,0.033216,0.15496,1.014472,69.2,98.1,0.646,0.048,1.466,0.045048,0.183977,-0.493324,28.9,"low edi","Electoral democracy",0.546516,0.040608,0.81048,0.447032,0.033216,0.15496
"21754","FJI 1982","Fiji 1982","Fiji",1982,2.206,2.206,2.206,1.752,1.752,1.752,2.137,2.137,2.137,-0.251,-0.251,-0.251,0.524,0.524,0.524,-2.681,-2.681,-2.681,0.746,-0.625,0.572,2,12.536,15,9,2.52860450505372,"Pacific",0.58,0.297149095,0.855,0.8492,0.8327,0.7928,0.8556,0.846,0.5926,0.5955,0.5929,0.5843,0.5855,0.575,1,"democracy",1,0,0,13,2.56494935746154,"Parliamentary",4,0.5399698,0,51.799999,"Alliance",51.799999,NA,0,NA,0,0.1594203,45.010002,"Nat. Fed. P",41.150002,"West United",3.8599999,NA,0,"Alliance",NA,0,0,0.345396,0.025824,-0.703674,0.788708,53.8,96.1,0.642,0.048,1.466,0.027072,0.304137,-0.660726,42.3,"low edi","Electoral democracy",0.493698,0.036912,0.381163,0.345396,0.025824,-0.703674
"21786","FJI 2014","Fiji 2014","Fiji",2014,0.06,-0.131,-0.516,0.97,0.947,0.747,0.767,1.044,0.53,-0.134,-0.547,-0.653,0.537,0.513,0.495,-0.574,-0.657,-0.584,0.41,-0.324,0.197,1,20.35,15,9,3.0130809118886,"Pacific",0,0.372386157,0.295,0.3267,NA,NA,0.2113,0.175,0.2938,0.3019,NA,NA,0.2773,0.258,1,"democracy",1,1,1,1,0,"Parliamentary",1,0.50693876,0,59.200001,"FijiFirst",59.200001,NA,0,NA,0,0.29411766,33.700001,"SODELPA",28.200001,"NFP",5.5,NA,0,"FijiFirst",NA,0,NA,0.50624,0.40704,-0.983,0.23872,64,100,0.791,0.636,0.373,0.22776,0.1194,0.05142,36,"low edi","Autocratic",0.64862,0.52152,-0.305,0.50624,0.40704,-0.983
"21963","FIN 1975","Finland 1975","Finland",1975,2.769,2.769,2.769,1.842,1.842,1.842,2.78,2.78,2.78,1.79,1.79,1.79,0.954,0.954,0.954,1.143,1.143,1.143,0.963,1.306,0.811,3,41.376,2,5,3.72270100258945,"W. Europe, N. Am.",0.55,0.548369126,0.9709,0.9724,0.9739,0.9747,0.9698,0.9695,0.9416,0.9405,0.9401,0.9406,0.9422,0.9411,1,"democracy",1,0,0,59,4.07753744390572,"Parliamentary",3,0.77311534,0.73573107,70.699997,"SSDP",24.9,"SKDL",18.9,"KESK",17.5,0.52564102,42.050003,"SKL",35.150002,"Finnish Rural",3.5999999,"PNU",1.7,"KESK",NA,0,0,0.026515,0.23217,-0.273604,0.982935,66.5,84,0.031,0.322,-0.253,NA,NA,NA,NA,"high edi","Liberal democracy",0.0287575,0.277085,-0.263302,0.026515,0.23217,-0.273604
"21967","FIN 1979","Finland 1979","Finland",1979,2.769,2.769,2.769,1.842,1.842,1.842,2.78,2.78,2.78,1.79,1.79,1.79,0.956,0.954,0.954,1.354,1.143,1.143,0.963,1.306,0.818,3,45.331,2,5,3.81399112515505,"W. Europe, N. Am.",0.54,0.543913291,0.9759,0.9762,0.9771,0.9782,0.9747,0.9739,0.9399,0.939,0.9412,0.9433,0.9406,0.9401,1,"democracy",1,0,0,63,4.14313472639153,"Parliamentary",5,0.81206036,0.70426065,64.599998,"SSDP",23.9,"KESK",17.299999,"SKDL",18.9,0.48258707,48.25,"KOK",35.150002,"SKL",4.8000002,"Finnish Rural",4.5999999,"SSDP",NA,0,0,0.02327,0.234425,0.67147,0.894265,61.5,85,0.021,0.33,-1.34,0.00658,0.016685,0.460835,23.5,"high edi","Liberal democracy",0.022135,0.2822125,-0.334265,0.02327,0.234425,0.67147
"21971","FIN 1983","Finland 1983","Finland",1983,2.769,2.769,2.769,1.842,1.842,1.842,2.78,2.78,2.78,1.79,1.79,1.79,0.957,0.957,0.957,1.354,1.354,1.354,0.963,1.306,0.84,3,51.05,2,5,3.93280554461067,"W. Europe, N. Am.",0.54,0.541400603,0.9783,0.9787,0.9798,0.9797,0.9782,0.9771,0.947,0.9526,0.9568,0.9605,0.9433,0.9412,1,"democracy",1,0,0,67,4.20469261939097,"Parliamentary",4,0.80934978,0.66400218,58.600002,"SSDP",26.700001,"KESK",17.6,"SFP",4.5999999,0.56390977,54.350002,"KOK",35.150002,"SKDL",13.5,"SKL",3,"SSDP",NA,0,0,0.011115,0.15637,-0.138088,0.42997,47.5,91,0.021,0.332,-1.34,0.01019,0.08552,0.05975,35,"high edi","Liberal democracy",0.0160575,0.244185,-0.739044,0.011115,0.15637,-0.138088
"21975","FIN 1987","Finland 1987","Finland",1987,2.769,2.769,2.769,1.842,1.842,1.842,2.78,2.78,2.78,1.79,1.79,1.79,0.971,0.971,0.971,2.327,2.327,2.327,0.963,1.306,0.844,3,57.283,2,5,4.04800389558258,"W. Europe, N. Am.",0.53,0.530203804,0.9795,0.9796,0.9794,0.9798,0.9797,0.9798,0.9562,0.9544,0.9525,0.9518,0.9605,0.9568,1,"democracy",1,0,0,71,4.26267987704132,"Parliamentary",5,0.79736871,0.64392251,59.100002,"SSDP",24.1,"KOK",23.1,"SFP",5.5999999,0.58974355,51.550003,"KESK",35.150002,"SKDL",5.5999999,"SKL",2.5999999,"KOK",NA,0,0,0.0133,0.117405,-0.170926,0.894865,54.5,93,0.028,0.069,1.961,0.00828,0.11174,-0.17678,34,"high edi","Liberal democracy",0.02065,0.0932025,0.895037,0.0133,0.117405,-0.170926
"21979","FIN 1991","Finland 1991","Finland",1991,2.769,2.769,2.769,1.842,1.842,1.842,2.78,2.78,2.78,1.79,1.79,1.79,0.971,0.971,0.971,2.327,2.327,2.327,0.97,1.306,0.863,3,58.923,2,5,4.07623150679517,"W. Europe, N. Am.",0.53,0.534231065,0.9799,0.9802,0.981,0.9817,0.9798,0.9794,0.9518,0.9528,0.9551,0.9572,0.9518,0.9525,1,"democracy",1,0,0,75,4.31748811353631,"Parliamentary",5,0.81543946,0.59657323,50.399998,"KESK",24.799999,"KOK",19.299999,"SFP",5.5,0.67773104,59.950001,"SSDP",35.150002,"Vas",10.1,"SKL",3.0999999,"KESK",62.790699,0,0,0.012825,0.102825,0.14502,0.50275,47.5,91.5,0.027,0.323,0.402,0.01259,0.14159,-0.47907,39,"high edi","Liberal democracy",0.0199125,0.2129125,0.27351,0.012825,0.102825,0.14502
"21983","FIN 1995","Finland 1995","Finland",1995,2.769,2.769,2.769,1.842,1.842,1.842,2.78,2.78,2.78,1.79,1.79,1.79,0.971,0.971,0.971,2.327,2.327,2.327,0.97,1.306,0.874,3,60.625,2,5,4.10470734925765,"W. Europe, N. Am.",0.54,0.542305171,0.9821,0.982,0.9822,0.9821,0.9817,0.981,0.9594,0.958,0.958,0.9578,0.9572,0.9551,1,"democracy",1,0,0,79,4.36944785246702,"Parliamentary",3,0.80285239,0.71708387,69,"SSDP",28.299999,"KOK",17.9,"Vas",11.2,0.34814814,42.550003,"KESK",35.150002,"SKL",3,"Young Finns",2.8,"SSDP",53.900002,0,0,0.01418,0.18651,-0.129396,1.095665,62,94,0.02,0.36,-1.34,0.007635,0.096085,0.14502,32,"high edi","Liberal democracy",0.01709,0.273255,-0.734698,0.01418,0.18651,-0.129396
"21987","FIN 1999","Finland 1999","Finland",1999,2.769,2.769,2.769,1.842,1.842,1.842,2.78,2.78,2.78,1.79,1.79,1.79,0.971,0.971,0.971,2.327,2.327,2.327,0.97,1.306,0.872,3,71.587,2,5,4.27091349323601,"W. Europe, N. Am.",0.53,0.53322599,0.9824,0.9826,0.9829,0.9831,0.9821,0.9822,0.9579,0.9598,0.9613,0.9609,0.9578,0.958,1,"democracy",1,0,0,83,4.4188406077966,"Parliamentary",5,0.80989957,0.72786987,67.370003,"SSDP",22.860001,"KOK",21.030001,"Vas",10.88,0.35901639,45.620003,"KESK",35.150002,"SKL",4.1700001,"Young Finns",1,"SSDP",51.599998,0,0,0.01374,0.15937,-0.00264199999999992,1.05743,58.5,93.5,0.02,0.36,-1.34,0.00739,0.108555,0.14749,35,"high edi","Liberal democracy",0.01687,0.259685,-0.671321,0.01374,0.15937,-0.00264199999999992
"21991","FIN 2003","Finland 2003","Finland",2003,2.769,2.769,2.769,1.842,1.842,1.842,2.78,2.78,2.78,1.79,1.79,1.79,0.971,0.971,0.971,2.327,2.327,2.327,0.97,-0.239,0.873,3,80.122,2,5,4.38355047304222,"W. Europe, N. Am.",0.54,0.539859487,0.9828,0.9828,0.9827,0.9813,0.9831,0.9829,0.9591,0.9567,0.956,0.9509,0.9609,0.9613,1,"democracy",1,0,0,87,4.46590811865458,"Parliamentary",4,0.80095476,0.57279694,53.32,"KESK",24.690001,"SSDP",24.469999,"SFP",4.1599998,0.68792242,59.990002,"KOK",35.150002,"Vas",9.9300003,"VL",8,"KESK",51.599998,0,0,0.011625,0.175975,0.170048,0.4426,54,94,0.023,0.293,0.323,0.00903,0.07787,0.116415,36.5,"high edi","Liberal democracy",0.0173125,0.2344875,0.246524,0.011625,0.175975,0.170048
"21995","FIN 2007","Finland 2007","Finland",2007,2.769,2.769,2.769,1.842,1.842,1.842,2.78,2.78,2.78,1.79,1.79,1.79,0.971,0.971,0.971,2.327,2.327,2.327,0.97,-0.239,0.881,3,88.907,2,5,4.4875908795775,"W. Europe, N. Am.",0.53,0.534130558,0.9808,0.9803,0.9797,0.9788,0.9813,0.9827,0.9481,0.9448,0.9412,0.9362,0.9509,0.956,1,"democracy",1,0,0,91,4.51085950651685,"Parliamentary",4,0.80914575,0.65922582,58.5,"KESK",23.1,"KOK",22.299999,"VL",8.5,0.57164013,39.200001,"SSDP",21.4,"Vas",8.8000002,"KD",4.9000001,"KESK",51.799999,0,0,0.014265,0.112175,0.533776,0.605515,58,89,0.023,0.295,0.323,0.00637,0.133865,-0.52741,31,"high edi","Liberal democracy",0.0186325,0.2035875,0.428388,0.014265,0.112175,0.533776
"21999","FIN 2011","Finland 2011","Finland",2011,2.769,2.769,2.769,2.568,1.842,1.842,2.78,2.78,2.78,1.79,1.79,1.79,0.981,0.971,0.971,2.399,2.327,2.327,0.965,-0.239,0.883,3,87.242,2,5,4.46868586633429,"W. Europe, N. Am.",0.54,0.539457457,0.9776,0.9763,0.975,0.9727,0.9788,0.9797,0.931,0.9238,0.9139,0.91,0.9362,0.9412,1,"democracy",1,0,0,95,4.55387689160054,"Parliamentary",5,0.83288109,0.74326885,63.169998,"KOK",20.379999,"SSDP",19.1,"Vas",8.1300001,0.50536841,34.809998,"KESK",15.76,"PS",19.049999,NA,0,"KOK",NA,0,1,0.01168,0.13256,0.403095,0.90314,50,92,0.027,0.068,1.981,0.0646,0.237205,0.163485,42,"high edi","Liberal democracy",0.01934,0.10028,1.1920475,0.01168,0.13256,0.403095
"22168","GRC 1977","Greece 1977","Greece",1977,1.79,1.79,1.79,1.51,1.51,1.51,1.699,1.699,1.699,-0.32,-0.32,-0.32,0.863,0.863,0.863,1.408,1.408,1.408,0.878,-1.25,0.829,3,33.899,3,5,3.52338551542624,"W. Europe, N. Am.",0.3,0.29521872,0.4003,0.4277,0.4574,0.4999,0.3557,0.2953,0.5271,0.5533,0.5767,0.6031,0.493,0.4463,1,"democracy",1,0,3,4,1.38629436111989,"Assembly-Elected President",3,0.5729543,0,41.84,"ND",41.84,NA,0,NA,0,0.45287895,57.27,"PASOK",25.34,"DCU",11.95,"KKE",9.3599997,"",NA,0,1,0.06498,0.08949,-0.307134,0.57,57,98.7,0.3954,0.5756,-0.422,0.110061,0.354975,-0.64518,40,"high edi","Liberal democracy",0.23019,0.332545,-0.364567,0.06498,0.08949,-0.307134
"22172","GRC 1981","Greece 1981","Greece",1981,1.79,1.79,1.79,1.51,1.51,1.51,1.699,1.699,1.699,-0.32,-0.32,-0.32,0.863,0.863,0.863,1.408,1.408,1.408,0.878,-1.25,0.838,3,36.026,3,5,3.58424090000137,"W. Europe, N. Am.",0.38,0.381944031,0.5462,0.5695,0.5778,0.5836,0.4999,0.4574,0.6305,0.6465,0.6533,0.6559,0.6031,0.5767,1,"democracy",1,0,3,8,2.07944154167984,"Assembly-Elected President",3,0.52421403,0,48.02,"PASOK",48.02,NA,0,NA,0,0.18393208,46.799999,"ND",35.869999,"KKE",10.93,NA,0,"ND",NA,0,1,0.149553,0.551226,-0.533712,0.967224,57.3,99.9,0.125,0.146,1,0.074535,0.095822,0.232199,42.6,"high edi","Liberal democracy",0.1372765,0.348613,0.233144,0.149553,0.551226,-0.533712
"22176","GRC 1985","Greece 1985","Greece",1985,1.79,1.79,1.79,1.51,1.51,1.51,1.699,1.699,1.699,-0.32,-0.32,-0.32,0.863,0.863,0.863,1.408,1.408,1.408,0.883,-1.25,0.862,3,37.509,3,5,3.62458090418097,"W. Europe, N. Am.",0.35,0.349493505,0.6135,0.6831,0.7149,0.7234,0.5836,0.5778,0.6633,0.6823,0.6919,0.694,0.6559,0.6533,1,"democracy",1,0,3,12,2.484906649788,"Assembly-Elected President",3,0.53576368,0,45.82,"PASOK",45.82,NA,0,NA,0,0.17203629,52.57,"ND",40.84,"KKE",9.8900003,"KKE-E",1.84,"ND",NA,0,1,0.129954,0.470412,-0.27507,0.68199,53.7,99.7,0.098,0.146,1.221,0.066,0.09844,0.37254,46,"high edi","Liberal democracy",0.113977,0.308206,0.472965,0.129954,0.470412,-0.27507
"22180","GRC 1989","Greece 1989","Greece",1989,1.79,1.79,1.79,1.51,1.51,1.51,1.699,1.699,1.699,-0.32,-0.32,-0.32,0.863,0.863,0.863,1.408,1.408,1.408,0.883,1.639,0.87,3,40.775,3,5,3.70806914850708,"W. Europe, N. Am.",0.36,0.35719363,0.7137,0.7304,0.7156,0.7136,0.7234,0.7149,0.6896,0.696,0.6893,0.6881,0.694,0.6919,1,"democracy",1,0,3,16,2.77258872223978,"Parliamentary",3,0.54140615,1.110223e-16,0,"PASOK",NA,NA,0,NA,0,0.19288783,0,"ND",NA,"KKE",NA,"KKE-E",NA,"PASOK",NA,0,0,0.107177,0.372771,-0.07619,0.320677,42.7,99,0.251,0.873,-0.751,0.051765,0.075429,0.601953,49.3,"high edi","Liberal democracy",0.1790885,0.6228855,-0.413595,0.107177,0.372771,-0.07619
"22181","GRC 1990","Greece 1990","Greece",1990,1.79,1.79,1.79,1.51,1.51,1.51,1.699,1.699,1.699,-0.32,-0.32,-0.32,0.863,0.863,0.863,1.408,1.408,1.408,0.883,1.639,0.882,3,41.626,3,5,3.72872497203606,"W. Europe, N. Am.",0.39,0.390684713,0.7304,0.7156,0.7136,0.7321,0.7137,0.7234,0.696,0.6893,0.6881,0.694,0.6896,0.694,1,"democracy",1,0,3,17,2.83321334405622,"Parliamentary",3,0.57049221,0.013245033,47.559998,"ND",46.889999,"Diana",0.67000002,NA,0,0.26824784,50.129997,"PASOK",38.619999,"SYN",10.8,"independent",0.25999999,"ND",NA,0,0,0.048,0.077,-0.211487,0.739,50,97.3,0.096,0.154,1.478,0.063225,0.356697,-0.43706,47.3,"high edi","Liberal democracy",0.072,0.1155,0.6332565,0.048,0.077,-0.211487
"22184","GRC 1993","Greece 1993","Greece",1993,1.79,1.79,1.79,1.51,1.51,1.51,1.699,1.699,1.699,-0.32,-0.32,-0.32,0.863,0.863,0.863,1.408,1.408,1.408,0.883,-0.613,0.883,3,42.94,3,5,3.75980379245064,"W. Europe, N. Am.",0.38,0.382241333,0.7321,0.7695,0.7881,0.8018,0.7136,0.7156,0.694,0.7098,0.7166,0.722,0.6881,0.6893,1,"democracy",1,0,3,20,2.99573227355399,"Parliamentary",3,0.54178375,0,46.880001,"PASOK",46.880001,NA,0,NA,0,0.26225403,48.720001,"ND",39.299999,"Political Spring",4.8800001,"KKE-E",4.54,"PASOK",NA,0,1,0.069741,0.343602,-0.003003,0.425817,56.7,93.7,0.123,0.606,-0.751,0.0333,0.07696,0.54686,37,"high edi","Liberal democracy",0.0963705,0.474801,-0.3770015,0.069741,0.343602,-0.003003
"22187","GRC 1996","Greece 1996","Greece",1996,1.79,1.79,1.79,1.51,1.51,1.51,1.699,1.699,1.699,-0.32,-0.32,-0.32,0.863,0.863,0.863,1.408,1.408,1.408,0.903,-0.613,0.885,3,45.573,3,5,3.81931543589364,"W. Europe, N. Am.",0.36,0.361207208,0.8018,0.8122,0.8272,0.8176,0.7881,0.7695,0.722,0.7282,0.7346,0.731,0.7166,0.7098,1,"democracy",1,0,3,23,3.13549421592915,"Parliamentary",3,0.57736903,1.110223e-16,41.5,"PASOK",41.5,NA,0,NA,0,0.3743785,53.199997,"ND",38.099998,"KKE",5.5999999,"SYN",5.0999999,"PASOK",NA,0,1,0.04104,0.22518,0.044846,0.21654,54,97,0.076,0.417,-0.401,0.055854,0.153713,0.249073,43,"high edi","Liberal democracy",0.05852,0.32109,-0.178077,0.04104,0.22518,0.044846
"22191","GRC 2000","Greece 2000","Greece",2000,1.79,1.79,1.79,1.51,1.51,1.51,1.699,1.699,1.699,-0.32,-0.32,-0.32,0.863,0.863,0.863,1.408,1.408,1.408,0.903,-0.613,0.884,3,51.407,3,5,3.93977434995897,"W. Europe, N. Am.",0.38,0.384931918,0.7944,0.7895,0.7838,0.7705,0.8176,0.8272,0.7241,0.7195,0.713,0.7063,0.731,0.7346,1,"democracy",1,0,3,27,3.29583686600433,"Parliamentary",3,0.549097,0,43.799999,"PASOK",43.799999,NA,0,NA,0,0.21885926,51.450001,"ND",42.73,"KKE",5.52,"SYN",3.2,"PASOK",NA,0,1,0.050065,0.219759,-0.167317,0.211327,52.7,98.1,0.095,0.417,-0.401,0.058812,0.163115,0.287113,45.4,"high edi","Liberal democracy",0.0725325,0.3183795,-0.2841585,0.050065,0.219759,-0.167317
"22195","GRC 2004","Greece 2004","Greece",2004,1.79,1.79,1.79,1.51,1.51,1.51,1.699,1.699,1.699,-0.32,-0.32,-0.32,0.863,0.863,0.863,1.408,1.408,1.408,0.903,-0.613,0.889,3,60.617,3,5,4.10457538178744,"W. Europe, N. Am.",0.37,0.366082963,0.7534,0.7063,0.697,0.6691,0.7705,0.7838,0.6972,0.6748,0.669,0.6537,0.7063,0.713,1,"democracy",1,0,3,31,3.43398720448515,"Parliamentary",3,0.54521739,0,46.400002,"ND",46.400002,NA,0,NA,0,0.24079601,50.77,"PASOK",41.48,"KKE",6.0300002,"SYN",3.26,"ND",NA,0,1,0.048111,0.187467,0.4665,0.554106,55.3,98,0.087,0.339,1.002,0.056868,0.220865,-0.296507,42.7,"high edi","Liberal democracy",0.0675555,0.2632335,0.73425,0.048111,0.187467,0.4665
"22198","GRC 2007","Greece 2007","Greece",2007,1.79,1.79,1.79,1.51,1.51,1.51,1.184,1.699,1.699,-0.32,-0.32,-0.32,0.863,0.863,0.863,1.408,1.408,1.408,0.877,-0.613,0.895,3,65.075,3,5,4.17554045088063,"W. Europe, N. Am.",0.36,0.363496435,0.6691,0.6563,0.654,0.6652,0.697,0.7063,0.6537,0.648,0.6503,0.6606,0.669,0.6748,1,"democracy",1,0,3,34,3.52636052461616,"Parliamentary",3,0.62109256,0,41.830002,"ND",41.830002,NA,0,NA,0,0.49273762,55.089996,"PASOK",38.099998,"KKE",8.1499996,"SYN",5.04,"ND",NA,0,1,0.040053,0.171873,0.519531,0.508014,50.7,96.7,0.079,0.339,1.002,0.072677,0.238278,-0.449669,41.3,"high edi","Liberal democracy",0.0595265,0.2554365,0.7607655,0.040053,0.171873,0.519531
"22200","GRC 2009","Greece 2009","Greece",2009,1.644,1.644,1.79,1.556,1.51,1.51,1.303,1.089,1.184,-0.32,-0.32,-0.32,0.846,0.843,0.863,0.916,0.916,1.408,0.877,-0.613,0.901,3,63.628,3,5,4.15305362503611,"W. Europe, N. Am.",0.41,0.41408239,0.654,0.6652,0.6939,0.7213,0.6563,0.6691,0.6503,0.6606,0.6788,0.7053,0.648,0.6537,1,"democracy",1,0,3,36,3.58351893845611,"Parliamentary",3,0.61632103,0,43.919998,"PASOK",43.919998,NA,0,NA,0,0.53874612,51.25,"ND",33.48,"KKE",7.54,"LAOS",5.6300001,"PASOK",NA,0,1,0.04797,0.267566,-0.318318,0.012259,53.3,95.6,0.09,0.502,0.023,0.111491,0.178387,0.120196,42.3,"high edi","Liberal democracy",0.068985,0.384783,-0.147659,0.04797,0.267566,-0.318318
"22203","GRC 2012","Greece 2012","Greece",2012,1.742,1.742,1.644,1.716,1.716,1.556,0.901,0.901,1.243,-0.32,-0.32,-0.32,0.877,0.866,0.847,1.535,1.357,0.916,0.892,0.326,0.899,3,54.296,3,5,3.99445055940146,"W. Europe, N. Am.",0.41,0.410901258,0.7213,0.7215,0.7221,0.7181,0.6939,0.6652,0.7053,0.7297,0.7428,0.75,0.6788,0.6606,1,"democracy",1,0,3,39,3.66356164612965,"Parliamentary",5,0.73672801,0.32643202,0,"ND",NA,"PASOK",NA,NA,0,0.68012798,0,"SYRIZA",NA,"ANEL",NA,"Golden Dawn",NA,"ND",NA,0,0,0.07893,0.18067,0.314984,0.64409,54,96.1,0.148,0.292,1.448,0.207153,0.288388,-0.352912,30.4,"high edi","Liberal democracy",0.113465,0.236335,0.881492,0.07893,0.18067,0.314984
"22308","GUY 1992","Guyana 1992","Guyana",1992,0.682,0.682,0.682,1.473,1.473,1.473,0.87,0.87,0.87,0.97,0.97,0.97,0.73,0.699,0.699,0.494,0.494,0.494,0.313,1.424,0.356,1,8.616,18,10,2.15362093985409,"Carribean",0,0.236102758,0.4586,0.4975,0.5261,0.5413,0.3972,0.3587,0.5146,0.5232,0.5303,0.5351,0.5042,0.4952,1,"democracy",1,1,0,1,0,"Assembly-Elected President",2,0.54471153,0.15220484,55,"PPP",55,"WPA",NA,"United Force",NA,0,42,"PNC",42,NA,0,NA,0,"PPP",NA,0,1,0.205516,0.465908,-0.76811,1.051252,53.8,95.3,0.382,0.866,-1.954,0.337395,0.08383,-0.59843,41.5,"low edi","Autocratic",0.293758,0.665954,-1.361055,0.205516,0.465908,-0.76811
"22313","GUY 1997","Guyana 1997","Guyana",1997,0.682,0.682,0.682,0.951,0.951,1.473,0.87,0.87,0.87,0.97,0.97,0.97,0.692,0.692,0.735,0.494,0.494,0.494,0.313,1.424,0.453,1,11.668,18,10,2.45685005200547,"Carribean",0,0.363159183,0.5374,0.5051,0.4883,0.4775,0.5483,0.5413,0.54,0.5381,0.538,0.5388,0.5391,0.5351,1,"democracy",1,0,0,6,1.79175946922805,"Assembly-Elected President",2,0.54086536,0.10384069,55.299999,"PPP",55.299999,"WPA",NA,"United Force",NA,0,40.599998,"PNC",40.599998,NA,0,NA,0,"PPP",NA,0,1,0.24376,0.39611,0,0.694716,55.4,95.4,0.44,0.715,-1.254,0.2004,0.0808,-0.114,40,"low edi","Autocratic",0.34188,0.555555,-0.627,0.24376,0.39611,0
"22317","GUY 2001","Guyana 2001","Guyana",2001,0.682,0.682,0.682,0.379,0.379,0.379,0.87,0.87,0.87,0.97,0.97,0.97,0.663,0.663,0.682,1.028,1.028,1.028,0.35,1.424,0.555,2,12.805,18,10,2.54983571965149,"Carribean",0,0.358508491,0.4707,0.4634,0.4501,0.441,0.4775,0.4883,0.5388,0.538,0.5372,0.5368,0.5388,0.538,1,"democracy",1,0,0,10,2.30258509299405,"Assembly-Elected President",3,0.56105769,0,53.09,"PPP/C",53.09,NA,0,NA,0,0.24301076,46.899998,"PNCR-1G",41.669998,"GAP/WPA",2.4100001,"ROAR",0.93000001,"PPP",NA,0,1,0.360347,0.042363,-0.131229,0.1569,52.3,93.8,0.689,0.081,-0.3,0.18011,0.08383,0.080095,41.5,"low edi","Electoral democracy",0.5246735,0.0616815,-0.2156145,0.360347,0.042363,-0.131229
"22322","GUY 2006","Guyana 2006","Guyana",2006,0.208,0.208,0.682,0.379,0.379,0.379,1.263,1.407,1.663,0.97,0.97,0.97,0.663,0.663,0.663,1.028,1.028,1.028,0.35,1.424,0.582,2,14.75,18,10,2.69124308278583,"Carribean",0,0.372357389,0.4537,0.4712,0.4728,0.4562,0.442,0.441,0.5419,0.5465,0.5493,0.549,0.5384,0.5368,1,"democracy",1,0,0,15,2.70805020110221,"Assembly-Elected President",3,0.58124995,0,54.299999,"PPP/C",54.299999,NA,0,NA,0,0.40640393,45.700001,"PNCR-1G",34,"AFC",8.3000002,"GAP/ROAR",2.5,"PPP",NA,0,1,0.3324,0.112462,0.966014,0.1662,55.4,96.9,0.6,0.203,-0.3,0.180781,0.07453,0.080326,41.5,"low edi","Electoral democracy",0.4662,0.157731,0.333007,0.3324,0.112462,0.966014
"22327","GUY 2011","Guyana 2011","Guyana",2011,0.339,0.441,0.208,0.3,0.3,0.3,1.99,1.988,1.988,1.336,0.97,0.97,0.622,0.64,0.64,0.713,0.942,0.942,0.35,1.214,0.581,2,18.444,18,10,2.91473911434446,"Carribean",0,0.395979394,0.4389,0.4306,0.4281,0.4311,0.4563,0.4562,0.5476,0.5467,0.5457,0.545,0.5493,0.549,1,"democracy",1,0,0,20,2.99573227355399,"Assembly-Elected President",4,0.59519231,0,48.599998,"PPP/C",48.599998,NA,0,NA,0,0.34469697,51.099998,"PNU",40.799999,"AFC",10.3,NA,0,"PPP",NA,0,1,0.234684,0.046248,0.434368,0.1476,49.2,100,0.477,0.094,-0.3,0.193404,0.08798,0.100768,50.8,"low edi","Electoral democracy",0.355842,0.070124,0.067184,0.234684,0.046248,0.434368
"22544","ISL 1978","Iceland 1978","Iceland",1978,1.039,1.039,1.039,2.278,2.278,2.278,1.661,1.661,1.661,1.854,1.854,1.854,0.945,0.945,0.945,2.229,2.229,2.229,0.737,-0.047,0.829,3,55.351,2,5,4.01369472583878,"W. Europe, N. Am.",0.48,0.477613333,0.9382,0.9412,0.9436,0.9461,0.9351,0.9318,0.9275,0.93,0.9326,0.9359,0.9256,0.9249,1,"democracy",1,0,0,61,4.11087386417331,"Parliamentary",5,0.75254238,0.6820513,61.799999,"People's Alliance",22.9,"SDP",22,"PP",16.9,0,32.700001,"IP",32.700001,NA,0,NA,0,"PP",NA,0,0,0.054344,0.065051,0.520336,0.479868,66.6,99.9,0.076,0.154,0.074,0.029304,0.018981,0.719613,33.3,"high edi","Liberal democracy",0.065172,0.1095255,0.297168,0.054344,0.065051,0.520336
"22545","ISL 1979","Iceland 1979","Iceland",1979,1.039,1.039,1.039,2.278,2.278,2.278,1.661,1.661,1.661,1.854,1.854,1.854,0.945,0.945,0.945,2.229,2.229,2.229,0.737,-0.047,0.828,3,57.612,2,5,4.0537308793368,"W. Europe, N. Am.",0.5,0.50172,0.9412,0.9436,0.9461,0.9487,0.9382,0.9351,0.93,0.9326,0.9359,0.9383,0.9275,0.9256,1,"democracy",1,0,0,62,4.12713438504509,"Parliamentary",3,0.73933369,0.65901363,80,"IP",35.400002,"PP",24.9,"People's Alliance",19.700001,0,17.4,"SDP",17.4,NA,0,NA,0,"IP",NA,0,0,0.06768,0.077257,-0.696976,0.961024,81.6,98.3,0.088,0.057,2.161,0.014028,0.012024,-0.165664,16.7,"high edi","Liberal democracy",0.07784,0.0671285,0.732012,0.06768,0.077257,-0.696976
"22549","ISL 1983","Iceland 1983","Iceland",1983,1.039,1.039,1.039,2.278,2.278,2.278,1.661,1.661,1.661,1.854,1.854,1.854,0.945,0.945,0.945,2.229,2.229,2.229,0.737,-0.047,0.844,3,62.303,2,5,4.13200957872713,"W. Europe, N. Am.",0.5,0.498706667,0.9519,0.955,0.957,0.9595,0.9487,0.9461,0.941,0.944,0.9458,0.9479,0.9383,0.9359,1,"democracy",1,0,0,66,4.18965474202643,"Parliamentary",4,0.77267766,0.48348349,57.700001,"IP",38.700001,"PP",19,NA,0,0.73913044,41.899998,"People's Alliance",17.299999,"SDP",11.7,"Soc. Dem Alliance",7.4000001,"IP",NA,0,0,0.051412,0.057713,-0.191539,0.844905,61.6,100,0.088,0.057,2.161,0.022428,0.019725,-0.266868,26.7,"high edi","Liberal democracy",0.069706,0.0573565,0.9847305,0.051412,0.057713,-0.191539
"22553","ISL 1987","Iceland 1987","Iceland",1987,1.039,1.039,1.039,2.278,2.278,2.278,0.723,1.661,1.661,1.854,1.854,1.854,0.945,0.945,0.945,2.229,2.229,2.229,0.805,-0.047,0.861,3,71.564,2,5,4.27059215422758,"W. Europe, N. Am.",0.51,0.511136667,0.9612,0.9635,0.9656,0.9671,0.9595,0.957,0.9489,0.9497,0.9506,0.9512,0.9479,0.9458,1,"democracy",1,0,0,70,4.24849524204936,"Parliamentary",5,0.82910901,0.5032258,46.099998,"IP",27.200001,"PP",18.9,NA,0,0.79284275,53.900002,"SDP",15.2,"People's Alliance",13.3,"Citizen Party",10.8,"PP",NA,0,0,0.040824,0.048026,0.42301,0.63329,49.2,98.4,0.076,0.154,0.074,0.024024,0.020973,-0.285236,28.6,"high edi","Liberal democracy",0.058412,0.101013,0.248505,0.040824,0.048026,0.42301
"22557","ISL 1991","Iceland 1991","Iceland",1991,0.543,0.543,0.543,2.278,2.278,2.278,2.192,2.192,2.192,1.854,1.854,1.854,0.945,0.945,0.945,2.229,2.229,2.229,0.801,-0.047,0.865,3,72.047,2,5,4.27731868382709,"W. Europe, N. Am.",0.55,0.550633436,0.9675,0.9693,0.9704,0.971,0.9671,0.9656,0.9518,0.9529,0.9537,0.9548,0.9512,0.9506,1,"democracy",1,0,0,74,4.30406509320417,"Parliamentary",5,0.74705583,0.41269842,54.099998,"IP",38.599998,"SDP",15.5,NA,0,0.64672363,41.599998,"PP",18.9,"People's Alliance",14.4,"Women's",8.3000002,"IP",NA,0,0,0.0497,0.034989,-0.127242,1.050221,57.2,100,0.088,0.057,2.161,0.027668,0.042306,-0.128328,34.9,"high edi","Liberal democracy",0.06885,0.0459945,1.016879,0.0497,0.034989,-0.127242
"22561","ISL 1995","Iceland 1995","Iceland",1995,0.543,0.543,0.543,2.278,2.278,2.278,2.192,2.192,2.192,1.854,1.854,1.854,0.945,0.945,0.945,2.229,2.229,2.229,0.801,-0.047,0.865,3,72.261,2,5,4.28028456453877,"W. Europe, N. Am.",0.5,0.49806211,0.9722,0.9725,0.9726,0.9723,0.971,0.9704,0.956,0.9558,0.9559,0.9561,0.9548,0.9537,1,"democracy",1,0,0,78,4.35670882668959,"Parliamentary",4,0.75883263,0.48076922,60.399998,"IP",37.099998,"PP",23.299999,NA,0,0.73913044,37.799999,"People's Alliance",14.3,"SDP",11.4,"Awakening",7.1999998,"IP",NA,0,0,0.053024,0.059281,-0.343794,0.875529,63.5,95.2,0.088,0.057,2.161,0.021336,0.018574,-0.253684,25.4,"high edi","Liberal democracy",0.070512,0.0581405,0.908603,0.053024,0.059281,-0.343794
"22565","ISL 1999","Iceland 1999","Iceland",1999,-0.673,-0.673,0.543,2.278,2.278,2.278,2.192,2.192,2.192,1.854,1.854,1.854,0.945,0.945,0.945,2.229,2.229,2.229,0.801,-0.047,0.872,3,84.506,2,5,4.43682253775949,"W. Europe, N. Am.",0.51,0.505913671,0.9724,0.9733,0.9737,0.9746,0.9723,0.9726,0.9563,0.9567,0.9565,0.957,0.9561,0.9559,1,"democracy",1,0,0,82,4.40671924726425,"Parliamentary",3,0.72196627,0.44381222,59.090004,"IP",40.740002,"PP",18.35,NA,0,0.49333334,40.07,"The Alliance",26.780001,"VGF",9.1199999,"Liberal",4.1700001,"IP",NA,0,0,0.050784,0.052801,1.262522,0.906553,60.3,96.8,0.088,0.057,2.161,0.02828,0.049215,-0.258705,36.5,"high edi","Liberal democracy",0.069392,0.0549005,1.711761,0.050784,0.052801,1.262522
"22569","ISL 2003","Iceland 2003","Iceland",2003,0.858,-0.673,-0.673,2.278,2.278,2.278,2.192,2.192,2.192,1.854,1.854,1.854,0.945,0.945,0.945,2.229,2.229,2.229,0.801,-0.047,0.872,3,90.848,2,5,4.50918778029056,"W. Europe, N. Am.",0.47,0.472459191,0.9741,0.9721,0.971,0.9682,0.9746,0.9737,0.9573,0.9568,0.9563,0.9552,0.957,0.9565,1,"democracy",1,0,0,86,4.45434729625351,"Parliamentary",3,0.7424475,0.47058824,51.41,"IP",33.68,"PP",17.73,NA,0,0.49261084,47.139999,"The Alliance",30.950001,"VGF",8.8100004,"Liberal",7.3800001,"IP",NA,0,0,0.045152,0.049153,0.132459,0.768249,53.9,99.8,0.088,0.057,2.161,0.03073,0.055537,-0.305203,39.6,"high edi","Liberal democracy",0.066576,0.0530765,1.1467295,0.045152,0.049153,0.132459
"22573","ISL 2007","Iceland 2007","Iceland",2007,0.858,0.858,0.858,2.278,2.278,2.278,2.192,2.192,2.192,1.854,1.854,1.854,0.945,0.945,0.945,2.229,2.229,2.229,0.801,-0.047,0.876,3,102.674,2,5,4.63155892032599,"W. Europe, N. Am.",0.49,0.494989759,0.9654,0.9624,0.9596,0.9569,0.9682,0.971,0.9537,0.9521,0.9511,0.9508,0.9552,0.9563,1,"democracy",1,0,0,90,4.49980967033027,"Parliamentary",3,0.73579115,0.49833888,63.400002,"IP",36.639999,"The Alliance",26.76,NA,0,0.66842103,33.330002,"VGF",14.35,"PP",11.72,"Liberal",7.2600002,"IP",NA,0,0,0.057244,0.067817,0.341955,1.136481,68.3,100,0.088,0.057,2.161,0.019304,0.026961,0.014649,25.4,"high edi","Liberal democracy",0.072622,0.0624085,1.2514775,0.057244,0.067817,0.341955
"22575","ISL 2009","Iceland 2009","Iceland",2009,0.858,0.858,0.858,1.878,2.278,2.278,2.192,2.192,2.192,1.165,1.165,1.854,0.936,0.945,0.945,2.229,2.229,2.229,0.802,-0.047,0.883,3,99.676,2,5,4.60192492582306,"W. Europe, N. Am.",0.49,0.49055192,0.9596,0.9569,0.9537,0.9502,0.9624,0.9654,0.9511,0.9508,0.9507,0.9498,0.9521,0.9537,1,"democracy",1,0,0,92,4.52178857704904,"Parliamentary",3,0.77316952,0.49910873,51.470001,"The Alliance",29.790001,"VGF",21.68,NA,0,0.60098523,45.720001,"IP",23.700001,"PP",14.8,"Citizens' Movement",7.2199998,"The Alliance",NA,0,0,0.041598,0.065404,-0.134695,0.318748,53.9,99.9,0.078,0.158,-0.974,0.03322,0.0365,0.559476,39.7,"high edi","Liberal democracy",0.059799,0.111702,-0.5543475,0.041598,0.065404,-0.134695
"22579","ISL 2013","Iceland 2013","Iceland",2013,0.858,0.858,0.858,2.315,2.315,2.315,2.192,2.192,2.192,1.843,1.843,1.843,0.944,0.944,0.944,2.229,2.229,2.229,0.823,-0.047,0.861,3,99.516,2,5,4.60031843525707,"W. Europe, N. Am.",0.52,0.515472094,0.9457,0.9417,0.939,NA,0.9502,0.9537,0.9483,0.947,0.9465,NA,0.9498,0.9507,1,"democracy",1,0,0,96,4.56434819146784,"Parliamentary",3,0.78648239,0.51351351,51.130001,"PP",24.43,"IP",26.700001,NA,0,0.75,37.07,"The Alliance",12.85,"VGF",10.87,"Bright Future",8.25,"PP",NA,0,0,0.049528,0.079728,-0.26424,0.67497,60.4,100.1,0.076,0.207,0.074,0.01959,0.030253,-0.134287,25.4,"high edi","Liberal democracy",0.062764,0.143364,-0.09512,0.049528,0.079728,-0.26424
"22620","ISR 1977","Israel 1977","Israel",1977,0.138,0.138,0.138,1.829,1.829,1.829,1.455,1.455,1.455,0.839,0.839,0.839,0.92,0.92,0.92,1.536,1.536,1.536,0.946,0.329,0.758,3,37.336,10,3,3.61995800864751,"MENA",0.47,0.465231624,0.8022,0.8072,0.8131,0.8187,0.7974,0.7939,0.5688,0.5766,0.5846,0.5932,0.5614,0.5549,1,"democracy",1,0,0,30,3.40119738166216,"Parliamentary",2,0.78431106,0.62105268,57.329998,"Likud",33.099998,"DMC",11.57,"NRP",9.1899996,0.50531399,39.470001,"Labour-M",24.6,"Communist",4.5799999,"Agudat Israel",3.24,"Likud",NA,0,0,0.021122,0.176494,1.1234,0.289622,35.8,85,0.059,0.493,0.809,0.055536,0.022161,-0.474726,26.7,"high edi","Liberal democracy",0.040061,0.334747,0.9662,0.021122,0.176494,1.1234
"22624","ISR 1981","Israel 1981","Israel",1981,0.138,0.138,0.138,1.829,1.829,1.829,1.455,1.455,1.455,0.839,0.839,0.839,0.92,0.92,0.92,1.536,1.536,1.536,0.951,0.329,0.766,3,41.247,10,3,3.71957838286321,"MENA",0.51,0.510563161,0.8188,0.8202,0.8227,0.8259,0.8187,0.8131,0.5998,0.6056,0.6106,0.6164,0.5932,0.5846,1,"democracy",1,0,0,34,3.52636052461616,"Parliamentary",5,0.66451776,0.28195488,44.330002,"Likud",37.110001,"NRP",4.9200001,NA,0,0.36197156,47.5,"Labour-Align",36.57,"Communist",3.3499999,"Tehiya",2.3099999,"Likud",NA,0,0,0.0472,0.1972,0.036573,0.3236,40,79.2,0.118,0.493,0.809,0.054488,0.032536,-0.696976,39.2,"high edi","Liberal democracy",0.0826,0.3451,0.4227865,0.0472,0.1972,0.036573
"22627","ISR 1984","Israel 1984","Israel",1984,0.138,0.138,0.138,1.409,1.409,1.829,1.455,1.455,1.455,0.839,0.839,0.839,0.907,0.907,0.92,1.536,1.536,1.536,0.951,0.329,0.76,3,43.539,10,3,3.77365708815634,"MENA",0.46,0.457165714,0.8259,0.8268,0.8321,0.8411,0.8227,0.8202,0.6164,0.6205,0.6257,0.6327,0.6106,0.6056,1,"democracy",1,0,0,37,3.61091791264422,"Parliamentary",3,0.77957845,0.60013932,74.559998,"Likud",31.82,"Labour",34.84,"NRP",3.5,0.91301841,22.4,"Mapam",0,"Tehiya",4.2399998,"DFPE",3.3599999,"Labour",NA,0,0,0.075295,0.141269,-0.463775,0.800387,70.9,70.9,0.139,0.083,-1.427,NA,NA,NA,NA,"high edi","Liberal democracy",0.1071475,0.1121345,-0.9453875,0.075295,0.141269,-0.463775
"22631","ISR 1988","Israel 1988","Israel",1988,0.138,0.138,0.138,1.409,1.409,1.409,1.455,1.455,1.455,0.163,0.839,0.839,0.907,0.907,0.907,1.536,1.536,1.536,0.962,0.329,0.76,3,48.072,10,3,3.87269988703163,"MENA",0.5,0.496073215,0.8471,0.8585,0.8692,0.8786,0.8411,0.8321,0.6387,0.6457,0.6523,0.6594,0.6327,0.6257,1,"democracy",1,0,0,41,3.71357206670431,"Parliamentary",4,0.7756694,0.5955357,52.899998,"Likud",31.299999,"Shas",4.6999998,"NRP",3.9000001,0.48846802,45.200001,"Labour",30,"Ratz",4.5,"DFPE",3.7,"Likud",NA,0,0,0.023643,0.107892,0,0.269397,33.3,65.8,0.071,0.324,0.809,0.0169,0.026975,-0.463775,32.5,"high edi","Liberal democracy",0.0473215,0.215946,0.4045,0.023643,0.107892,0
"22635","ISR 1992","Israel 1992","Israel",1992,-0.174,-0.174,-0.174,1.409,1.409,1.409,1.455,1.455,1.455,1.224,1.224,1.224,0.907,0.907,0.907,1.536,1.536,1.536,0.962,0.329,0.765,3,53.446,10,3,3.97867179837508,"MENA",0.52,0.522435084,0.8871,0.8914,0.8977,0.901,0.8786,0.8692,0.6664,0.6709,0.6757,0.6787,0.6594,0.6523,1,"democracy",1,0,0,45,3.80666248977032,"Parliamentary",5,0.79817146,0.4569011,49,"Labour",34.599998,"Meretz",9.5,"Shas",4.9000001,0.72103173,45.400002,"Likud",24.9,"Tzomet",6.3000002,"NRP",4.9000001,"Labour",NA,0,0,0.024384,0.034861,0.254888,0.556188,46.7,85.1,0.052,0.083,-0.764,0.021771,0.089657,0.369366,33.4,"high edi","Liberal democracy",0.038192,0.0589305,-0.254556,0.024384,0.034861,0.254888
"22639","ISR 1996","Israel 1996","Israel",1996,-0.868,-0.868,-0.868,1.409,1.409,1.409,1.455,1.455,1.455,1.224,1.224,1.224,0.907,0.907,0.907,1.536,1.536,1.536,0.962,0.329,0.775,3,61.285,10,3,4.11553511479313,"MENA",0.52,0.519260322,0.8976,0.8904,0.8902,0.898,0.901,0.8977,0.6782,0.6759,0.6761,0.6794,0.6787,0.6757,1,"democracy",1,0,0,49,3.89182029811063,"Presidential",3,0.82913154,0.71701634,53.400002,"Likud",25.1,"Shas",8.5,"NRP",7.8000002,0.57162821,43.599998,"Labour",26.799999,"Meretz",7.4000001,"Hadash",4.1999998,"Likud",NA,0,0,0.027191,0.091443,1.101594,0.591854,28.3,77.4,0.104,0.324,1.823,0.025344,0.036923,-0.635823,49.1,"high edi","Liberal democracy",0.0655955,0.2077215,1.462297,0.0655955,0.2077215,1.462297
"22642","ISR 1999","Israel 1999","Israel",1999,-0.528,-0.528,-0.868,1.409,1.409,1.409,1.455,1.455,1.455,1.224,1.224,1.224,0.907,0.907,0.907,1.536,1.536,1.536,0.962,0.329,0.774,3,64.965,10,3,4.1738486633347,"MENA",0.58,0.57593916,0.898,0.9054,0.9159,0.9236,0.8902,0.8904,0.6794,0.6823,0.6874,0.6901,0.6761,0.6759,1,"democracy",1,0,0,52,3.95124371858143,"Presidential",3,0.89264703,0.79981983,59.059998,"One Israel",20.26,"Shas",13.01,"Meretz",7.6599998,0.78686869,34.780003,"Likud",14.14,"Shinui",5.0700002,"Labour",3.47,"One Israel",NA,1,0,0.021865,0.053068,-0.104735,0.61771,22.5,75,NA,NA,NA,0.049196,0.092131,0.27741,52.5,"high edi","Liberal democracy",NA,NA,NA,NA,NA,NA
"22646","ISR 2003","Israel 2003","Israel",2003,-0.528,-0.528,-0.528,1.409,1.409,1.409,1.455,1.455,1.455,1.224,1.224,1.224,0.907,0.907,0.907,1.536,1.536,1.536,0.962,0.329,0.76,3,65.306,10,3,4.17908391567543,"MENA",0.6,0.598909496,0.9293,0.9334,0.9359,0.9365,0.9236,0.9159,0.6942,0.6973,0.6977,0.6963,0.6901,0.6874,1,"democracy",1,0,0,56,4.02535169073515,"Parliamentary",3,0.84599441,0.63081646,53.919998,"Likud",29.389999,"Shinui",12.28,"Haichud Haleumi",5.9000001,0.80497736,42.260002,"Labour",14.46,"Shas",8.2200003,"Meretz",5.21,"Likud",NA,0,0,0.030663,0.100274,-0.098157,1.240864,44.2,80,0.064,0.297,2.817,0.024262,0.049544,-0.478272,35.8,"high edi","Liberal democracy",0.0473315,0.198637,1.3594215,0.030663,0.100274,-0.098157
"22649","ISR 2006","Israel 2006","Israel",2006,-0.709,-0.709,-0.709,1.409,1.409,1.409,1.455,1.455,1.455,1.241,0.903,0.903,0.907,0.907,0.907,1.536,1.536,1.536,0.962,0.329,0.763,3,67.79,10,3,4.21641469144287,"MENA",0.56,0.563426863,0.9365,0.9352,0.9332,0.9294,0.9359,0.9334,0.6963,0.6945,0.6934,0.6927,0.6977,0.6973,1,"democracy",1,0,0,59,4.07753744390572,"Parliamentary",4,0.88030809,0.69968343,52.529999,"Kadima",22.02,"ILP",15.06,"Shas",9.5299997,0.86168355,41.639999,"Likud",8.9899998,"Yisrael Beitenu",8.9899998,"NRP",7.1399999,"Kadima",NA,0,0,0.020326,0.048676,-0.009481,0.474176,34.2,82.5,0.053,0.078,0.828,0.039595,0.067753,0.518452,32.5,"high edi","Liberal democracy",0.036663,0.063338,0.4092595,0.020326,0.048676,-0.009481
"22652","ISR 2009","Israel 2009","Israel",2009,-0.485,-0.455,-0.763,1.409,1.409,1.409,1.8,1.8,1.8,1.241,1.241,1.241,0.899,0.899,0.905,1.503,1.503,1.536,0.962,0.329,0.757,3,71.239,10,3,4.26604042126511,"MENA",0.59,0.58658395,0.9294,0.9245,0.9197,0.9155,0.9332,0.9352,0.6927,0.6933,0.6948,0.6992,0.6934,0.6945,1,"democracy",1,0,0,62,4.12713438504509,"Parliamentary",4,0.86185795,0.78353697,58.990002,"Likud-Ahi",21.610001,"Yisrael Beitenu",11.7,"ILP",9.9300003,0.61191624,37.939999,"Kadima",22.469999,"UAL",3.3800001,"NU",3.3399999,"Likud",NA,0,0,0.022725,0.08055,-0.148016,0.335025,22.5,78.3,NA,NA,NA,0.027428,0.053582,-0.054468,43.3,"high edi","Liberal democracy",NA,NA,NA,0.022725,0.08055,-0.148016
"22656","ISR 2013","Israel 2013","Israel",2013,-1.169,-0.565,-0.466,1.409,1.409,1.409,1.8,1.8,1.8,1.241,1.241,1.241,0.902,0.899,0.899,1.746,1.503,1.503,0.945,0.329,0.744,3,76.205,10,3,4.33342707733781,"MENA",0.57,0.573231275,0.9121,0.911,0.9072,NA,0.9155,0.9197,0.706,0.7112,0.7139,NA,0.6992,0.6948,1,"democracy",1,0,0,66,4.18965474202643,"Parliamentary",6,0.90257704,0.78577697,0,"Likud",NA,"Yisrael Beitenu",NA,"Yesh Atid",NA,0.84343886,0,"ILP",NA,"Shas",NA,"UTJ",NA,"Likud",NA,0,0,0.026219,0.077488,0.055005,0.248663,16.7,84.2,0.157,0.464,1.489,0.0069,0.02438,-0.162288,9.2,"high edi","Liberal democracy",0.0916095,0.270744,0.7720025,0.026219,0.077488,0.055005
"22928","LTU 1992","Lithuania 1992","Lithuania",1992,2.011,2.011,1.798,1.842,1.842,2.3,1.16,1.16,1.16,1.561,1.561,1.561,0.942,0.947,0.928,1.768,1.936,1.134,0.976,-1.627,0.8,2,23.915,2,1,3.17450587713226,"E. Europe",0.32,0.315044458,0.7933,0.7868,0.8101,0.8225,0.8041,0.8163,0.8733,0.8915,0.9236,0.939,0.8613,0.8521,1,"democracy",1,1,1,1,0,"Presidential",2,0.67047626,0,0,"LDDP",NA,NA,0,NA,0,0.72589993,0,"Lithuanian Reform Movement",NA,"LKDP/List",NA,"LSDP",NA,"LDDP",NA,0,1,0.03367,0.11137,-0.635823,0.708106,51.8,91.6,0.065,0.215,-1.367,0.00228,0.022287,-0.099294,5.7,"high edi","Electoral democracy",0.049335,0.163185,-1.0014115,0.049335,0.163185,-1.0014115
"22932","LTU 1996","Lithuania 1996","Lithuania",1996,1.813,1.813,2.011,1.842,1.842,1.842,1.16,1.16,1.16,1.561,1.561,1.561,0.942,0.942,0.942,1.768,1.768,1.768,0.94,-1.377,0.827,3,21.219,2,1,3.05489700672196,"E. Europe",0.45,0.449127487,0.8288,0.8307,0.8267,0.8182,0.8225,0.8101,0.9466,0.9511,0.9529,0.9513,0.939,0.9236,1,"democracy",1,0,1,5,1.6094379124341,"Presidential",5,0.67762774,0.73387098,0,"LDDP",NA,"LSDP",NA,"LDP",NA,0.46134818,0,"TS",NA,"CDPL",NA,"Centre Union",NA,"LDDP",NA,0,1,0.007304,0.049632,0,0.258192,17.6,89.9,0.046,0.205,-1.191,0.142058,0.133371,0.4599,51.1,"high edi","Liberal democracy",0.026652,0.127316,-0.5955,0.026652,0.127316,-0.5955
"22936","LTU 2000","Lithuania 2000","Lithuania",2000,1.781,2.272,2.272,1.842,1.842,1.842,1.16,1.16,1.16,1.561,1.561,1.561,0.963,0.963,0.963,1.768,1.768,1.768,0.942,-0.163,0.82,3,26.346,2,1,3.27131646080764,"E. Europe",0.47,0.472677817,0.8077,0.7968,0.7915,0.7906,0.8182,0.8267,0.9474,0.9398,0.9362,0.9347,0.9513,0.9529,1,"democracy",1,0,1,9,2.19722457733622,"Presidential",4,0.75813675,0.54871798,43.939999,"LLU",17.25,"NU-SL",19.639999,"LCU",2.8599999,0.48422012,56.059998,"BSDC",31.08,"CPL",8.6199999,"LFP",4.0799999,"independent",50.369999,0,0,0.010506,0.131222,-0.035424,0.004326,20.6,83,NA,NA,NA,NA,NA,NA,NA,"high edi","Liberal democracy",NA,NA,NA,NA,NA,NA
"22940","LTU 2004","Lithuania 2004","Lithuania",2004,1.692,1.692,1.798,1.842,1.842,1.842,1.414,1.414,1.414,1.561,1.561,1.561,0.964,0.964,0.964,1.768,1.768,1.768,0.94,0.45,0.822,3,35.672,2,1,3.57436606732518,"E. Europe",0.51,0.512014792,0.792,0.8044,0.8218,0.8334,0.7906,0.7915,0.9332,0.936,0.9446,0.9488,0.9347,0.9362,1,"democracy",1,0,1,13,2.56494935746154,"Presidential",3,0.82168186,0.60411394,55.689999,"DP",28.440001,"Working for Lithuania Coalition",20.65,"VNDS",6.5999999,0.66948056,39.09,"TS",14.75,"LCS",9.1899996,"UTT",11.36,"independent",52.650002,0,0,0.03324,0.182543,0.73964,0.004432,27.7,94.4,NA,NA,NA,0.012567,0.022302,0.194877,17.7,"high edi","Liberal democracy",NA,NA,NA,NA,NA,NA
"22944","LTU 2008","Lithuania 2008","Lithuania",2008,1.692,1.692,1.692,1.842,1.842,1.842,0.975,0.308,1.387,1.561,1.561,1.561,0.97,0.964,0.964,2.203,1.768,1.768,0.932,0.45,0.825,3,46.454,2,1,3.83846257565343,"E. Europe",0.55,0.54849078,0.8412,0.8448,0.8422,0.8401,0.8334,0.8218,0.9505,0.9539,0.9557,0.9573,0.9488,0.9446,1,"democracy",1,0,1,17,2.83321334405622,"Presidential",3,0.83256078,0.62246835,0,"VL",NA,"TPP",NA,"LRLS",NA,0.74883878,0,"LSDP",NA,"UTT",NA,"DP",NA,"independent",52.650002,0,0,0.00767,0.064616,-0.162288,0.349742,19.1,92.1,NA,NA,NA,0.012618,0.072365,-0.214846,24.8,"high edi","Liberal democracy",NA,NA,NA,NA,NA,NA
"22948","LTU 2012","Lithuania 2012","Lithuania",2012,0.945,0.945,1,1.842,1.842,1.842,0.408,0.408,0.408,1.561,1.561,1.561,0.974,0.974,0.97,2.735,2.735,2.203,0.932,0.544,0.84,3,51.162,2,1,3.93499706898797,"E. Europe",0.55,0.554907852,0.836,0.8334,0.8303,0.8289,0.8401,0.8422,0.9552,0.9528,0.9497,0.9435,0.9573,0.9557,1,"democracy",1,0,1,21,3.04452243772342,"Presidential",3,0.81793308,0.67842823,0,"LSDP",NA,"DP",NA,"UTT",NA,0.53411764,0,"VL",NA,"LRLS",NA,"DK",NA,"independent",NA,0,0,0.02598,0.168132,0.090055,0.273274,47.6,97.3,NA,NA,NA,0.022962,0.052171,0.150079,12.1,"high edi","Liberal democracy",NA,NA,NA,NA,NA,NA
"23125","LUX 1979","Luxembourg 1979","Luxembourg",1979,1.959,1.959,1.959,0.837,0.837,0.837,1.589,1.589,1.589,0.59,0.59,0.59,0.845,0.845,0.845,1.873,1.873,1.873,0.898,-0.474,0.872,3,59.029,1,5,4.0780288485704,"W. Europe, N. Am.",0.51,0.510837931,0.9925,0.9926,0.9925,0.9924,0.9926,0.9928,0.9886,0.9889,0.9889,0.9889,0.9883,0.9881,1,"democracy",1,0,0,90,4.49980967033027,"Parliamentary",5,0.72296894,0.48582995,55.799999,"PCS",34.5,"DP",21.299999,NA,0,0.5105263,42.700001,"POSL",24.299999,"Social Democrat",6,"Communist",5.8000002,"PCS",NA,0,0,0.024203,0.05706,-0.564136,0.908921,66.1,96.6,0.037,0.104,2.129,0.008769,0.012561,-0.471156,23.7,"high edi","Liberal democracy",0.0306015,0.08053,0.782432,0.024203,0.05706,-0.564136
"23130","LUX 1984","Luxembourg 1984","Luxembourg",1984,1.959,1.959,1.959,0.837,0.837,0.837,1.589,1.589,1.589,0.59,0.59,0.59,0.845,0.845,0.845,1.873,1.873,1.873,0.898,-0.474,0.871,3,64.16,1,5,4.16137996355826,"W. Europe, N. Am.",0.48,0.482003448,0.9922,0.9921,0.9921,0.992,0.9923,0.9924,0.9892,0.9894,0.9895,0.9896,0.9891,0.9889,1,"democracy",1,0,0,95,4.55387689160054,"Parliamentary",5,0.70089287,0.50724638,68.399994,"PCS",34.799999,"POSL",33.599998,NA,0,0.39215687,28.700001,"DP",18.700001,"PCL",4.9000001,"Ecologist",5.0999999,"PCS",NA,0,0,0.026603,0.058048,-0.074488,0.679575,71.9,100,0.037,0.104,1.025,0.007884,0.012702,0.036573,21.9,"high edi","Liberal democracy",0.0318015,0.081024,0.475256,0.026603,0.058048,-0.074488
"23135","LUX 1989","Luxembourg 1989","Luxembourg",1989,1.959,1.959,1.959,0.837,0.837,0.837,1.589,1.589,1.589,0.59,0.59,0.59,0.876,0.876,0.845,1.873,1.873,1.873,0.898,-0.474,0.869,3,88.383,1,5,4.48167964345779,"W. Europe, N. Am.",0.47,0.467285268,0.9917,0.9916,0.9917,0.9918,0.9918,0.992,0.9896,0.9897,0.9899,0.9898,0.9897,0.9896,1,"democracy",1,0,0,100,4.60517018598809,"Parliamentary",5,0.73018754,0.50769234,58.879997,"PCS",31.66,"POSL",27.219999,NA,0,0.59477127,36.940002,"DP",16.17,"CADJ",7.3099999,"Green",8.3500004,"PCS",NA,0,0,0.025413,0.054068,0,0.631175,66.7,93.4,0.039,0.104,1.025,0.006588,0.010614,0.030561,18.3,"high edi","Liberal democracy",0.0322065,0.079034,0.5125,0.025413,0.054068,0
"23140","LUX 1994","Luxembourg 1994","Luxembourg",1994,1.959,1.959,1.959,0.837,0.837,0.837,1.589,1.589,1.589,0.59,0.59,0.59,0.876,0.876,0.876,1.873,1.873,1.873,0.898,-0.474,0.87,3,112.578,1,5,4.72364631473329,"W. Europe, N. Am.",0.52,0.516890923,0.9919,0.992,0.9921,0.9921,0.9919,0.9918,0.99,0.9902,0.9902,0.9901,0.9899,0.9898,1,"democracy",1,0,0,105,4.65396035015752,"Parliamentary",5,0.75593215,0.50782359,56.25,"PCS",31.41,"POSL",24.84,NA,0,0.62770563,43.75,"DP",18.85,"CADJ",13.96,"Green",10.94,"PCS",NA,0,0,0.024121,0.051399,0.408423,0.5993,63.3,99.9,0.039,0.104,1.025,0.010188,0.016082,-0.13343,28.3,"high edi","Liberal democracy",0.0315605,0.0776995,0.7167115,0.024121,0.051399,0.408423
"23145","LUX 1999","Luxembourg 1999","Luxembourg",1999,1.959,1.959,1.959,0.837,0.837,0.837,1.589,1.589,1.589,0.59,0.59,0.59,0.876,0.876,0.876,1.873,1.873,1.873,0.898,-0.474,0.871,3,133.795,1,5,4.89630877778811,"W. Europe, N. Am.",0.5,0.50398,0.992,0.9919,0.9917,0.9916,0.992,0.9921,0.9897,0.9896,0.9895,0.9895,0.9898,0.9901,1,"democracy",1,0,0,110,4.70048036579242,"Parliamentary",4,0.78248578,0.49798387,54.400002,"PCS",30.200001,"POSL",24.200001,NA,0,0.64021164,45.599998,"DP",22,"CADJ",10.5,"Green",9.3000002,"PCS",NA,0,0,0.020392,0.044903,0,0.509375,53.4,98.4,0.039,0.104,1.025,0.011988,0.018982,-0.029381,33.3,"high edi","Liberal democracy",0.029696,0.0744515,0.5125,0.020392,0.044903,0
"23150","LUX 2004","Luxembourg 2004","Luxembourg",2004,1.959,1.959,1.959,0.837,0.837,0.837,1.589,1.589,1.589,0.59,0.59,0.59,0.876,0.876,0.876,1.873,1.873,1.873,0.898,-0.474,0.872,3,147.499,1,5,4.99382139609588,"W. Europe, N. Am.",0.53,0.526203333,0.991,0.9907,0.9904,0.9903,0.9914,0.9916,0.9892,0.9891,0.9888,0.989,0.9893,0.9895,1,"democracy",1,0,0,115,4.74493212836325,"Parliamentary",4,0.74971747,0.47795165,59.480003,"PCS",36.110001,"POSL",23.370001,NA,0,0.67099565,37.579998,"DP",16.049999,"Green",11.58,"ADR/CADJ",9.9499998,"PCS",NA,0,0,0.024221,0.054815,0.023183,0.627211,63.3,100,0.039,0.105,1.063,0.010224,0.016004,-0.07238,28.4,"high edi","Liberal democracy",0.0316105,0.0799075,0.5430915,0.024221,0.054815,0.023183
"23155","LUX 2009","Luxembourg 2009","Luxembourg",2009,1.959,1.959,1.959,0.837,0.837,0.837,1.589,1.589,1.589,0.59,0.59,0.59,0.876,0.876,0.876,1.873,1.873,1.873,0.898,-0.474,0.873,3,153.642,1,5,5.03462522083635,"W. Europe, N. Am.",0.46,0.456896667,0.9898,0.9895,0.9892,0.9891,0.9901,0.9903,0.9889,0.9886,0.9882,0.9878,0.989,0.989,1,"democracy",1,0,0,120,4.78749174278205,"Parliamentary",4,0.73672312,0.45614034,59.599998,"PCS",38.040001,"POSL",21.559999,NA,0,0.69999999,35.82,"DP",14.98,"Green",11.71,"ADR",8.1300001,"PCS",NA,0,0,0.024916,0.0574,0.054392,0.623737,65,98.4,0.039,0.105,1.006,0.009612,0.015018,-0.076155,26.7,"high edi","Liberal democracy",0.031958,0.0812,0.530196,0.024916,0.0574,0.054392
"23159","LUX 2013","Luxembourg 2013","Luxembourg",2013,1.959,1.959,1.959,0.837,0.837,0.837,1.589,1.589,1.589,0.59,0.59,0.59,0.876,0.876,0.876,1.873,1.873,1.873,0.898,-0.474,0.875,3,154.93,1,5,5.0429734020082,"W. Europe, N. Am.",0.49,0.491173333,0.9889,0.9888,0.9887,NA,0.9891,0.9892,0.9874,0.9871,0.9869,NA,0.9878,0.9882,1,"democracy",1,0,0,124,4.82028156560504,"Parliamentary",5,0.75819206,0.65524191,48.66,"DP",18.25,"POSL",20.280001,"Green",10.13,0.32010582,45.260002,"PCS",33.68,"ADR",6.6399999,"The Left",4.9400001,"DP",NA,0,0,0.019441,0.029921,0.370028,0.302702,53.4,96.7,0.036,0.058,0.167,0.028487,0.068465,0.572749,43.3,"high edi","Liberal democracy",0.0277205,0.0439605,0.268514,0.019441,0.029921,0.370028
"23174","MKD 1994","North Macedonia 1994","North Macedonia",1994,0.809,0.809,0.809,1.085,1.085,1.085,0.543,0.543,0.543,1.299,1.299,1.299,0.74,0.743,0.743,0.895,0.895,0.895,0.712,-0.06,0.317,1,16.125,3,1,2.78037086268184,"E. Europe",0.49,0.489582572,0.5401,0.5467,0.5506,0.5535,0.5345,0.5205,0.6288,0.6415,0.6444,0.6401,0.6288,0.6006,1,"democracy",1,0,0,4,1.38629436111989,"Parliamentary",2,0.67921042,0.60952383,0,"SDSM",NA,"RSM-LP",NA,"PDPSM",NA,0.86060607,0,"NDP",NA,"DPM",NA,"DPTM/PDP-IS",NA,"SDSM",NA,0,1,0.4176,0.14065,0,0.904075,72.5,86.6,0.576,0.194,-1.247,NA,NA,NA,NA,"low edi","Autocratic",0.4968,0.167325,-0.6235,0.4176,0.14065,0
"23178","MKD 1998","North Macedonia 1998","North Macedonia",1998,0.556,0.556,0.809,1.085,1.085,1.085,0.796,0.796,0.543,1.299,1.299,1.299,0.682,0.763,0.763,0.215,0.895,0.895,0.718,0.971,0.507,2,16.726,3,1,2.81696439495933,"E. Europe",0.46,0.464915868,0.5612,0.5678,0.5732,0.5817,0.5535,0.5506,0.6495,0.6549,0.649,0.6443,0.6401,0.6444,1,"democracy",1,0,0,8,2.07944154167984,"Parliamentary",2,0.69197482,0.49425286,59.099998,"VMRO-DPMNE",28.1,"PDP-DPA",19.299999,"LDP",7,0.30588236,36.900002,"SDSM",25.200001,"LDP",7,"SPM",4.6999998,"VMRO-DPMNE",NA,1,0,0.246432,0.102816,-0.22644,0.804168,40.8,89.1,0.604,0.252,1.971,0.091146,0.04578,-0.299391,25.8,"low edi","Electoral democracy",0.425216,0.177408,0.87228,0.246432,0.102816,-0.22644
"23182","MKD 2002","North Macedonia 2002","North Macedonia",2002,0.556,0.556,0.556,1.02,1.02,1.02,0.459,0.459,0.459,1.299,1.299,1.299,0.645,0.648,0.648,0.215,0.215,0.215,0.728,0.353,0.525,2,18.687,3,1,2.92782809494012,"E. Europe",0.5,0.503573263,0.5881,0.5904,0.5904,0.5876,0.5817,0.5732,0.6356,0.6176,0.5932,0.5535,0.6443,0.649,1,"democracy",1,0,0,12,2.484906649788,"Parliamentary",2,0.65826327,0.33684212,52.400002,"Together for Macedonia",40.5,"DUI",11.9,"LDP",0,0.41860464,36.099998,"VMRO-DPMNE-LPM",24.4,"DPA",5.1999998,"PDP",2.3,"Together for Macedonia",52.900002,0,1,0.12114,0.111728,-0.490477,0.534667,59.1,87.4,0.239,0.18,-1.356,0.129705,0.057897,0.44639,28.3,"low edi","Electoral democracy",0.18007,0.145864,-0.9232385,0.12114,0.111728,-0.490477
"23186","MKD 2006","North Macedonia 2006","North Macedonia",2006,0.211,0.367,0.465,0.522,0.522,0.671,0.34,0.34,0.459,0.77,1.162,1.299,0.598,0.599,0.62,0.49,0.49,0.34,0.727,0.216,0.598,2,22.07,3,1,3.09421922026864,"E. Europe",0.43,0.433261625,0.5912,0.5957,0.5982,0.5986,0.5876,0.5904,0.547,0.5385,0.4904,0.4019,0.5535,0.5932,1,"democracy",1,0,0,16,2.77258872223978,"Parliamentary",3,0.76008403,0.650168,69.290001,"VMRO-DPMNE",32.459999,"Together for Macedonia",23.27,"DPA",7.4699998,0.49666667,21.449999,"DUI",12.11,"VMRO-NP",6.0999999,"DOM",1.88,"SDSM",62.700001,0,0,0.217775,0.115684,0.026933,0.890125,60.1,85.1,0.257,0.18,-1.353,0.045102,0.05856,0.060188,25,"low edi","Electoral democracy",0.2373875,0.147842,-0.6630335,0.217775,0.115684,0.026933
"23188","MKD 2008","North Macedonia 2008","North Macedonia",2008,-0.406,-0.406,0.211,-0.149,0.121,0.522,-0.364,-0.298,0.34,0.658,0.711,0.77,0.447,0.5,0.598,0.488,0.49,0.49,0.717,0.216,0.552,2,24.401,3,1,3.19462411506591,"E. Europe",0.51,0.506748025,0.5982,0.5986,0.6034,0.6167,0.5957,0.5912,0.4904,0.4019,0.3338,0.3169,0.5385,0.547,1,"democracy",1,0,0,18,2.89037175789616,"Parliamentary",3,0.64817929,0.36585367,63.040001,"KzPM",48.799999,"DUI",12.77,"PEI",1.47,0.4224751,32.129997,"Sonce",23.65,"DPA",8.4799995,NA,0,"SDSM",62.700001,0,0,0.336574,0.10229,-0.184208,0.865358,55,80.8,0.21,0.18,-1.031,0.06768,0.050976,-0.01641,25.8,"low edi","Electoral democracy",0.273287,0.141145,-0.607604,0.336574,0.10229,-0.184208
"23191","MKD 2011","North Macedonia 2011","North Macedonia",2011,0.435,0.064,-0.406,-0.577,0.024,-0.232,-0.443,-0.52,-0.468,0.895,0.658,0.658,0.274,0.392,0.427,-1.04,-0.315,0.488,0.685,0.214,0.48,1,26.152,3,1,3.26392566942191,"E. Europe",0.43,0.428592857,0.6167,0.6334,0.6449,0.6538,0.6034,0.5986,0.3169,0.3195,0.2516,0.2008,0.3338,0.4019,1,"democracy",1,0,0,21,3.04452243772342,"Parliamentary",3,0.66213518,0.33802816,49.220001,"VMRO-DPMNE",38.98,"DUI",10.24,NA,0,0.32880846,41.349998,"SDAM",32.779999,"DPA",5.9000001,"NDR",2.6700001,"VMRO-DPMNE",63.139999,1,1,0.413729,0.105281,-0.54128,0.893061,57.7,87.8,0.831,0.185,1.907,0.06843,0.05691,-0.159644,30.1,"low edi","Autocratic",0.6223645,0.1451405,0.68286,0.413729,0.105281,-0.54128
"23194","MKD 2014","North Macedonia 2014","North Macedonia",2014,-0.35,0.287,0.435,-0.577,-0.577,-0.577,-0.463,-0.299,-0.299,0.895,0.895,0.895,0.192,0.2,0.2,-1.88,-1.88,-1.88,0.616,0.699,0.447,1,27.927,3,1,3.32959396280246,"E. Europe",0.44,0.441445502,0.6538,0.6576,NA,NA,0.6449,0.6334,0.2008,0.1815,NA,NA,0.2516,0.3195,1,"democracy",1,0,0,24,3.17805383034795,"Parliamentary",3,0.65573776,0.36677215,56.68,"VMRO-DPMNE",42.970001,"DUI",13.71,NA,0,0.35548171,35.670002,"SDSM",25.34,"DPA",5.9200001,"Coalition Citizen Option for Macedonia",2.8199999,"VMRO-DPMNE",55.279999,1,1,0.46041,0.121328,-0.969119,0.850432,65,98.3,0.841,0.185,1.65,0.108756,0.062391,-0.22803,33.3,"low edi","Autocratic",0.650705,0.153164,0.3404405,0.46041,0.121328,-0.969119
"23406","MLT 1976","Malta 1976","Malta",1976,0.603,0.603,0.603,0.869,0.869,0.869,1.669,1.669,1.669,0.301,0.301,0.301,0.704,0.704,0.704,1.131,1.131,1.131,0.522,-0.233,0.688,2,15.345,3,5,2.7307896880717,"W. Europe, N. Am.",0.34,0.339410909,0.1019,0.1201,0.1495,0.1944,0.0923,0.0871,0.1234,0.1461,0.1801,0.2292,0.1093,0.1,1,"democracy",1,0,0,13,2.56494935746154,"Parliamentary",3,0.50673074,0,51.5,"MLP",51.5,NA,0,NA,0,0,48.400002,"NP",48.400002,NA,0,NA,0,"MLP",NA,0,1,0.35041,0.342042,-0.64518,0.969119,52.3,100,0.67,0.654,-1.853,0.113049,0.323883,-0.12879,47.7,"high edi","Electoral democracy",0.510205,0.498021,-1.24909,0.35041,0.342042,-0.64518
"23411","MLT 1981","Malta 1981","Malta",1981,0.603,0.603,0.603,0.869,0.869,0.869,1.669,1.669,1.669,0.301,0.301,0.301,0.704,0.704,0.704,1.131,1.131,1.131,0.522,-0.233,0.672,2,22.228,3,5,3.10135275541767,"W. Europe, N. Am.",0.34,0.337837404,0.3194,0.3585,0.3825,0.3709,0.2608,0.1944,0.3607,0.3986,0.4253,0.4118,0.3019,0.2292,1,"democracy",1,0,0,18,2.89037175789616,"Parliamentary",3,0.50673074,0,49.07,"MLP",49.07,NA,0,NA,0,0,50.919998,"NP",50.919998,NA,0,NA,0,"MLP",NA,0,1,0.276667,0.338904,0.16935,0.956567,52.3,100,0.529,0.648,-1.829,0.15264,0.345825,-0.348687,47.7,"high edi","Electoral democracy",0.4028335,0.493452,-0.829825,0.276667,0.338904,0.16935
"23417","MLT 1987","Malta 1987","Malta",1987,1.533,1.533,0.603,0.88,0.88,0.869,1.669,1.669,1.669,0.301,0.301,0.301,0.752,0.752,0.704,1.131,1.131,1.131,0.563,-0.233,0.711,2,26.577,3,5,3.280046180098,"W. Europe, N. Am.",0.34,0.337837404,0.3904,0.4302,0.4864,0.5642,0.3912,0.3731,0.4389,0.4831,0.535,0.6118,0.4366,0.4153,1,"democracy",1,0,0,24,3.17805383034795,"Parliamentary",3,0.50480765,0,50.91,"NP",50.91,NA,0,NA,0,0,48.869999,"MLP",48.869999,NA,0,NA,0,"NP",NA,0,1,0.16224,0.364026,0.063973,0.369096,50.7,100,0.32,0.718,-0.728,0.337212,0.345593,-0.890851,49.3,"high edi","Electoral democracy",0.24112,0.541013,-0.3320135,0.16224,0.364026,0.063973
"23422","MLT 1992","Malta 1992","Malta",1992,1.533,1.533,1.533,0.88,0.88,0.88,1.669,1.669,1.669,0.301,0.301,0.301,0.752,0.752,0.752,1.131,1.131,1.131,0.563,-0.233,0.773,2,35.119,3,5,3.55874229455743,"W. Europe, N. Am.",0.34,0.338181159,0.7245,0.7851,0.8358,0.8653,0.6421,0.5642,0.767,0.8188,0.861,0.8876,0.6878,0.6118,1,"democracy",1,0,0,29,3.36729582998647,"Parliamentary",3,0.50673074,0,51.77,"NP",51.77,NA,0,NA,0,0,46.5,"MLP",46.5,NA,0,NA,0,"NP",NA,0,1,0.200309,0.141733,0.4599,0.667871,52.3,100,0.383,0.271,-1.277,0.132606,0.256149,-0.875772,47.7,"high edi","Electoral democracy",0.2916545,0.2063665,-0.40855,0.200309,0.141733,0.4599
"23426","MLT 1996","Malta 1996","Malta",1996,1.533,1.533,1.533,0.88,0.88,0.88,1.669,1.669,1.669,0.301,0.301,0.301,0.752,0.752,0.752,1.131,1.131,1.131,0.563,-0.233,0.786,2,41.544,3,5,3.72675310654202,"W. Europe, N. Am.",0.33,0.334632115,0.884,0.8947,0.9031,0.9085,0.8653,0.8358,0.9025,0.9098,0.9155,0.9163,0.8876,0.861,1,"democracy",1,0,0,33,3.49650756146648,"Parliamentary",3,0.50724638,0,50.700001,"MLP",50.700001,NA,0,NA,0,0,47.799999,"NP",47.799999,NA,0,NA,0,"MLP",NA,0,1,0.122694,0.321438,-0.42333,0.359463,50.7,100,0.242,0.634,-0.709,0.175015,0.128673,-0.125715,49.3,"high edi","Electoral democracy",0.182347,0.477719,-0.566165,0.122694,0.321438,-0.42333
"23428","MLT 1998","Malta 1998","Malta",1998,1.533,1.533,1.533,0.88,0.88,0.88,1.669,1.669,1.669,0.301,0.301,0.301,0.752,0.752,0.752,1.131,1.131,1.131,0.563,-0.233,0.788,2,46.046,3,5,3.82964089682218,"W. Europe, N. Am.",0.34,0.336555288,0.9031,0.9085,0.908,0.9019,0.8947,0.884,0.9155,0.9163,0.917,0.9099,0.9098,0.9025,1,"democracy",1,0,0,35,3.55534806148941,"Parliamentary",3,0.50480765,0,51.799999,"NP",51.799999,NA,0,NA,0,0,47,"MLP",47,NA,0,NA,0,"NP",NA,0,1,0.221118,0.28245,-0.457418,0.153868,53.8,100,0.411,0.525,-0.286,0.111804,0.149688,-0.331716,46.2,"high edi","Electoral democracy",0.316059,0.403725,-0.371709,0.221118,0.28245,-0.457418
"23433","MLT 2003","Malta 2003","Malta",2003,1.533,1.533,1.533,0.88,0.88,0.88,1.669,1.669,1.669,0.301,0.301,0.301,0.752,0.752,0.752,1.131,1.131,1.131,0.563,-0.233,0.787,2,52.859,3,5,3.96762799110087,"W. Europe, N. Am.",0.34,0.336555288,0.9074,0.9085,0.909,0.9088,0.9042,0.9019,0.9149,0.9156,0.9158,0.9135,0.9115,0.9099,1,"democracy",1,0,0,40,3.68887945411394,"Parliamentary",3,0.50480765,0,51.790001,"NP",51.790001,NA,0,NA,0,0,47.509998,"MLP",47.509998,NA,0,NA,0,"NP",NA,0,1,0.181306,0.135038,0.152308,0.128582,53.8,100,0.337,0.251,-0.239,0.103026,0.319242,-0.322014,46.2,"high edi","Electoral democracy",0.259153,0.193019,-0.043346,0.181306,0.135038,0.152308
"23438","MLT 2008","Malta 2008","Malta",2008,1.533,1.533,1.533,0.88,0.88,0.88,1.669,1.669,1.669,0.301,0.301,0.301,0.752,0.752,0.752,1.131,1.131,1.131,0.563,-0.233,0.807,2,57.919,3,5,4.05904548273505,"W. Europe, N. Am.",0.34,0.336555288,0.9124,0.9057,0.8984,0.8854,0.9153,0.9088,0.9078,0.9038,0.8971,0.8839,0.9136,0.9135,1,"democracy",1,0,0,45,3.80666248977032,"Parliamentary",3,0.50724638,0,49.34,"NP",49.34,NA,0,NA,0,0,48.790001,"MLP",48.790001,NA,0,NA,0,"NP",NA,0,1,0.131313,0.162747,0.457953,0.066924,50.7,100,0.259,0.321,0.132,0.109939,0.365313,-0.352988,49.3,"high edi","Electoral democracy",0.1951565,0.2418735,0.2949765,0.131313,0.162747,0.457953
"23443","MLT 2013","Malta 2013","Malta",2013,0.96,0.96,0.96,0.88,0.88,0.88,1.669,1.669,1.669,0.301,0.301,0.301,0.752,0.752,0.752,1.131,1.131,1.131,0.54,-0.233,0.791,2,63.201,3,5,4.14632012381244,"W. Europe, N. Am.",0.34,0.338181159,0.8582,0.8471,0.834,NA,0.8718,0.8854,0.8647,0.8557,0.8436,NA,0.8724,0.8839,1,"democracy",1,0,0,50,3.91202300542815,"Parliamentary",3,0.49872124,0,54.830002,"MLP",54.830002,NA,0,NA,0,0,43.34,"NP",43.34,NA,0,NA,0,"MLP",NA,0,1,0.197185,0.458215,0.066941,0.34465,56.5,100,0.349,0.811,0.61,0.112665,0.210105,0.05742,43.5,"high edi","Electoral democracy",0.2730925,0.6346075,0.3384705,0.197185,0.458215,0.066941
"23531","MUS 1976","Mauritius 1976","Mauritius",1976,1.108,1.108,1.108,2.264,2.264,2.264,1.662,1.662,1.662,-1.246,-1.246,-1.246,0.825,0.825,0.825,-0.38,-0.38,-0.38,0.889,0.282,0.659,2,14.775,8,4,2.69293656329216,"Sub-S. Africa",0.44,0.441153872,0.734,0.7456,0.7607,0.7826,0.7258,0.7196,0.7731,0.7773,0.7816,0.7874,0.7675,0.7619,1,"democracy",1,0,0,9,2.19722457733622,"Parliamentary",4,0.61076605,0.3984127,0,"Labour",NA,"PMSD",NA,"CAM",NA,0,0,"MMM",NA,NA,0,NA,0,"IP",NA,0,0,0.337478,0.232962,-0.19415,0.547634,51.4,100,0.665,0.516,-1.232,0.292086,0.393174,-0.221616,48.6,"high edi","Electoral democracy",0.501239,0.374481,-0.713075,0.337478,0.232962,-0.19415
"23537","MUS 1982","Mauritius 1982","Mauritius",1982,1.108,1.108,1.108,2.264,2.264,2.264,1.662,1.662,1.662,-1.246,-1.246,-1.246,0.825,0.825,0.825,-0.38,-0.38,-0.38,0.889,0.282,0.697,2,16.135,8,4,2.78099082550393,"Sub-S. Africa",0.4,0.399743934,0.8481,0.8543,0.8561,0.8469,0.8344,0.8124,0.8012,0.8026,0.8034,0.8026,0.7978,0.793,1,"democracy",1,0,0,15,2.70805020110221,"Parliamentary",NA,NA,NA,0,"MMM",NA,"PSM",NA,NA,NA,NA,0,"Liberal",NA,NA,0,NA,0,"MMM",NA,0,0,0.527745,0.665322,0.102704,1.12962,90.9,96.9,0.601,0.707,-1.237,NA,NA,NA,NA,"high edi","Electoral democracy",0.5643725,0.686161,-0.567148,0.527745,0.665322,0.102704
"23538","MUS 1983","Mauritius 1983","Mauritius",1983,1.108,1.108,1.108,2.264,2.264,2.264,1.662,1.662,1.662,-1.246,-1.246,-1.246,0.825,0.825,0.825,-0.38,-0.38,-0.38,0.889,0.282,0.702,2,16.585,8,4,2.80849867239902,"Sub-S. Africa",0.35,0.35060028,0.8543,0.8561,0.8469,0.8583,0.8481,0.8344,0.8026,0.8034,0.8026,0.8041,0.8012,0.7978,1,"democracy",1,0,0,16,2.77258872223978,"Parliamentary",3,0.55367529,0.25470653,0,"MSM/Labour",NA,"PMSD",NA,"OPR",NA,0,0,"MMM",NA,NA,0,NA,0,"MSM",NA,0,0,0.369891,0.344268,-0.17678,0.582759,65.7,97.1,0.563,0.524,-0.887,0.195622,0.156686,-0.388418,31.4,"high edi","Electoral democracy",0.4664455,0.434134,-0.53189,0.369891,0.344268,-0.17678
"23542","MUS 1987","Mauritius 1987","Mauritius",1987,1.108,1.108,1.108,2.264,2.264,2.264,1.662,1.662,1.662,-1.246,-1.246,-1.246,0.825,0.825,0.825,-0.38,-0.38,-0.38,0.889,0.282,0.71,3,21.162,8,4,3.05220712048197,"Sub-S. Africa",0.36,0.363303188,0.8626,0.8612,0.8559,0.85,0.8583,0.8469,0.8062,0.8072,0.8082,0.8086,0.8041,0.8026,1,"democracy",1,0,0,20,2.99573227355399,"Parliamentary",4,0.71055901,0.59130436,0,"MSM",NA,"Labour",NA,"PMSD",NA,0,0,"MMM",NA,NA,0,NA,0,"MSM",NA,0,0,0.337773,0.352869,-0.00714600000000001,0.232101,62.9,97.2,0.537,0.561,-0.369,0.190022,0.153664,-0.222264,34.3,"high edi","Liberal democracy",0.4373865,0.4569345,-0.188073,0.337773,0.352869,-0.00714600000000001
"23546","MUS 1991","Mauritius 1991","Mauritius",1991,0.862,0.862,0.862,2.264,2.264,2.264,1.662,1.662,1.662,-1.246,-1.246,-1.246,0.825,0.825,0.825,-0.38,-0.38,-0.38,0.821,0.282,0.718,3,25.504,8,4,3.2388353026078,"Sub-S. Africa",0.37,0.373241573,0.8351,0.8419,0.8331,0.8379,0.85,0.8559,0.8075,0.8084,0.8079,0.8084,0.8086,0.8082,1,"democracy",1,0,0,24,3.17805383034795,"Parliamentary",3,0.65128201,0.57159555,0,"MSM",NA,"MMM",NA,"MTD",NA,0.2857143,0,"Labour",NA,"PMSD",NA,NA,0,"MSM",NA,0,0,0.479566,0.438487,-0.458016,0.402442,86.4,97,0.556,0.561,-0.302,0.007425,0.003525,0.00585,1.5,"high edi","Liberal democracy",0.517783,0.4997435,-0.380008,0.479566,0.438487,-0.458016
"23550","MUS 1995","Mauritius 1995","Mauritius",1995,0.862,0.862,0.862,2.264,2.264,2.264,1.662,1.662,1.662,-1.246,-1.246,-1.246,0.825,0.825,0.825,-0.38,-0.38,-0.38,0.85,0.282,0.729,3,29.727,8,4,3.39205572374487,"Sub-S. Africa",0.41,0.407212322,0.8344,0.8528,0.8986,0.919,0.8379,0.8331,0.8085,0.8108,0.8161,0.8202,0.8084,0.8079,1,"democracy",1,0,0,28,3.3322045101752,"Parliamentary",3,0.52617663,0.49435028,0,"MLP",NA,"MMM",NA,NA,0,0,0,"OPR",NA,NA,0,NA,0,"MLP",NA,0,1,0.508886,0.519592,-0.5746,0.590092,90.9,90.9,0.564,0.66,-0.65,NA,NA,NA,NA,"high edi","Liberal democracy",0.536443,0.589796,-0.6123,0.508886,0.519592,-0.5746
"23555","MUS 2000","Mauritius 2000","Mauritius",2000,1.574,1.574,1.574,2.264,2.264,2.264,1.662,1.662,1.662,-0.794,-0.794,-0.794,0.88,0.88,0.88,0.92,0.92,0.92,0.875,0.282,0.736,3,34.492,8,4,3.54072741309008,"Sub-S. Africa",0.12,0.115934312,0.9228,0.9233,0.9218,0.9156,0.9249,0.919,0.8214,0.8205,0.8197,0.8177,0.8219,0.8202,1,"democracy",1,0,0,33,3.49650756146648,"Parliamentary",3,0.2347964,0,51.700001,"MSM-MMM",51.700001,NA,0,NA,0,0.42857143,36.57,"MLP-PMSD",36.57,"OPR",NA,NA,0,"MSM",NA,0,1,0.473824,0.490373,0.879716,0.28743,87.1,96.8,NA,NA,NA,0.054805,0.058491,-0.063923,9.7,"high edi","Liberal democracy",NA,NA,NA,0.473824,0.490373,0.879716
"23560","MUS 2005","Mauritius 2005","Mauritius",2005,1.574,1.574,1.574,2.264,2.264,2.264,1.662,1.662,1.662,-0.025,-0.025,-0.025,0.88,0.88,0.88,0.92,0.92,0.92,0.875,0.282,0.737,3,37.344,8,4,3.62017225610415,"Sub-S. Africa",0.2,0.202356563,0.9218,0.9301,0.932,0.93,0.9157,0.9156,0.8111,0.8063,0.7991,0.7892,0.8149,0.8177,1,"democracy",1,0,0,38,3.63758615972639,"Parliamentary",3,0.52670807,0,48.799999,"Social Alliance",48.799999,NA,0,NA,0,0.25396827,42.599998,"MSM-MMM",42.599998,"OPR",NA,NA,0,"MLP",NA,0,1,0.342,0.333,-0.80221,0.1866,60,94.3,NA,NA,NA,0.193452,0.156751,-0.093982,34.3,"high edi","Liberal democracy",NA,NA,NA,0.342,0.333,-0.80221
"23565","MUS 2010","Mauritius 2010","Mauritius",2010,1.744,1.744,1.744,2.264,2.264,2.264,1.662,1.662,1.662,-0.025,-0.025,-0.025,0.876,0.876,0.876,0.911,0.911,0.911,0.874,0.282,0.75,3,43.834,8,4,3.78040977195953,"Sub-S. Africa",0.35,0.352260538,0.9189,0.9079,0.8964,0.884,0.9265,0.93,0.7609,0.7488,0.7397,0.7339,0.7762,0.7892,1,"democracy",1,0,0,43,3.76120011569356,"Parliamentary",3,0.49658996,0,0,"Avenir",NA,NA,0,NA,0,0.307971,0,"Coeur",NA,"MR",NA,"FSM",NA,"MLP",NA,0,1,0.356222,0.357508,-0.05025,0.18647,64.3,92.9,NA,NA,NA,0.159302,0.16016,-0.183612,28.6,"high edi","Liberal democracy",NA,NA,NA,0.356222,0.357508,-0.05025
"23871","NZL 1975","New Zealand 1975","New Zealand",1975,1.153,1.153,1.153,1.802,1.802,1.802,2.611,2.611,2.611,1.831,1.831,1.831,0.937,0.937,0.924,2.023,2.023,1.598,0.875,-0.445,0.851,3,46.477,15,5,3.83895756657076,"W. Europe, N. Am.",0.31,0.313657311,0.8783,0.8861,0.8948,0.9038,0.8716,0.8651,0.963,0.9668,0.9702,0.9733,0.9597,0.9564,1,"democracy",1,0,0,119,4.77912349311153,"Parliamentary",3,0.47046244,0,47.200001,"National Party",47.200001,NA,0,NA,0,0,39.5,"Labour Party",39.5,NA,0,NA,0,"National Party",NA,0,1,0.128296,0.209192,0.34695,0.370352,63.2,100,0.203,0.331,0.586,0.034224,0.216752,-0.444544,36.8,"high edi","Liberal democracy",0.165648,0.270096,0.466475,0.128296,0.209192,0.34695
"23874","NZL 1978","New Zealand 1978","New Zealand",1978,1.153,1.153,1.153,1.802,1.802,1.802,2.611,2.611,2.611,1.831,1.831,1.831,0.937,0.937,0.937,2.023,2.023,2.023,0.875,-0.445,0.851,3,46.25,15,5,3.83406146395843,"W. Europe, N. Am.",0.31,0.313657311,0.9038,0.9132,0.9235,0.934,0.8948,0.8861,0.9733,0.9758,0.9783,0.9804,0.9702,0.9668,1,"democracy",1,0,0,122,4.80402104473326,"Parliamentary",3,0.5114668,1.110223e-16,39.799999,"National Party",39.799999,NA,0,NA,0,0.047619049,56.5,"Labour Party",40.400002,"Social Credit",16.1,NA,0,"National Party",NA,0,1,0.112462,0.156228,-0.041187,0.479764,55.4,100,0.203,0.282,0.866,0.040455,0.256215,-0.52548,43.5,"high edi","Liberal democracy",0.157731,0.219114,0.4124065,0.112462,0.156228,-0.041187
"23877","NZL 1981","New Zealand 1981","New Zealand",1981,1.153,1.153,1.153,1.802,1.802,1.802,2.611,2.611,2.611,1.831,1.831,1.831,0.937,0.937,0.937,2.023,2.023,2.023,0.875,-0.445,0.846,3,48.573,15,5,3.88306782097272,"W. Europe, N. Am.",0.34,0.340994912,0.934,0.9424,0.9499,0.9568,0.9235,0.9132,0.9804,0.9821,0.9839,0.9854,0.9783,0.9758,1,"democracy",1,0,0,125,4.8283137373023,"Parliamentary",3,0.52580029,0,38.779999,"National Party",38.779999,NA,0,NA,0,0.086868688,59.659996,"Labour Party",39.009998,"Social Credit",20.65,NA,0,"National Party",NA,0,1,0.103733,0.144102,0.483446,0.296891,51.1,100,0.203,0.282,0.581,0.043431,0.275063,-0.564136,46.7,"high edi","Liberal democracy",0.1533665,0.213051,0.532223,0.103733,0.144102,0.483446
"23880","NZL 1984","New Zealand 1984","New Zealand",1984,1.153,1.153,1.153,1.802,1.802,1.802,2.611,2.611,2.611,1.831,1.831,1.831,0.974,0.944,0.937,3.152,2.023,2.023,0.875,-0.445,0.863,3,51.93,15,5,3.94989665785623,"W. Europe, N. Am.",0.35,0.350551051,0.9568,0.9615,0.9644,0.9667,0.9499,0.9424,0.9854,0.9865,0.987,0.9876,0.9839,0.9821,1,"democracy",1,0,0,128,4.85203026391962,"Parliamentary",3,0.50571108,0,42.98,"Labour Party",42.98,NA,0,NA,0,0.099865049,43.52,"National Party",35.889999,"NZDP",7.6300001,NA,0,"Labour Party",NA,0,1,0.054777,0.332196,-0.02016,0.016492,58.9,99.9,0.093,0.564,-0.028,0.071965,0.109698,0.226009,38.9,"high edi","Liberal democracy",0.0738885,0.448098,-0.02408,0.054777,0.332196,-0.02016
"23883","NZL 1987","New Zealand 1987","New Zealand",1987,1.153,1.153,1.153,1.802,1.802,1.802,2.611,2.611,2.611,1.831,1.831,1.831,0.974,0.974,0.974,3.152,3.152,3.152,0.899,-0.445,0.865,3,54.456,15,5,3.99739303614565,"W. Europe, N. Am.",0.34,0.337157581,0.9667,0.9689,0.9707,0.9723,0.9644,0.9615,0.9876,0.9881,0.9884,0.9885,0.987,0.9865,1,"democracy",1,0,0,131,4.87519732320115,"Parliamentary",3,0.50571108,0,47.98,"Labour Party",47.98,NA,0,NA,0,0.099865049,49.760002,"National Party",44.02,"NZDP",5.7399998,NA,0,"Labour Party",NA,0,1,0.051428,0.249964,-0.269227,0.567502,59.8,100,0.086,0.418,0.949,0.047034,0.134268,0.348534,40.2,"high edi","Liberal democracy",0.068714,0.333982,0.3398865,0.051428,0.249964,-0.269227
"23886","NZL 1990","New Zealand 1990","New Zealand",1990,1.153,1.153,1.153,1.802,1.802,1.802,2.611,2.611,2.611,1.831,1.831,1.831,0.974,0.974,0.974,3.152,3.152,3.152,0.899,-0.445,0.872,3,54.819,15,5,4.00403684919057,"W. Europe, N. Am.",0.32,0.323899356,0.9723,0.9737,0.9743,0.9745,0.9707,0.9689,0.9885,0.9887,0.9886,0.9885,0.9884,0.9881,1,"democracy",1,0,0,134,4.89783979995091,"Parliamentary",3,0.42955327,0,47.799999,"National Party",47.799999,NA,0,NA,0,0.068965517,40.299999,"Labour Party",35.099998,"NLP",5.1999998,NA,0,"National Party",NA,0,1,0.080847,0.230794,0.613868,0.787049,69.1,100,0.117,0.334,1.139,0.026244,0.156863,0.184906,30.9,"high edi","Liberal democracy",0.0989235,0.282397,0.876434,0.080847,0.230794,0.613868
"23889","NZL 1993","New Zealand 1993","New Zealand",1993,1.153,1.153,1.153,1.802,1.802,1.802,2.611,2.611,2.611,1.831,1.831,1.831,0.974,0.974,0.974,3.152,3.152,3.152,0.899,-1.462,0.876,3,55.927,15,5,4.02404726891823,"W. Europe, N. Am.",0.25,0.249034507,0.9745,0.9751,0.9761,0.9759,0.9743,0.9737,0.9885,0.9888,0.9888,0.9887,0.9886,0.9887,1,"democracy",1,0,0,137,4.91998092582813,"Parliamentary",2,0.54298073,1.110223e-16,35.049999,"National Party",35.049999,NA,0,NA,0,0.15646258,61.290001,"Labour Party",34.68,"Alliance",18.209999,"NZ First",8.3999996,"National Party",NA,0,1,0.059085,0.13332,0.225784,0.743865,50.5,100,0.117,0.264,1.473,0.04415,0.265205,-0.2448,47.5,"high edi","Liberal democracy",0.0880425,0.19866,0.849392,0.059085,0.13332,0.225784
"23892","NZL 1996","New Zealand 1996","New Zealand",1996,1.153,1.153,1.153,1.802,1.802,1.802,2.611,2.611,2.611,1.831,1.831,1.831,0.974,0.974,0.974,3.152,3.152,3.152,0.899,0.778,0.877,3,61.185,15,5,4.11390206143763,"W. Europe, N. Am.",0.36,0.362005318,0.9759,0.9763,0.977,0.9776,0.9761,0.9751,0.9887,0.9888,0.989,0.9891,0.9888,0.9888,1,"democracy",1,0,0,140,4.9416424226093,"Parliamentary",3,0.74033606,0.40874317,47.18,"National Party",33.830002,"NZ First",13.35,NA,0,0.5488019,45.27,"Labour Party",28.190001,"Alliance",10.1,"ACT",6.0999999,"National Party",NA,0,0,0.088379,0.225682,-0.059052,0.546981,50.9,99.2,0.117,0.264,1.473,0.028302,0.172343,-0.088493,37.5,"high edi","Liberal democracy",0.1026895,0.244841,0.706974,0.088379,0.225682,-0.059052
"23895","NZL 1999","New Zealand 1999","New Zealand",1999,0.843,0.843,1.153,1.802,1.802,1.802,2.611,2.611,2.611,1.831,1.831,1.831,0.974,0.974,0.974,3.152,3.152,3.152,0.918,-0.469,0.882,3,64.5,15,5,4.16666522380173,"W. Europe, N. Am.",0.5,0.499464748,0.9776,0.9785,0.9797,0.9802,0.977,0.9763,0.9891,0.9893,0.9893,0.9894,0.989,0.9888,1,"democracy",1,0,0,143,4.96284463025991,"Parliamentary",4,0.71582627,0.42097902,51.639999,"Labour Party",38.740002,"Alliance",7.7399998,"Green",5.1599998,0.45003495,42.34,"National Party",30.5,"ACT",7.04,"NZ First",4.2600002,"Labour Party",NA,0,0,0.026106,0.247082,0.1727,0.461612,46.6,94.9,0.061,0.552,-0.807,0.0495,0.103575,0.6579,40,"high edi","Liberal democracy",0.043553,0.399541,-0.31715,0.026106,0.247082,0.1727
"23898","NZL 2002","New Zealand 2002","New Zealand",2002,0.847,0.843,0.843,1.802,1.802,1.802,2.611,2.611,2.611,1.831,1.831,1.831,0.974,0.974,0.974,3.152,3.152,3.152,0.918,-0.469,0.881,3,69.167,15,5,4.23652387026814,"W. Europe, N. Am.",0.48,0.477241415,0.9802,0.9796,0.9789,0.9777,0.9797,0.9785,0.9894,0.9895,0.9892,0.9888,0.9893,0.9893,1,"democracy",1,0,0,146,4.98360662170834,"Parliamentary",4,0.74009103,0.07267645,42.959999,"Labour Party",41.259998,"Progressive",1.7,NA,0,0.75349647,52.139999,"National Party",20.93,"NZ First",10.38,"ACT",7.1399999,"Labour Party",NA,0,0,0.026413,0.188355,-0.336748,0.349431,43.3,98.3,0.061,0.435,-0.807,0.071928,0.174699,0.442839,40.8,"high edi","Liberal democracy",0.0437065,0.3116775,-0.571874,0.026413,0.188355,-0.336748
"23901","NZL 2005","New Zealand 2005","New Zealand",2005,1.501,1.501,1.501,1.802,1.802,1.802,2.611,2.611,2.611,1.831,1.831,1.831,0.974,0.974,0.974,3.152,3.152,3.152,0.918,-0.469,0.881,3,73.048,15,5,4.29111675931404,"W. Europe, N. Am.",0.49,0.494048978,0.9777,0.9761,0.9752,0.9747,0.9789,0.9796,0.9888,0.988,0.9874,0.9866,0.9892,0.9895,1,"democracy",1,0,0,149,5.00394630594546,"Parliamentary",4,0.66969699,0.039215688,42.259998,"Labour Party",41.099998,"Progressive",1.16,NA,0,0.51428568,56.419998,"National Party",39.099998,"NZ First",5.7199998,"Green",5.3000002,"Labour Party",NA,0,0,0.025193,0.187915,0.025745,0.333291,41.3,91.8,0.061,0.455,-0.807,0.078531,0.185163,0.471007,50.5,"high edi","Liberal democracy",0.0430965,0.3214575,-0.3906275,0.025193,0.187915,0.025745
"23904","NZL 2008","New Zealand 2008","New Zealand",2008,1.501,1.501,1.501,1.802,1.802,1.802,1.921,2.611,2.611,1.831,1.831,1.831,0.974,0.974,0.974,3.152,3.152,3.152,0.918,-0.469,0.883,3,75.229,15,5,4.32053679491433,"W. Europe, N. Am.",0.43,0.426834931,0.9747,0.9737,0.9726,0.9708,0.9752,0.9761,0.9866,0.9858,0.985,0.9842,0.9874,0.988,1,"democracy",1,0,0,152,5.02388052084628,"Parliamentary",2,0.6461184,0.28687128,51.84,"National Party",44.93,"ACT",3.6500001,"Maori",2.3900001,0.31857765,41.620003,"Labour Party",33.990002,"Green",6.7199998,"Progressives",0.91000003,"National Party",NA,0,0,0.054625,0.1254,0,0.541975,47.5,90.1,0.115,0.264,1.141,0.023026,0.19721,-0.452932,42.6,"high edi","Liberal democracy",0.0848125,0.1947,0.5705,0.054625,0.1254,0
"23907","NZL 2011","New Zealand 2011","New Zealand",2011,1.749,1.749,1.324,1.802,1.802,1.802,2.639,2.639,2.639,1.831,1.831,1.831,0.974,0.974,0.974,3.152,3.152,3.152,0.918,-0.469,0.893,3,77.579,15,5,4.35129677200866,"W. Europe, N. Am.",0.43,0.426834931,0.9708,0.9696,0.9679,0.9663,0.9726,0.9737,0.9842,0.9832,0.9819,0.9811,0.985,0.9858,1,"democracy",1,0,0,155,5.04342511691925,"Parliamentary",2,0.67024791,0.14980158,50.420002,"National Party",47.310001,"Maori",1.4299999,"ACT",1.0700001,0.57393485,46.209999,"Labour Party",27.48,"Green",11.06,"NZ First",6.5900002,"National Party",NA,0,0,0.05612,0.128832,0.2022,0.556808,48.8,95.1,0.115,0.264,1.141,0.040499,0.238557,-0.489499,46.3,"high edi","Liberal democracy",0.08556,0.196416,0.6716,0.05612,0.128832,0.2022
"23910","NZL 2014","New Zealand 2014","New Zealand",2014,1.181,1.749,1.749,1.802,1.802,1.802,2.639,2.639,2.639,1.831,1.831,1.831,0.974,0.974,0.974,3.152,3.152,3.152,0.918,-0.469,0.886,3,79.883,15,5,4.38056306417689,"W. Europe, N. Am.",0.45,0.447129793,0.9663,0.9634,NA,NA,0.9679,0.9696,0.9811,0.9799,NA,NA,0.9819,0.9832,1,"democracy",1,0,0,158,5.06259503302697,"Parliamentary",2,0.66763085,0.12152778,49.27,"National Party",47.040001,"Maori",1.3200001,"ACT",0.69,0.59774435,44.489998,"Labour Party",25.129999,"Green",10.7,"NZ First",8.6599998,"National Party",NA,0,0,0.067952,0.130944,-1.564,0.565936,49.6,96.7,0.137,0.264,1.141,0.047271,0.237404,-0.567642,47.1,"high edi","Liberal democracy",0.102476,0.197472,-0.2115,0.067952,0.130944,-1.564
"24109","NOR 1977","Norway 1977","Norway",1977,2.764,2.764,2.764,2.836,2.836,2.836,2.112,2.112,2.112,1.819,1.819,1.819,0.984,0.984,0.984,2.693,2.693,2.693,0.971,0.624,0.845,3,56.088,2,5,4.02692188590467,"W. Europe, N. Am.",0.51,0.508948781,0.8607,0.8724,0.8845,0.8972,0.85,0.8399,0.9925,0.9926,0.9926,0.9927,0.9924,0.9923,1,"democracy",1,0,0,78,4.35670882668959,"Parliamentary",3,0.65875465,0.050616052,46.439999,"DNA",42.259998,"SV",4.1799998,NA,0,0.5974775,45.739998,"H",24.76,"KrF",12.41,"SP",8.5699997,"DNA",NA,0,0,0.01225,0.10976,0.28116,0.53998,49,97.4,0.025,0.224,-1.102,0.012211,0.069722,0.535344,48.4,"high edi","Liberal democracy",0.018625,0.16688,-0.41042,0.01225,0.10976,0.28116
"24113","NOR 1981","Norway 1981","Norway",1981,2.764,2.764,2.764,2.836,2.836,2.836,2.112,2.112,2.112,1.819,1.819,1.819,0.984,0.984,0.984,2.693,2.693,2.693,0.971,0.624,0.864,3,64.588,2,5,4.16802863501937,"W. Europe, N. Am.",0.44,0.444988035,0.9104,0.9226,0.934,0.9455,0.8972,0.8845,0.9929,0.9929,0.993,0.9931,0.9927,0.9926,1,"democracy",1,0,0,82,4.40671924726425,"Parliamentary",4,0.68806034,0.32821825,38.389999,"H",31.74,"SP",6.6500001,NA,0,0.4125855,59.91,"DNA",37.200001,"KrF",9.3800001,"SV",4.9400001,"H",NA,0,0,0.010681,0.050621,-0.022165,0.629859,41.9,93.5,0.026,0.051,1.742,0.0129,0.104235,-0.426407,51.6,"high edi","Liberal democracy",0.0183405,0.0508105,0.8599175,0.010681,0.050621,-0.022165
"24117","NOR 1985","Norway 1985","Norway",1985,2.764,2.764,2.764,2.836,2.836,2.836,2.112,2.112,2.112,1.819,1.819,1.819,0.984,0.984,0.984,2.693,2.693,2.693,0.971,0.075,0.865,3,72.614,2,5,4.28515774070556,"W. Europe, N. Am.",0.46,0.457708989,0.954,0.9601,0.9647,0.9682,0.9455,0.934,0.9932,0.9933,0.9934,0.9934,0.9931,0.993,1,"democracy",1,0,0,86,4.45434729625351,"Parliamentary",5,0.6884802,0.53013653,45.279999,"H",30.42,"KrF",8.2600002,"SP",6.5999999,0.22777778,53.700001,"DNA",40.799999,"SV",5.46,"Frp",3.72,"H",NA,0,0,0.012566,0.062104,0.18864,0.61221,49.6,98.6,0.026,0.05,1.742,0.011984,0.115988,-0.57545,49,"high edi","Liberal democracy",0.019283,0.056052,0.96532,0.012566,0.062104,0.18864
"24121","NOR 1989","Norway 1989","Norway",1989,2.764,2.764,2.764,2.836,2.836,2.836,2.112,2.112,2.112,1.819,1.819,1.819,0.984,0.984,0.984,2.693,2.693,2.693,0.971,0.624,0.864,3,75.952,2,5,4.33010156180896,"W. Europe, N. Am.",0.45,0.453721852,0.9714,0.9732,0.9742,0.9755,0.9682,0.9647,0.9933,0.9933,0.9932,0.9933,0.9934,0.9934,1,"democracy",1,0,0,90,4.49980967033027,"Parliamentary",5,0.76851445,0.57059759,37.200001,"H",22.200001,"KrF",8.5,"SP",6.5,0.55834758,57.700001,"DNA",34.299999,"Frp",13,"SV",10.1,"H",NA,0,0,0.00949,0.05145,0.014658,0.442184,37.6,99.4,0.026,0.05,1.742,0.017123,0.248495,-0.27507,61.8,"high edi","Liberal democracy",0.017745,0.050725,0.878329,0.00949,0.05145,0.014658
"24125","NOR 1993","Norway 1993","Norway",1993,2.764,2.764,2.764,2.836,2.836,2.836,2.112,2.112,2.112,1.819,1.819,1.819,0.984,0.984,0.984,2.693,2.693,2.693,0.971,0.642,0.882,3,83.837,2,5,4.42887443748978,"W. Europe, N. Am.",0.51,0.512737269,0.9758,0.9772,0.9777,0.9775,0.9755,0.9742,0.9934,0.9933,0.9933,0.9934,0.9933,0.9932,1,"democracy",1,0,0,94,4.54329478227,"Parliamentary",3,0.76137286,0,36.900002,"DNA",36.900002,NA,0,NA,0,0.78589839,60.599998,"SP",16.799999,"H",17,"SV",7.9000001,"DNA",NA,0,0,0.01015,0.090132,-0.097745,0.434826,40.6,98.9,0.025,0.222,-1.071,0.014902,0.212424,0.259181,58.3,"high edi","Liberal democracy",0.017575,0.156066,-0.5843725,0.01015,0.090132,-0.097745
"24129","NOR 1997","Norway 1997","Norway",1997,2.764,2.764,2.764,2.836,2.836,2.836,2.112,2.112,2.112,1.819,1.819,1.819,0.984,0.984,0.984,2.693,2.693,2.693,0.971,0.642,0.882,3,99.031,2,5,4.59543293243234,"W. Europe, N. Am.",0.5,0.504780103,0.9776,0.977,0.9761,0.9764,0.9775,0.9777,0.9934,0.9935,0.9935,0.9936,0.9934,0.9933,1,"democracy",1,0,0,98,4.58496747867057,"Parliamentary",5,0.77657068,0.57026714,26.1,"KrF",13.7,"SP",8,"V",4.4000001,0.64640814,74.300003,"DNA",35.5,"Frp",15.3,"H",14.3,"KrF",NA,0,0,0.005408,0.047486,0.279725,0.070401,21.9,95.9,0.025,0.107,0.349,0.020255,0.218022,0.170676,68.5,"high edi","Liberal democracy",0.015204,0.077243,0.3143625,0.005408,0.047486,0.279725
"24133","NOR 2001","Norway 2001","Norway",2001,2.764,2.764,2.764,2.836,2.836,2.836,2.112,2.112,2.112,1.819,1.819,1.819,0.984,0.984,0.984,2.693,2.693,2.693,0.971,0.617,0.889,3,114.422,2,5,4.73989336814925,"W. Europe, N. Am.",0.52,0.516951197,0.9762,0.976,0.9763,0.9763,0.9764,0.9761,0.9936,0.9936,0.9936,0.9935,0.9936,0.9935,1,"democracy",1,0,0,102,4.62497281328427,"Parliamentary",5,0.8209461,0.50555259,37.600002,"H",21.200001,"KrF",12.5,"V",3.9000001,0.71680945,58.849998,"DNA",24.4,"Frp",14.7,"SV",12.4,"KrF",NA,0,0,0.009075,0.025828,0.376226,0.447077,36.3,98.2,0.025,0.106,0.349,0.016082,0.23121,-0.235028,55.8,"high edi","Liberal democracy",0.0170375,0.065914,0.362613,0.009075,0.025828,0.376226
"24137","NOR 2005","Norway 2005","Norway",2005,2.764,2.764,2.764,2.836,2.836,2.836,2.112,2.112,2.112,1.819,1.819,1.819,0.984,0.984,0.984,2.693,2.693,2.693,0.971,0.185,0.893,3,133.91,2,5,4.89716793250747,"W. Europe, N. Am.",0.55,0.545432542,0.9758,0.9745,0.9724,0.9713,0.9763,0.9763,0.9933,0.9931,0.9928,0.9926,0.9935,0.9936,1,"democracy",1,0,0,106,4.66343909411207,"Parliamentary",5,0.78543258,0.46805668,48,"DNA",32.700001,"SV",8.8000002,"SP",6.5,0.68202347,48.799999,"Frp",22,"H",14.1,"KrF",6.8000002,"DNA",NA,0,0,0.012548,0.140103,0.171732,0.627297,51.5,100,0.026,0.224,-1.071,0.015703,0.195431,0.812879,48.5,"high edi","Liberal democracy",0.019274,0.1820515,-0.449634,0.012548,0.140103,0.171732
"24141","NOR 2009","Norway 2009","Norway",2009,2.764,2.764,2.764,2.836,2.836,2.836,2.112,2.112,2.112,1.819,1.819,1.819,0.984,0.984,0.984,2.693,2.693,2.693,0.971,0.185,0.898,3,139.555,2,5,4.93845878879228,"W. Europe, N. Am.",0.52,0.523647859,0.969,0.9677,0.9654,0.9629,0.9713,0.9724,0.9924,0.9921,0.9918,0.9915,0.9926,0.9928,1,"democracy",1,0,0,110,4.70048036579242,"Parliamentary",5,0.75859398,0.41833106,47.719997,"DNA",35.369999,"SV",6.1999998,"SP",6.1500001,0.61769027,49.57,"Frp",22.91,"H",17.24,"KrF",5.54,"DNA",NA,0,0,0.012205,0.138326,1.045688,0.590639,50.9,98.9,0.025,0.224,-1.071,0.036241,0.203479,0.89213,48,"high edi","Liberal democracy",0.0186025,0.181163,-0.012656,0.012205,0.138326,1.045688
"24145","NOR 2013","Norway 2013","Norway",2013,2.764,2.764,2.764,2.836,2.836,2.836,2.283,2.283,1.045,1.819,1.819,1.819,0.984,0.984,0.984,2.693,2.693,2.693,0.971,0.455,0.89,3,142.035,2,5,4.95607350610357,"W. Europe, N. Am.",0.51,0.5057546,0.96,0.9565,0.9527,NA,0.9629,0.9654,0.9913,0.9912,0.991,NA,0.9915,0.9918,1,"democracy",1,0,0,114,4.7361984483945,"Parliamentary",4,0.77820045,0.4757348,26.809999,"H",26.809999,"Frp",NA,NA,0,0.61426979,54.02,"DNA",30.84,"KrF",5.5900002,"Sp",5.48,"H",NA,0,0,0.014496,0.14326,-0.24433,0.884124,45.6,95.2,0.025,0.049,1.725,0.011282,0.121689,-0.338635,44.3,"high edi","Liberal democracy",0.019748,0.09613,0.740335,0.014496,0.14326,-0.24433
"24585","PRY 2003","Paraguay 2003","Paraguay",2003,-0.961,-0.961,-0.961,-0.018,-0.018,-0.018,-0.262,-0.262,-0.268,1.149,1.149,1.149,0.587,0.587,0.587,0.101,0.101,0.101,0.696,-1.462,0.566,2,12.454,18,2,2.52204185645026,"Latin Am.",0.38,0.324806291,0.3917,0.3791,0.373,0.375,0.4131,0.4351,0.4107,0.4063,0.4033,0.4032,0.4199,0.4296,1,"democracy",1,1,0,1,0,"Presidential",5,0.69398731,0,35.299999,"Colorado",35.299999,NA,0,NA,0,0.66666669,58.950001,"PLRA",25.68,"PQ",15.29,"UNCE",14.67,"Colorado",NA,0,0,0.406514,0.256039,0.008023,0.255113,46.3,97.6,0.878,0.553,0.551,0.297638,0.239359,1.262522,51.3,"low edi","Electoral democracy",0.642257,0.4045195,0.2795115,0.642257,0.4045195,0.2795115
"24590","PRY 2008","Paraguay 2008","Paraguay",2008,-0.847,-0.847,-0.847,0.972,0.972,0.972,0.288,0.288,0.095,1.194,1.194,1.194,0.773,0.773,0.773,1.268,1.268,1.268,0.802,1.328,0.62,2,14.457,18,2,2.67117872632631,"Latin Am.",0.46,0.210485871,0.3836,0.3962,0.4206,0.4533,0.3779,0.375,0.4081,0.4136,0.4225,0.438,0.405,0.4032,1,"democracy",1,0,0,6,1.79175946922805,"Presidential",5,0.71677214,0.24301076,0,"APC",NA,"PLRA",NA,"MPT",NA,0.53826529,0,"Colorado",NA,"UNACE",NA,"PPQ",NA,"APC",NA,0,0,0.152776,0.181506,0.05742,0.65403,33.8,93.9,NA,NA,NA,0.30975,0.152625,0.4665,37.5,"high edi","Electoral democracy",NA,NA,NA,NA,NA,NA
"24595","PRY 2013","Paraguay 2013","Paraguay",2013,-0.527,-0.527,-0.527,0.262,0.262,0.262,0.864,0.126,0.126,1.194,1.194,1.194,0.593,0.587,0.587,0.285,0.285,0.285,0.583,-0.996,0.589,2,17.453,18,2,2.8595115536427,"Latin Am.",0.48,0.209452755,0.511,0.5248,0.531,NA,0.4872,0.4533,0.465,0.4713,0.4736,NA,0.4542,0.438,1,"democracy",1,0,0,11,2.39789527279837,"Presidential",2,0.5830301,0,0,"Colorado",NA,NA,0,NA,0,0.44936976,0,"PLRA",NA,"UNACE",NA,"AP",NA,"Colorado",NA,0,1,0.45705,0.11715,-0.20933,0.91025,55,92.6,0.831,0.213,1.655,0.145002,0.181844,0.671944,33.8,"low edi","Electoral democracy",0.644025,0.165075,0.722835,0.644025,0.165075,0.722835
"24810","ROU 1992","Romania 1992","Romania",1992,-0.013,-0.443,-0.045,0.682,0.682,0.682,1.147,1.147,1.147,1.283,1.283,1.283,0.507,0.507,0.505,-0.428,-0.428,-0.428,0.522,-1.649,0.552,2,12.612,4,1,2.53464874168281,"E. Europe",0,0.363518154,0.4272,0.4431,0.456,0.4717,0.3962,0.3675,0.3797,0.405,0.4219,0.437,0.3315,0.2715,1,"democracy",1,0,0,2,0.693147180559945,"Presidential",4,0.81960922,0.51824671,42.34,"FSND",27.709999,"PUNR",7.71,"PRM",3.8900001,0.80350292,37.639999,"PD-FSN",10.18,"PNTCD",10.25,"UDMR",7.4499998,"independent",61.43,0,0,0.340309,0.234441,-0.409425,0.650231,43.1,83.8,NA,NA,NA,0.040824,0.03087,-0.020412,12.6,"low edi","Electoral democracy",NA,NA,NA,NA,NA,NA
"24822","ROU 2004","Romania 2004","Romania",2004,-2.024,-2.024,-1.129,0.682,0.682,0.682,1.292,1.292,1.292,1.283,1.283,1.283,0.706,0.706,0.613,1.043,1.043,0.3,0.664,-0.323,0.591,2,21.664,4,1,3.07565189672986,"E. Europe",0.5,0.594819612,0.5251,0.5447,0.5647,0.582,0.5045,0.4937,0.5101,0.5398,0.5674,0.5885,0.485,0.4661,1,"democracy",1,0,0,14,2.63905732961526,"Presidential",4,0.74385756,0.43085656,42.989998,"ADA",31.49,"UDMR",6.1999998,"PUR",5.3000002,0.42111802,44.489998,"PSD",31.5,"PRM",12.99,NA,0,"independent",51.23,0,0,0.00198,0.012342,0.923123,0.053064,6.6,94.7,NA,NA,NA,0,0,0,0,"low edi","Electoral democracy",NA,NA,NA,NA,NA,NA
"24826","ROU 2008","Romania 2008","Romania",2008,-2.703,-2.355,-2.024,0.77,0.77,0.77,1.448,1.448,1.448,1.512,1.512,1.512,0.791,0.783,0.778,1.577,1.577,1.421,0.719,0.383,0.625,2,29.84,4,1,3.39584977533556,"E. Europe",0.47,0.248056793,0.5935,0.603,0.6136,0.6289,0.582,0.5647,0.6049,0.6192,0.6353,0.6544,0.5885,0.5674,1,"democracy",1,0,0,18,2.89037175789616,"Presidential",4,0.72199744,0.50218338,65.459999,"PD-L",32.360001,"PSD-PC",33.099998,NA,0,0.54871798,27.639999,"PNL",18.57,"RMDSz",6.1700001,"Ethnic groups",2.9000001,"independent",51.23,0,0,0.203704,0.23246,0.05171,0.782603,68.5,100,NA,NA,NA,0.01482,0.032175,0.24375,24.9,"high edi","Electoral democracy",NA,NA,NA,NA,NA,NA
"24830","ROU 2012","Romania 2012","Romania",2012,-1.905,-1.905,-3.412,0.918,0.918,0.571,1.607,1.607,1.55,1.512,1.512,1.512,0.902,0.875,0.769,2.42,2.12,1.577,0.73,1.256,0.674,2,32.211,4,1,3.47230800912011,"E. Europe",0.48,0.233114689,0.6438,0.6534,0.6583,0.6611,0.6289,0.6136,0.6768,0.6967,0.7096,0.7155,0.6544,0.6353,1,"democracy",1,0,0,22,3.09104245335832,"Presidential",4,0.75767553,0.56369859,0,"PSD",NA,"PNL",NA,"PC",NA,0.64710742,0,"PLD",NA,"PP-DD",NA,"UDMR",NA,"independent",50.330002,0,0,0.104741,0.182783,0.00837999999999998,0.683402,60.7,95.6,NA,NA,NA,0.076494,0.099408,0.02394,11.4,"high edi","Electoral democracy",NA,NA,NA,NA,NA,NA
"25708","SVK 1994","Slovakia 1994","Slovakia",1994,0.44,0.44,0.44,0.655,0.655,0.777,0.909,0.909,0.909,0.149,0.149,0.149,0.725,0.725,0.733,1.913,1.913,1.913,0.604,-0.202,0.707,2,27.635,4,1,3.31908308528523,"E. Europe",0.46,0.460515195,0.5874,0.5866,0.5853,0.5846,0.5876,0.5859,0.6276,0.6286,0.6266,0.6254,0.6238,0.6094,1,"democracy",1,0,0,2,0.693147180559945,"Parliamentary",5,0.77861303,0.42873934,47.700001,"HZDS/RSS",34.959999,"ZRS",7.3400002,"SNS",5.4000001,0.76028949,39.239998,"SV",10.41,"MK",10.18,"UDH",10.08,"HZDS",NA,1,1,0.406668,0.279148,-1.221441,0.398654,55.4,99.4,0.798,0.449,0.04,0.005085,0.010283,0.161477,23.3,"high edi","Electoral democracy",0.602334,0.364074,-0.5907205,0.406668,0.279148,-1.221441
"25712","SVK 1998","Slovakia 1998","Slovakia",1998,0.816,0.816,0.672,1.662,1.662,1.71,1.598,1.598,0.909,1.819,1.819,0.149,0.878,0.878,0.838,1.952,1.952,1.952,0.7,-0.202,0.764,2,33.036,4,1,3.49759787594847,"E. Europe",0.52,0.523396787,0.5851,0.5833,0.5808,0.5768,0.5846,0.5853,0.6263,0.6207,0.6117,0.5995,0.6254,0.6266,1,"democracy",1,0,0,6,1.79175946922805,"Parliamentary",3,0.79498881,0.69682091,58.119999,"SDC",26.33,"PDL",14.66,"SMK",9.1199999,0.37719297,36.07,"MDS",27,"SNP",9.0699997,NA,0,"SDC",NA,0,0,0.0024,0.0153,-0.183938,0.0432,10,100,NA,NA,NA,0.312073,0.176409,-0.021808,46.7,"high edi","Electoral democracy",NA,NA,NA,0.0024,0.0153,-0.183938
"25716","SVK 2002","Slovakia 2002","Slovakia",2002,1.095,1.095,1.095,1.662,1.662,1.662,1.598,1.598,1.598,1.819,1.819,1.819,0.878,0.878,0.878,1.952,1.952,1.952,0.852,-0.202,0.847,3,36.68,4,1,3.60223164738826,"E. Europe",0.52,0.523396787,0.5728,0.5704,0.5686,0.5665,0.5768,0.5808,0.5873,0.5807,0.5775,0.5773,0.5995,0.6117,1,"democracy",1,0,0,10,2.30258509299405,"Parliamentary",5,0.84223717,0.74092573,42.510002,"SDKU",15.09,"SMK",11.16,"CDM",8.25,0.61463225,39.290001,"MDS",19.5,"Direction",13.46,"CPS",6.3299999,"SDKU",NA,0,0,0.011341,0.033409,0.718618,0.397235,32,100,0.045,0.099,1.817,0.211778,0.354894,-0.199878,68,"high edi","Liberal democracy",0.0281705,0.0662045,1.267809,0.011341,0.033409,0.718618
"25720","SVK 2006","Slovakia 2006","Slovakia",2006,0.964,0.999,0.999,1.597,1.597,1.662,0.777,0.777,0.777,1.379,1.379,1.379,0.858,0.867,0.878,1.602,1.798,1.952,0.852,-0.422,0.822,3,46.187,4,1,3.83269837321004,"E. Europe",0.56,0.564800796,0.5652,0.5652,0.5651,0.5632,0.5665,0.5686,0.5797,0.5828,0.585,0.5834,0.5773,0.5775,1,"democracy",1,0,0,14,2.63905732961526,"Parliamentary",4,0.79722595,0.57422972,49.66,"Direction",29.139999,"SNS",11.73,"LS-HZDS",8.79,0.64134616,38.350002,"SDKU-DS",18.360001,"SMK",11.68,"KDH",8.3100004,"Direction",NA,0,0,0.18096,0.308026,0.482504,0.523016,56.6,99.9,0.147,0.568,-1.054,0.01594,0.040954,0.570685,43.3,"high edi","Liberal democracy",0.16398,0.438013,-0.285748,0.18096,0.308026,0.482504
"25724","SVK 2010","Slovakia 2010","Slovakia",2010,1.035,0.94,0.886,1.207,1.562,1.562,1.387,1.387,1.278,1.379,1.379,1.379,0.845,0.857,0.864,1.602,1.602,1.602,0.852,-0.229,0.852,3,53.909,4,1,3.98729743985729,"E. Europe",0.53,0.531510541,0.563,0.5651,0.5663,0.5642,0.5632,0.5651,0.5909,0.6048,0.6199,0.6291,0.5834,0.585,1,"democracy",1,0,0,18,2.89037175789616,"Parliamentary",6,0.75552577,0.73872119,44.23,"SDKU-DS",15.42,"SaS",12.15,"KDH",8.5299997,0.22454728,39.879997,"Smer-SD",34.799999,"SNS",5.0799999,NA,0,"SDKU",NA,0,0,0.022718,0.07277,-0.19588,0.697738,43.4,100,NA,NA,NA,0.10249,0.21031,-0.373147,56.6,"high edi","Liberal democracy",NA,NA,NA,0.022718,0.07277,-0.19588
"25726","SVK 2012","Slovakia 2012","Slovakia",2012,0.968,1.035,1.035,1.207,1.207,1.207,1.644,1.644,1.387,1.379,1.379,1.379,0.843,0.845,0.845,1.602,1.602,1.602,0.844,-1.394,0.848,3,56.014,4,1,4.02560165949036,"E. Europe",0.5,0.503709002,0.5663,0.5642,0.5625,0.5623,0.5651,0.563,0.6199,0.6291,0.6338,0.6364,0.6048,0.5909,1,"democracy",1,0,0,20,2.99573227355399,"Parliamentary",2,0.6571812,0,44.419998,"Smer-SD",44.419998,NA,0,NA,0,0.80642247,24.27,"KDH",8.8199997,"OLanO",8.5600004,"MH",6.8899999,"Smer-SD",NA,0,1,0.159817,0.291984,0.41243,0.677978,55.3,100,0.289,0.528,-1.226,0.029125,0.120473,0.557581,44.7,"high edi","Liberal democracy",0.2244085,0.409992,-0.406785,0.159817,0.291984,0.41243
"25742","SVN 1992","Slovenia 1992","Slovenia",1992,1.533,1.533,1.533,1.286,1.286,1.286,2.085,2.085,2.085,0.848,0.848,0.848,0.905,0.905,0.898,2.224,2.224,2.224,0.887,-0.034,0.853,3,39.187,3,1,3.66834505914109,"E. Europe",0.4,0.403184715,0.902,0.9184,0.9252,0.929,0.8827,0.8526,0.7374,0.742,0.7459,0.7495,0.73,0.7225,1,"democracy",1,0,0,2,0.693147180559945,"Parliamentary",7,0.8905372,0.78694642,64.190002,"LDS",23.459999,"SKD",14.51,"ZL",13.58,0.81016642,23.99,"SNS",10.2,"SLS",8.6899996,"DSS",5.0999999,"LDS",NA,0,0,0.027236,0.067912,-0.492822,0.45974,40,87.8,0.056,0.13,-0.695,0.150294,0.181893,0.169391,31.1,"high edi","Liberal democracy",0.041618,0.098956,-0.593911,0.027236,0.067912,-0.492822
"25746","SVN 1996","Slovenia 1996","Slovenia",1996,0.989,0.989,0.989,1.286,1.286,1.286,2.085,2.085,2.085,0.848,0.848,0.848,0.905,0.905,0.905,2.224,2.224,2.224,0.886,-0.034,0.856,3,45.67,3,1,3.82144162719691,"E. Europe",0.57,0.567600653,0.9308,0.931,0.9308,0.931,0.929,0.9252,0.7513,0.7528,0.7535,0.7548,0.7495,0.7459,1,"democracy",1,0,0,6,1.79175946922805,"Parliamentary",5,0.82027167,0.59098637,50.709999,"LDS",27.01,"SLS",19.379999,"DESUS",4.3200002,0.72064775,38,"SDS",16.129999,"SKD",9.6199999,"ZLSD",9.0299997,"LDS",NA,0,0,0.058391,0.134871,-0.054606,0.386151,48.9,87.8,0.059,0.114,-0.479,0.098518,0.13347,0.070854,27.8,"high edi","Liberal democracy",0.0586955,0.1244355,-0.266803,0.058391,0.134871,-0.054606
"25750","SVN 2000","Slovenia 2000","Slovenia",2000,0.989,0.989,0.989,0.571,0.571,0.571,2.085,2.085,2.085,0.848,0.848,0.848,0.86,0.86,0.86,1.553,1.553,1.553,0.898,-0.034,0.843,3,53.069,3,1,3.97159295362477,"E. Europe",0.55,0.546875131,0.9284,0.9254,0.9204,0.9152,0.931,0.9308,0.7554,0.7547,0.7543,0.7527,0.7548,0.7535,1,"democracy",1,0,0,10,2.30258509299405,"Parliamentary",3,0.80299634,0.60193592,62.989998,"LDS",36.23,"ZLSD",12.07,"SLS",9.5299997,0.73588711,37.540001,"SDPS",15.8,"NS-CP",8.6599998,"SNP",4.3800001,"LDS",NA,0,0,0.079394,0.132386,-0.853647,0.491648,60,88.9,0.105,0.147,-0.479,0.026715,0.065959,0.044846,13.3,"high edi","Liberal democracy",0.092197,0.139693,-0.6663235,0.079394,0.132386,-0.853647
"25754","SVN 2004","Slovenia 2004","Slovenia",2004,0.027,0.027,0.027,0.571,0.571,0.571,1.989,2.085,2.085,0.848,0.848,0.848,0.84,0.84,0.834,1.553,1.553,1.553,0.92,0.318,0.828,3,59.722,3,1,4.08970046172844,"E. Europe",0.54,0.535357603,0.9156,0.9154,0.9154,0.9138,0.9152,0.9204,0.7524,0.7519,0.7506,0.749,0.7527,0.7543,1,"democracy",1,0,0,14,2.63905732961526,"Parliamentary",6,0.80474412,0.60119051,49.02,"SDS",29.07,"NSI",9.0900002,"SLS",6.8200002,0.57759786,39.77,"LDS",22.790001,"ZLSD",10.71,"SNS",6.27,"SDS",NA,0,0,0.244432,0.331074,-0.69462,0.865152,50,93.4,0.602,0.767,1.915,0.07361,0.112251,-0.167317,43.4,"high edi","Liberal democracy",0.423216,0.549037,0.61019,0.244432,0.331074,-0.69462
"25758","SVN 2008","Slovenia 2008","Slovenia",2008,1.066,1.066,0.235,1.321,1.321,0.571,2.214,2.214,1.964,1.066,1.066,0.848,0.876,0.871,0.842,1.815,1.673,1.673,0.918,0.155,0.829,3,67.962,3,1,4.21894872544663,"E. Europe",0.54,0.536522871,0.9127,0.9099,0.9071,0.9033,0.9138,0.9154,0.7473,0.7455,0.743,0.7416,0.749,0.7506,1,"democracy",1,0,0,18,2.89037175789616,"Parliamentary",7,0.772466,0.4994463,45.029999,"SD",30.450001,"Zares",9.3699999,"LDS",5.21,0.57676768,47.32,"SDS",29.26,"DeSUS",7.4499998,"SNS",5.4000001,"SD",NA,0,0,0.029568,0.152452,-0.338635,0.525358,47.8,97.9,0.064,0.392,-1.563,0.239583,0.339315,0.533081,50.1,"high edi","Liberal democracy",0.046784,0.272226,-0.9508175,0.029568,0.152452,-0.338635
"25761","SVN 2011","Slovenia 2011","Slovenia",2011,-0.014,-0.772,0.889,0.77,0.77,1.321,2.1,2.1,2.214,1.066,1.066,1.066,0.872,0.86,0.876,1.923,1.674,1.815,0.938,0.137,0.863,3,65.042,3,1,4.17503321507428,"E. Europe",0.52,0.521707316,0.9033,0.8956,0.8889,0.8842,0.9071,0.9099,0.7416,0.7423,0.7386,0.7368,0.743,0.7455,1,"democracy",1,0,0,21,3.04452243772342,"Parliamentary",8,0.79725343,0.58072013,44.869999,"SDS",26.190001,"DeSUS",6.9699998,"SLS",6.8299999,0.56425118,47.400002,"PS",28.51,"SD",10.52,"LGV",8.3699999,"SDS",NA,0,0,0.196447,0.288153,-0.00956299999999999,0.925093,42.3,93.4,0.584,0.781,2.461,0.049042,0.150828,-0.469254,42.2,"high edi","Liberal democracy",0.3902235,0.5345765,1.2257185,0.196447,0.288153,-0.00956299999999999
"25764","SVN 2014","Slovenia 2014","Slovenia",2014,1.055,1.459,0.754,1.299,1.299,1.299,2.331,2.331,2.1,1.066,1.066,1.066,0.896,0.896,0.895,1.979,1.979,1.923,0.954,0.195,0.865,3,65.225,3,1,4.17784283102279,"E. Europe",0.53,0.531528864,0.8842,0.8819,NA,NA,0.8889,0.8956,0.7368,0.7368,NA,NA,0.7386,0.7423,1,"democracy",1,0,0,24,3.17805383034795,"Parliamentary",5,0.76754057,0.47963801,50.640003,"SMC",34.490002,"DeSUS",10.18,"SD",5.9699998,0.61746031,32.279999,"SDS",20.709999,"ZL",5.98,"NSI",5.5900002,"SMC",NA,0,0,0.038651,0.138563,-0.547634,0.294957,57.8,93.4,0.066,0.196,-0.044,0.149597,0.21524,0.774181,28.9,"high edi","Liberal democracy",0.0523255,0.1672815,-0.295817,0.038651,0.138563,-0.547634
"25983","VUT 1983","Vanuatu 1983","Vanuatu",1983,0.743,0.743,0.743,2.124,2.124,2.124,2.168,2.168,2.168,1.701,1.701,1.701,0.854,0.854,0.854,1.768,1.768,1.768,0.814,-0.6,0.699,2,5.834,15,9,1.76370287144553,"Pacific",0.3,0.304108772,0.9531,0.956,0.9583,0.9594,0.9501,0.9444,0.7514,0.7505,0.7497,0.7487,0.7532,0.7548,1,"democracy",1,0,0,4,1.38629436111989,"Parliamentary",2,0.51351351,0,54.740002,"VP",54.740002,NA,0,NA,0,0.27472529,34.560001,"UMP",29.360001,"NAG",2.8800001,"Namake",2.3199999,"VP",NA,1,1,0.25596,0.2054,0,0.542888,63.2,94.8,0.405,0.325,-0.859,0.130508,0.1027,-0.269232,31.6,"high edi","Electoral democracy",0.33048,0.2652,-0.4295,0.25596,0.2054,0
"25987","VUT 1987","Vanuatu 1987","Vanuatu",1987,0.743,0.743,0.743,2.124,2.124,2.124,2.168,2.168,2.168,1.701,1.701,1.701,0.854,0.854,0.854,1.768,1.768,1.768,0.814,-0.6,0.684,2,5.786,15,9,1.75544120655394,"Pacific",0.36,0.356293117,0.96,0.9602,0.9595,0.9594,0.9594,0.9583,0.7482,0.7478,0.7479,0.747,0.7487,0.7497,1,"democracy",1,0,0,8,2.07944154167984,"Parliamentary",2,0.52077293,0,47,"VP",47,NA,0,NA,0,0.1,44.880001,"UMP",42,"independent",2.8800001,NA,0,"VP",NA,1,1,0.228825,0.183625,-0.20046,0.485335,56.5,97.8,0.405,0.325,-0.859,0.170569,0.134225,-0.351876,41.3,"high edi","Electoral democracy",0.3169125,0.2543125,-0.52973,0.228825,0.183625,-0.20046
"25991","VUT 1991","Vanuatu 1991","Vanuatu",1991,0.743,0.743,0.743,2.124,2.124,2.124,2.168,2.168,2.168,1.701,1.701,1.701,0.854,0.854,0.854,1.768,1.768,1.768,0.814,-0.6,0.683,2,5.946,15,9,1.78271872457591,"Pacific",0.33,0.334960386,0.9576,0.9553,0.952,0.9476,0.9594,0.9595,0.7458,0.7451,0.7424,0.739,0.747,0.7479,1,"democracy",1,0,0,12,2.484906649788,"Parliamentary",4,0.72173917,0.50344825,0,"UMP",NA,"NUP",NA,"Fren Melanesia",NA,0.40000001,0,"VP",NA,"MPP",NA,NA,0,"UMP",NA,0,0,0.258671,0.20475,-0.835113,0.540449,63,93.4,0.413,0.325,-0.852,0.123294,0.098539,-0.261571,30.4,"high edi","Electoral democracy",0.3358355,0.264875,-0.8435565,0.258671,0.20475,-0.835113
"25995","VUT 1995","Vanuatu 1995","Vanuatu",1995,2.215,0.743,0.743,2.124,2.124,2.124,2.079,1.064,2.168,1.701,1.701,1.701,0.854,0.854,0.854,1.768,1.768,1.768,0.832,-0.6,0.608,2,6.203,15,9,1.82503304599098,"Pacific",0.49,0.494710725,0.9412,0.9351,0.9341,0.9345,0.9476,0.952,0.736,0.7344,0.7344,0.7349,0.739,0.7424,1,"democracy",1,0,0,16,2.77258872223978,"Parliamentary",3,0.65024155,0.47076923,0,"UMP",NA,"NUP",NA,NA,0,0,0,"UF",NA,NA,0,NA,0,"UMP",NA,0,0,0.232386,0.18395,0.450423,0.485564,56.6,100.1,0.413,0.325,-0.852,0.17487,0.14268,-0.3654,43.5,"high edi","Electoral democracy",0.322693,0.254475,-0.2007885,0.232386,0.18395,0.450423
"25998","VUT 1998","Vanuatu 1998","Vanuatu",1998,1.831,1.831,1.831,2.124,2.124,2.124,2.079,2.079,2.079,1.701,1.701,1.701,0.854,0.854,0.854,1.768,1.768,1.768,0.832,-0.6,0.613,2,6.316,15,9,1.8430860963934,"Pacific",0.51,0.511363435,0.9345,0.9431,0.9478,0.9507,0.9341,0.9351,0.7349,0.7376,0.7388,0.739,0.7344,0.7344,1,"democracy",1,0,0,19,2.94443897916644,"Parliamentary",3,0.78230268,0.48768473,36.900002,"VP",21,"NUP",15.9,NA,0,0,20.1,"UMP",20.1,NA,0,NA,0,"VP",NA,1,0,0.226202,0.18135,-0.06864,0.481442,55.8,96.1,0.405,0.325,-0.859,0.095403,0.075075,-0.196812,23.1,"high edi","Electoral democracy",0.315601,0.253175,-0.46382,0.226202,0.18135,-0.06864
"26002","VUT 2002","Vanuatu 2002","Vanuatu",2002,1.831,1.831,1.831,2.124,2.124,2.124,2.079,2.079,2.079,1.701,1.701,1.701,0.854,0.854,0.854,1.768,1.768,1.768,0.832,-0.444,0.611,2,6.01,15,9,1.79342474854712,"Pacific",0.54,0.544019155,0.9522,0.9528,0.952,0.9547,0.9507,0.9478,0.7389,0.7384,0.7363,0.7351,0.739,0.7388,1,"democracy",1,0,0,23,3.13549421592915,"Parliamentary",3,0.81297123,0.51724136,32.099998,"UMP",15.1,"VP",17,NA,0,0.72794116,31.6,"NUP",13.6,"MPP",7.0999999,"GP",4.6999998,"VP",NA,1,0,0.227889,0.181025,0.003204,0.476447,55.7,84.6,0.405,0.325,-0.859,0.08613,0.068726,-0.183938,21.2,"high edi","Electoral democracy",0.3164445,0.2530125,-0.427898,0.227889,0.181025,0.003204
"26004","VUT 2004","Vanuatu 2004","Vanuatu",2004,1.831,1.831,1.831,2.124,2.124,2.124,2.079,2.079,2.079,1.701,1.701,1.701,0.854,0.854,0.854,1.768,1.768,1.768,0.832,-0.444,0.609,2,6.076,15,9,1.80434658473353,"Pacific",0.54,0.544019155,0.952,0.9547,0.9543,0.9546,0.9528,0.9522,0.7363,0.7351,0.7338,0.7322,0.7384,0.7389,1,"democracy",1,0,0,25,3.2188758248682,"Parliamentary",4,0.91053921,0.63809526,0,"NUP",NA,"VP",NA,"GP",NA,0.83152175,0,"UMP",NA,"PPP",NA,"VRP",NA,"NUP",NA,0,0,0.140322,0.11245,-0.076155,0.299134,34.6,88.5,0.406,0.325,-0.869,0.095345,0.074785,-0.195246,23.1,"high edi","Electoral democracy",0.273161,0.218725,-0.4725775,0.140322,0.11245,-0.076155
"26008","VUT 2008","Vanuatu 2008","Vanuatu",2008,1.388,1.831,1.831,2.124,2.124,2.124,2.079,2.079,2.079,1.701,1.701,1.701,0.869,0.854,0.854,1.768,1.768,1.768,0.832,-0.444,0.65,2,6.781,15,9,1.9141245837017,"Pacific",0.08,0.079943665,0.9529,0.9494,0.9465,0.943,0.9546,0.9543,0.7296,0.7262,0.7224,0.7185,0.7322,0.7338,1,"democracy",1,0,0,29,3.36729582998647,"Parliamentary",7,0.90076661,0.67193675,0,"VP",NA,"NUP",NA,"PAP",NA,0.83805555,0,"UMP",NA,"VRP",NA,"PPP",NA,"VP",NA,1,0,0.148384,0.11895,-0.333652,0.315934,36.6,79,0.405,0.325,-0.859,0.087479,0.068515,-0.178545,21.2,"high edi","Electoral democracy",0.276692,0.221975,-0.596326,0.148384,0.11895,-0.333652
"26311","HUN 1990","Hungary 1990","Hungary",1990,2.207,2.207,1.078,1.462,1.462,1.462,1.358,1.358,1.358,1.139,1.139,1.139,0.908,0.908,0.902,1.654,1.654,1.654,0.851,-0.433,0.803,2,26.095,4,1,3.26174372509538,"E. Europe",0,0,0.6973,0.7597,0.8125,0.8507,0.6098,0.4923,0.7014,0.7157,0.7278,0.7378,0.684,0.6609,1,"democracy",1,1,0,1,0,"Parliamentary",4,0.72096968,0.43909445,42.919998,"MDF",24.73,"FKg Party",11.73,"KDNP",6.46,0.5348134,41.23,"SzDSz",21.389999,"MSzP",10.89,"FiDeSz",8.9499998,"MDF",NA,0,0,0.067647,0.216729,-0.13343,0.17712,47.9,97.6,0.141,0.459,0.378,0.033642,0.106144,0.245178,38.3,"high edi","Electoral democracy",0.1043235,0.3378645,0.122285,0.067647,0.216729,-0.13343
"26315","HUN 1994","Hungary 1994","Hungary",1994,1.397,2.207,2.207,1.462,1.462,1.462,1.358,1.358,1.358,1.139,1.139,1.139,0.908,0.908,0.908,1.654,1.654,1.654,0.851,-0.433,0.846,3,26.277,4,1,3.26869403184906,"E. Europe",0.49,0.492032765,0.8796,0.9041,0.9127,0.9117,0.8507,0.8125,0.7462,0.7527,0.7565,0.7566,0.7378,0.7278,1,"democracy",1,0,0,5,1.6094379124341,"Parliamentary",3,0.65759146,0.37724659,52.730003,"MSzP",32.990002,"SzDSz",19.74,NA,0,0.77223301,34.610001,"MDF",11.74,"FKg Party",8.8199997,"UDNP",7.0300002,"MSzP",NA,0,0,0.063806,0.265025,-0.001976,0.838906,72,99.4,0.11,0.429,-1.102,0.012446,0.038024,0.079086,9.8,"high edi","Liberal democracy",0.086903,0.3470125,-0.551988,0.063806,0.265025,-0.001976
"26319","HUN 1998","Hungary 1998","Hungary",1998,1.485,1.088,2.172,1.462,1.462,1.462,1.358,1.358,1.358,1.139,1.139,1.139,0.908,0.908,0.908,1.654,1.654,1.654,0.851,-0.433,0.847,3,29.205,4,1,3.37433992749227,"E. Europe",0.44,0.437327565,0.9074,0.8954,0.8715,0.8493,0.9117,0.9127,0.7555,0.7523,0.7475,0.7429,0.7566,0.7565,1,"democracy",1,0,0,9,2.19722457733622,"Parliamentary",4,0.71347815,0.46797767,46.079998,"FiDeSz",29.48,"FKg Party",13.5,"MDF",3.0999999,0.37639469,54.269997,"MSzP",32.919998,"SzDSz",7.5700002,"MIEP",5.4699998,"FiDeSz",NA,0,0,0.041364,0.165839,0.379111,0.290697,38.3,95.2,0.108,0.433,0.759,0.049118,0.149718,-0.146902,44.5,"high edi","Liberal democracy",0.074682,0.2994195,0.5690555,0.041364,0.165839,0.379111
"26323","HUN 2002","Hungary 2002","Hungary",2002,1.485,1.485,1.485,1.462,1.462,1.462,1.358,1.358,1.358,1.139,1.139,1.139,0.908,0.908,0.908,1.654,1.654,1.654,0.837,-0.229,0.847,3,36.732,4,1,3.60364830975128,"E. Europe",0.47,0.474509515,0.8359,0.8281,0.8249,0.8217,0.8493,0.8715,0.7394,0.7368,0.7347,0.7338,0.7429,0.7475,1,"democracy",1,0,0,13,2.56494935746154,"Parliamentary",4,0.54887289,0.18253602,25.389999,"MSzP",24.35,"SzDSz",1.04,NA,0,1.110223e-16,22.540001,"FiDeSz-MPSz-MDF",22.540001,NA,0,NA,0,"MSzP",NA,0,0,0.029421,0.196165,-0.179949,0.640656,51.3,100,0.061,0.413,-1.268,0.0714,0.2227,0.2907,42.5,"high edi","Liberal democracy",0.0452105,0.3045825,-0.7239745,0.029421,0.196165,-0.179949
"26327","HUN 2006","Hungary 2006","Hungary",2006,1.297,0.928,0.928,1.565,1.565,1.565,1.365,1.365,1.173,1.139,1.139,1.139,0.904,0.904,0.904,1.654,1.654,1.654,0.862,-0.229,0.831,3,43.566,4,1,3.77427702962616,"E. Europe",0.36,0.3632577,0.8187,0.818,0.8158,0.8131,0.8217,0.8249,0.7338,0.7339,0.7335,0.7335,0.7338,0.7347,1,"democracy",1,0,0,17,2.83321334405622,"Parliamentary",3,0.52404284,0,54.400002,"MSzP-SzDSz",54.400002,NA,0,NA,0,0.11848933,45.34,"FiDeSz-MPSz-KDNP",42.490002,"MDF",2.8499999,NA,0,"MSzP",NA,0,1,0.040064,0.17046,0.210099,0.176996,54.4,99.7,NA,NA,NA,0.176813,0.278095,0.143171,45.3,"high edi","Liberal democracy",NA,NA,NA,0.040064,0.17046,0.210099
"26331","HUN 2010","Hungary 2010","Hungary",2010,-0.744,-0.603,-0.295,1.045,1.045,1.045,-0.333,-0.713,0.647,-0.283,-0.283,0.418,0.763,0.814,0.831,0.237,0.815,1.138,0.732,-1.005,0.81,2,44.881,4,1,3.80401454260614,"E. Europe",0.39,0.390957797,0.8035,0.7894,0.7693,0.7472,0.8131,0.8158,0.7328,0.7308,0.7298,0.7311,0.7335,0.7335,1,"democracy",1,0,0,21,3.04452243772342,"Parliamentary",3,0.49714017,0,0,"FiDeSz-CDPP",NA,NA,0,NA,0,0.60547352,0,"HSP",NA,"Jobbik",NA,"LMP",NA,"FiDeSz-MPSz",NA,0,1,0.389844,0.472164,0.41623,0.653268,58.8,99.7,0.663,0.803,1.111,0.105709,0.111053,0.025745,16.3,"high edi","Electoral democracy",0.526422,0.637582,0.763615,0.389844,0.472164,0.41623
"26335","HUN 2014","Hungary 2014","Hungary",2014,-0.891,-0.891,-0.891,1.045,1.045,1.045,1.021,1.021,1.331,0.892,0.892,0.892,0.75,0.742,0.742,-0.054,-0.2,-0.2,0.635,-1.005,0.667,2,47.48,4,1,3.86030856974147,"E. Europe",0.33,0.333794138,0.7312,0.7223,NA,NA,0.7472,0.7693,0.7338,0.7348,NA,NA,0.7311,0.7298,1,"democracy",1,0,0,25,3.2188758248682,"Parliamentary",3,0.50540584,0,44.5,"FiDeSz-CDPP",44.5,NA,0,NA,0,0.54965037,5.3000002,"Change of Government",NA,"Jobbik",NA,"LMP",5.3000002,"FiDeSz-MPSz",NA,0,1,0.516264,0.48216,-0.0153049999999999,0.871416,58.8,99,NA,NA,NA,0.167312,0.214832,-0.035637,36.7,"high edi","Electoral democracy",NA,NA,NA,0.516264,0.48216,-0.0153049999999999
